"ror_id","gisd_score","gisd_5","gisd_10","gisd_k","ror_name","year"
"0101",0.58279,4,7,2,"Schleswig-Holstein Mitte",1998
"0101",0.58348,4,7,2,"Schleswig-Holstein Mitte",1999
"0101",0.51508,4,7,2,"Schleswig-Holstein Mitte",2000
"0101",0.51543,4,7,2,"Schleswig-Holstein Mitte",2001
"0101",0.5066,3,6,2,"Schleswig-Holstein Mitte",2002
"0101",0.50623,3,6,2,"Schleswig-Holstein Mitte",2003
"0101",0.51915,4,7,2,"Schleswig-Holstein Mitte",2004
"0101",0.53895,4,7,2,"Schleswig-Holstein Mitte",2005
"0101",0.57145,4,7,2,"Schleswig-Holstein Mitte",2006
"0101",0.58917,4,7,2,"Schleswig-Holstein Mitte",2007
"0101",0.62622,4,7,2,"Schleswig-Holstein Mitte",2008
"0101",0.60488,3,6,2,"Schleswig-Holstein Mitte",2009
"0101",0.61763,4,7,2,"Schleswig-Holstein Mitte",2010
"0101",0.62151,4,7,2,"Schleswig-Holstein Mitte",2011
"0101",0.6446,4,7,2,"Schleswig-Holstein Mitte",2012
"0101",0.68863,4,7,2,"Schleswig-Holstein Mitte",2013
"0101",0.72048,4,7,2,"Schleswig-Holstein Mitte",2014
"0101",0.71866,4,7,2,"Schleswig-Holstein Mitte",2015
"0101",0.74121,4,8,2,"Schleswig-Holstein Mitte",2016
"0101",0.75276,4,7,2,"Schleswig-Holstein Mitte",2017
"0101",0.72661,4,7,2,"Schleswig-Holstein Mitte",2018
"0101",0.74153,4,7,2,"Schleswig-Holstein Mitte",2019
"0101",0.73103,4,7,2,"Schleswig-Holstein Mitte",2020
"0101",0.72812,4,7,2,"Schleswig-Holstein Mitte",2021
"0102",0.60933,4,7,2,"Schleswig-Holstein Nord",1998
"0102",0.63605,4,7,2,"Schleswig-Holstein Nord",1999
"0102",0.57402,4,7,2,"Schleswig-Holstein Nord",2000
"0102",0.60278,4,8,2,"Schleswig-Holstein Nord",2001
"0102",0.59372,4,8,2,"Schleswig-Holstein Nord",2002
"0102",0.57065,4,8,2,"Schleswig-Holstein Nord",2003
"0102",0.60539,4,8,2,"Schleswig-Holstein Nord",2004
"0102",0.63124,4,8,2,"Schleswig-Holstein Nord",2005
"0102",0.64136,4,8,2,"Schleswig-Holstein Nord",2006
"0102",0.70195,4,8,2,"Schleswig-Holstein Nord",2007
"0102",0.73112,4,8,2,"Schleswig-Holstein Nord",2008
"0102",0.71306,4,8,2,"Schleswig-Holstein Nord",2009
"0102",0.73159,5,9,3,"Schleswig-Holstein Nord",2010
"0102",0.71642,4,8,2,"Schleswig-Holstein Nord",2011
"0102",0.7557,4,8,2,"Schleswig-Holstein Nord",2012
"0102",0.78894,4,8,2,"Schleswig-Holstein Nord",2013
"0102",0.83369,5,9,3,"Schleswig-Holstein Nord",2014
"0102",0.82367,5,9,3,"Schleswig-Holstein Nord",2015
"0102",0.84107,5,9,3,"Schleswig-Holstein Nord",2016
"0102",0.85931,5,9,3,"Schleswig-Holstein Nord",2017
"0102",0.83794,5,9,3,"Schleswig-Holstein Nord",2018
"0102",0.83367,5,9,3,"Schleswig-Holstein Nord",2019
"0102",0.8283,5,9,3,"Schleswig-Holstein Nord",2020
"0102",0.83214,5,9,3,"Schleswig-Holstein Nord",2021
"0103",0.64668,4,8,2,"Schleswig-Holstein Ost",1998
"0103",0.67075,4,8,2,"Schleswig-Holstein Ost",1999
"0103",0.61785,4,8,2,"Schleswig-Holstein Ost",2000
"0103",0.63566,4,8,2,"Schleswig-Holstein Ost",2001
"0103",0.62975,4,8,2,"Schleswig-Holstein Ost",2002
"0103",0.5951,4,8,2,"Schleswig-Holstein Ost",2003
"0103",0.60036,4,8,2,"Schleswig-Holstein Ost",2004
"0103",0.64803,4,8,2,"Schleswig-Holstein Ost",2005
"0103",0.67161,4,8,2,"Schleswig-Holstein Ost",2006
"0103",0.68616,4,8,2,"Schleswig-Holstein Ost",2007
"0103",0.71555,4,8,2,"Schleswig-Holstein Ost",2008
"0103",0.69144,4,8,2,"Schleswig-Holstein Ost",2009
"0103",0.70257,4,8,2,"Schleswig-Holstein Ost",2010
"0103",0.73342,5,9,3,"Schleswig-Holstein Ost",2011
"0103",0.77445,5,9,3,"Schleswig-Holstein Ost",2012
"0103",0.79262,5,9,3,"Schleswig-Holstein Ost",2013
"0103",0.85394,5,9,3,"Schleswig-Holstein Ost",2014
"0103",0.83015,5,9,3,"Schleswig-Holstein Ost",2015
"0103",0.82576,5,9,3,"Schleswig-Holstein Ost",2016
"0103",0.84212,5,9,3,"Schleswig-Holstein Ost",2017
"0103",0.80253,5,9,3,"Schleswig-Holstein Ost",2018
"0103",0.81667,5,9,3,"Schleswig-Holstein Ost",2019
"0103",0.80336,4,8,2,"Schleswig-Holstein Ost",2020
"0103",0.77534,4,8,2,"Schleswig-Holstein Ost",2021
"0104",0.34986,2,3,2,"Schleswig-Holstein Süd",1998
"0104",0.3728,2,3,2,"Schleswig-Holstein Süd",1999
"0104",0.31704,1,2,1,"Schleswig-Holstein Süd",2000
"0104",0.32376,1,2,1,"Schleswig-Holstein Süd",2001
"0104",0.3124,1,2,1,"Schleswig-Holstein Süd",2002
"0104",0.29771,1,2,1,"Schleswig-Holstein Süd",2003
"0104",0.30393,1,2,1,"Schleswig-Holstein Süd",2004
"0104",0.32144,2,3,2,"Schleswig-Holstein Süd",2005
"0104",0.34775,2,3,2,"Schleswig-Holstein Süd",2006
"0104",0.34935,2,3,2,"Schleswig-Holstein Süd",2007
"0104",0.39765,2,3,2,"Schleswig-Holstein Süd",2008
"0104",0.37479,2,3,2,"Schleswig-Holstein Süd",2009
"0104",0.39109,2,3,2,"Schleswig-Holstein Süd",2010
"0104",0.4012,2,3,2,"Schleswig-Holstein Süd",2011
"0104",0.43937,2,3,2,"Schleswig-Holstein Süd",2012
"0104",0.46826,2,4,2,"Schleswig-Holstein Süd",2013
"0104",0.5121,2,4,2,"Schleswig-Holstein Süd",2014
"0104",0.50411,2,4,2,"Schleswig-Holstein Süd",2015
"0104",0.54364,2,4,2,"Schleswig-Holstein Süd",2016
"0104",0.54298,2,4,2,"Schleswig-Holstein Süd",2017
"0104",0.52776,2,4,2,"Schleswig-Holstein Süd",2018
"0104",0.54639,2,4,2,"Schleswig-Holstein Süd",2019
"0104",0.55507,2,4,2,"Schleswig-Holstein Süd",2020
"0104",0.5558,2,4,2,"Schleswig-Holstein Süd",2021
"0105",0.6156,4,8,2,"Schleswig-Holstein Süd-West",1998
"0105",0.65339,4,8,2,"Schleswig-Holstein Süd-West",1999
"0105",0.57669,4,8,2,"Schleswig-Holstein Süd-West",2000
"0105",0.59569,4,8,2,"Schleswig-Holstein Süd-West",2001
"0105",0.59963,4,8,2,"Schleswig-Holstein Süd-West",2002
"0105",0.55962,4,8,2,"Schleswig-Holstein Süd-West",2003
"0105",0.60209,4,8,2,"Schleswig-Holstein Süd-West",2004
"0105",0.60683,4,8,2,"Schleswig-Holstein Süd-West",2005
"0105",0.61514,4,7,2,"Schleswig-Holstein Süd-West",2006
"0105",0.62119,4,7,2,"Schleswig-Holstein Süd-West",2007
"0105",0.67571,4,8,2,"Schleswig-Holstein Süd-West",2008
"0105",0.66732,4,7,2,"Schleswig-Holstein Süd-West",2009
"0105",0.6863,4,8,2,"Schleswig-Holstein Süd-West",2010
"0105",0.70973,4,8,2,"Schleswig-Holstein Süd-West",2011
"0105",0.77047,5,9,3,"Schleswig-Holstein Süd-West",2012
"0105",0.76748,4,8,2,"Schleswig-Holstein Süd-West",2013
"0105",0.84912,5,9,3,"Schleswig-Holstein Süd-West",2014
"0105",0.83589,5,9,3,"Schleswig-Holstein Süd-West",2015
"0105",0.85655,5,9,3,"Schleswig-Holstein Süd-West",2016
"0105",0.86028,5,9,3,"Schleswig-Holstein Süd-West",2017
"0105",0.82354,5,9,3,"Schleswig-Holstein Süd-West",2018
"0105",0.83844,5,9,3,"Schleswig-Holstein Süd-West",2019
"0105",0.83989,5,9,3,"Schleswig-Holstein Süd-West",2020
"0105",0.83101,5,9,3,"Schleswig-Holstein Süd-West",2021
"0201",0.30874,1,2,1,"Hamburg",1998
"0201",0.33297,1,2,1,"Hamburg",1999
"0201",0.30258,1,2,1,"Hamburg",2000
"0201",0.28572,1,2,1,"Hamburg",2001
"0201",0.30544,1,2,1,"Hamburg",2002
"0201",0.28301,1,2,1,"Hamburg",2003
"0201",0.29078,1,2,1,"Hamburg",2004
"0201",0.30424,1,2,1,"Hamburg",2005
"0201",0.33577,2,3,2,"Hamburg",2006
"0201",0.34668,2,3,2,"Hamburg",2007
"0201",0.34824,1,2,1,"Hamburg",2008
"0201",0.34018,1,2,1,"Hamburg",2009
"0201",0.34654,1,2,1,"Hamburg",2010
"0201",0.3094,1,2,1,"Hamburg",2011
"0201",0.27941,1,1,1,"Hamburg",2012
"0201",0.26036,1,1,1,"Hamburg",2013
"0201",0.30263,1,1,1,"Hamburg",2014
"0201",0.28991,1,1,1,"Hamburg",2015
"0201",0.29732,1,1,1,"Hamburg",2016
"0201",0.29441,1,1,1,"Hamburg",2017
"0201",0.29618,1,1,1,"Hamburg",2018
"0201",0.29707,1,1,1,"Hamburg",2019
"0201",0.34003,1,1,1,"Hamburg",2020
"0201",0.31103,1,1,1,"Hamburg",2021
"0301",0.46638,3,5,2,"Braunschweig",1998
"0301",0.46,3,5,2,"Braunschweig",1999
"0301",0.43822,3,5,2,"Braunschweig",2000
"0301",0.42467,3,5,2,"Braunschweig",2001
"0301",0.46929,3,5,2,"Braunschweig",2002
"0301",0.46071,3,5,2,"Braunschweig",2003
"0301",0.42072,3,5,2,"Braunschweig",2004
"0301",0.4631,3,5,2,"Braunschweig",2005
"0301",0.47407,3,5,2,"Braunschweig",2006
"0301",0.44467,2,4,2,"Braunschweig",2007
"0301",0.47656,2,4,2,"Braunschweig",2008
"0301",0.46459,2,4,2,"Braunschweig",2009
"0301",0.4557,2,4,2,"Braunschweig",2010
"0301",0.47139,2,4,2,"Braunschweig",2011
"0301",0.43894,2,3,2,"Braunschweig",2012
"0301",0.44884,2,3,2,"Braunschweig",2013
"0301",0.47213,2,3,2,"Braunschweig",2014
"0301",0.47385,2,3,2,"Braunschweig",2015
"0301",0.49488,2,3,2,"Braunschweig",2016
"0301",0.51986,2,3,2,"Braunschweig",2017
"0301",0.50074,2,3,2,"Braunschweig",2018
"0301",0.50427,2,3,2,"Braunschweig",2019
"0301",0.52526,2,3,2,"Braunschweig",2020
"0301",0.50962,2,3,2,"Braunschweig",2021
"0302",0.53266,3,6,2,"Bremen-Umland",1998
"0302",0.5623,3,6,2,"Bremen-Umland",1999
"0302",0.48597,3,6,2,"Bremen-Umland",2000
"0302",0.47804,3,6,2,"Bremen-Umland",2001
"0302",0.47621,3,5,2,"Bremen-Umland",2002
"0302",0.47,3,5,2,"Bremen-Umland",2003
"0302",0.43615,3,5,2,"Bremen-Umland",2004
"0302",0.48259,3,6,2,"Bremen-Umland",2005
"0302",0.49007,3,6,2,"Bremen-Umland",2006
"0302",0.52253,3,6,2,"Bremen-Umland",2007
"0302",0.54721,3,6,2,"Bremen-Umland",2008
"0302",0.54628,3,5,2,"Bremen-Umland",2009
"0302",0.5558,3,6,2,"Bremen-Umland",2010
"0302",0.57197,3,6,2,"Bremen-Umland",2011
"0302",0.57782,3,6,2,"Bremen-Umland",2012
"0302",0.60389,3,6,2,"Bremen-Umland",2013
"0302",0.62234,3,6,2,"Bremen-Umland",2014
"0302",0.62571,3,6,2,"Bremen-Umland",2015
"0302",0.64184,3,6,2,"Bremen-Umland",2016
"0302",0.6768,3,6,2,"Bremen-Umland",2017
"0302",0.64314,3,6,2,"Bremen-Umland",2018
"0302",0.67513,3,6,2,"Bremen-Umland",2019
"0302",0.69955,3,6,2,"Bremen-Umland",2020
"0302",0.69366,4,7,2,"Bremen-Umland",2021
"0303",0.75168,5,9,3,"Bremerhaven",1998
"0303",0.75259,4,8,2,"Bremerhaven",1999
"0303",0.66673,4,8,2,"Bremerhaven",2000
"0303",0.66306,4,8,2,"Bremerhaven",2001
"0303",0.68192,4,8,2,"Bremerhaven",2002
"0303",0.67556,5,9,3,"Bremerhaven",2003
"0303",0.66613,4,8,2,"Bremerhaven",2004
"0303",0.70305,5,9,3,"Bremerhaven",2005
"0303",0.70162,4,8,2,"Bremerhaven",2006
"0303",0.73533,5,9,3,"Bremerhaven",2007
"0303",0.74194,5,9,3,"Bremerhaven",2008
"0303",0.75706,5,9,3,"Bremerhaven",2009
"0303",0.74881,5,9,3,"Bremerhaven",2010
"0303",0.7637,5,9,3,"Bremerhaven",2011
"0303",0.77708,5,9,3,"Bremerhaven",2012
"0303",0.8045,5,9,3,"Bremerhaven",2013
"0303",0.84378,5,9,3,"Bremerhaven",2014
"0303",0.85016,5,9,3,"Bremerhaven",2015
"0303",0.86201,5,9,3,"Bremerhaven",2016
"0303",0.89318,5,10,3,"Bremerhaven",2017
"0303",0.8664,5,10,3,"Bremerhaven",2018
"0303",0.87962,5,10,3,"Bremerhaven",2019
"0303",0.91591,5,10,3,"Bremerhaven",2020
"0303",0.91878,5,10,3,"Bremerhaven",2021
"0304",0.5836,4,7,2,"Emsland",1998
"0304",0.6099,4,7,2,"Emsland",1999
"0304",0.56743,4,7,2,"Emsland",2000
"0304",0.56921,4,7,2,"Emsland",2001
"0304",0.55682,4,7,2,"Emsland",2002
"0304",0.54954,4,7,2,"Emsland",2003
"0304",0.54306,4,7,2,"Emsland",2004
"0304",0.56101,4,7,2,"Emsland",2005
"0304",0.55979,4,7,2,"Emsland",2006
"0304",0.58341,4,7,2,"Emsland",2007
"0304",0.58917,3,6,2,"Emsland",2008
"0304",0.60707,4,7,2,"Emsland",2009
"0304",0.61525,4,7,2,"Emsland",2010
"0304",0.59566,3,6,2,"Emsland",2011
"0304",0.60973,3,6,2,"Emsland",2012
"0304",0.62746,3,6,2,"Emsland",2013
"0304",0.65802,3,6,2,"Emsland",2014
"0304",0.67617,4,7,2,"Emsland",2015
"0304",0.69787,4,7,2,"Emsland",2016
"0304",0.71321,4,7,2,"Emsland",2017
"0304",0.66756,4,7,2,"Emsland",2018
"0304",0.69751,4,7,2,"Emsland",2019
"0304",0.73727,4,7,2,"Emsland",2020
"0304",0.71217,4,7,2,"Emsland",2021
"0305",0.53996,3,6,2,"Göttingen",1998
"0305",0.57836,3,6,2,"Göttingen",1999
"0305",0.50643,3,6,2,"Göttingen",2000
"0305",0.50319,3,6,2,"Göttingen",2001
"0305",0.52328,3,6,2,"Göttingen",2002
"0305",0.53031,4,7,2,"Göttingen",2003
"0305",0.48201,3,6,2,"Göttingen",2004
"0305",0.52686,4,7,2,"Göttingen",2005
"0305",0.53314,3,6,2,"Göttingen",2006
"0305",0.54482,3,6,2,"Göttingen",2007
"0305",0.58193,3,6,2,"Göttingen",2008
"0305",0.55723,3,6,2,"Göttingen",2009
"0305",0.55014,3,6,2,"Göttingen",2010
"0305",0.55504,3,6,2,"Göttingen",2011
"0305",0.56371,3,6,2,"Göttingen",2012
"0305",0.58149,3,6,2,"Göttingen",2013
"0305",0.61239,3,6,2,"Göttingen",2014
"0305",0.61867,3,6,2,"Göttingen",2015
"0305",0.61308,3,6,2,"Göttingen",2016
"0305",0.62658,3,5,2,"Göttingen",2017
"0305",0.62755,3,6,2,"Göttingen",2018
"0305",0.64188,3,6,2,"Göttingen",2019
"0305",0.69704,3,6,2,"Göttingen",2020
"0305",0.62602,3,5,2,"Göttingen",2021
"0306",0.40048,2,4,2,"Hamburg-Umland-Süd",1998
"0306",0.437,2,4,2,"Hamburg-Umland-Süd",1999
"0306",0.43,3,5,2,"Hamburg-Umland-Süd",2000
"0306",0.40032,2,4,2,"Hamburg-Umland-Süd",2001
"0306",0.40553,2,4,2,"Hamburg-Umland-Süd",2002
"0306",0.36936,2,4,2,"Hamburg-Umland-Süd",2003
"0306",0.3731,2,4,2,"Hamburg-Umland-Süd",2004
"0306",0.4201,2,4,2,"Hamburg-Umland-Süd",2005
"0306",0.40437,2,4,2,"Hamburg-Umland-Süd",2006
"0306",0.43748,2,4,2,"Hamburg-Umland-Süd",2007
"0306",0.47748,2,4,2,"Hamburg-Umland-Süd",2008
"0306",0.46182,2,4,2,"Hamburg-Umland-Süd",2009
"0306",0.4577,2,4,2,"Hamburg-Umland-Süd",2010
"0306",0.47291,2,4,2,"Hamburg-Umland-Süd",2011
"0306",0.48516,2,4,2,"Hamburg-Umland-Süd",2012
"0306",0.49922,2,4,2,"Hamburg-Umland-Süd",2013
"0306",0.51944,2,4,2,"Hamburg-Umland-Süd",2014
"0306",0.52461,2,4,2,"Hamburg-Umland-Süd",2015
"0306",0.56022,2,4,2,"Hamburg-Umland-Süd",2016
"0306",0.56609,2,4,2,"Hamburg-Umland-Süd",2017
"0306",0.56251,3,5,2,"Hamburg-Umland-Süd",2018
"0306",0.58552,3,5,2,"Hamburg-Umland-Süd",2019
"0306",0.63059,3,5,2,"Hamburg-Umland-Süd",2020
"0306",0.60282,3,5,2,"Hamburg-Umland-Süd",2021
"0307",0.46262,3,5,2,"Hannover",1998
"0307",0.47866,3,5,2,"Hannover",1999
"0307",0.40906,2,4,2,"Hannover",2000
"0307",0.43121,3,5,2,"Hannover",2001
"0307",0.44318,3,5,2,"Hannover",2002
"0307",0.44598,3,5,2,"Hannover",2003
"0307",0.40321,2,4,2,"Hannover",2004
"0307",0.46177,3,5,2,"Hannover",2005
"0307",0.45861,3,5,2,"Hannover",2006
"0307",0.47865,3,5,2,"Hannover",2007
"0307",0.51625,3,5,2,"Hannover",2008
"0307",0.48196,3,5,2,"Hannover",2009
"0307",0.49033,3,5,2,"Hannover",2010
"0307",0.49273,3,5,2,"Hannover",2011
"0307",0.50476,3,5,2,"Hannover",2012
"0307",0.52265,3,5,2,"Hannover",2013
"0307",0.55364,3,5,2,"Hannover",2014
"0307",0.5495,2,4,2,"Hannover",2015
"0307",0.56492,3,5,2,"Hannover",2016
"0307",0.58154,2,4,2,"Hannover",2017
"0307",0.56754,3,5,2,"Hannover",2018
"0307",0.57001,3,5,2,"Hannover",2019
"0307",0.62098,3,5,2,"Hannover",2020
"0307",0.59378,3,5,2,"Hannover",2021
"0308",0.52879,3,6,2,"Hildesheim",1998
"0308",0.53916,3,6,2,"Hildesheim",1999
"0308",0.49479,3,6,2,"Hildesheim",2000
"0308",0.49244,3,6,2,"Hildesheim",2001
"0308",0.49249,3,5,2,"Hildesheim",2002
"0308",0.49732,3,6,2,"Hildesheim",2003
"0308",0.45507,3,5,2,"Hildesheim",2004
"0308",0.53062,4,7,2,"Hildesheim",2005
"0308",0.54258,4,7,2,"Hildesheim",2006
"0308",0.54211,3,6,2,"Hildesheim",2007
"0308",0.57339,3,6,2,"Hildesheim",2008
"0308",0.58288,3,6,2,"Hildesheim",2009
"0308",0.58684,3,6,2,"Hildesheim",2010
"0308",0.60769,4,7,2,"Hildesheim",2011
"0308",0.61781,4,7,2,"Hildesheim",2012
"0308",0.65192,4,7,2,"Hildesheim",2013
"0308",0.67785,4,7,2,"Hildesheim",2014
"0308",0.67845,4,7,2,"Hildesheim",2015
"0308",0.65968,3,6,2,"Hildesheim",2016
"0308",0.69156,3,6,2,"Hildesheim",2017
"0308",0.66913,4,7,2,"Hildesheim",2018
"0308",0.70418,4,7,2,"Hildesheim",2019
"0308",0.74795,4,8,2,"Hildesheim",2020
"0308",0.68886,3,6,2,"Hildesheim",2021
"0309",0.5934,4,7,2,"Lüneburg",1998
"0309",0.5893,4,7,2,"Lüneburg",1999
"0309",0.5572,4,7,2,"Lüneburg",2000
"0309",0.56858,4,7,2,"Lüneburg",2001
"0309",0.55626,4,7,2,"Lüneburg",2002
"0309",0.55622,4,7,2,"Lüneburg",2003
"0309",0.53824,4,7,2,"Lüneburg",2004
"0309",0.57179,4,7,2,"Lüneburg",2005
"0309",0.5774,4,7,2,"Lüneburg",2006
"0309",0.60213,4,7,2,"Lüneburg",2007
"0309",0.63842,4,7,2,"Lüneburg",2008
"0309",0.60495,4,7,2,"Lüneburg",2009
"0309",0.60496,4,7,2,"Lüneburg",2010
"0309",0.61013,4,7,2,"Lüneburg",2011
"0309",0.61767,4,7,2,"Lüneburg",2012
"0309",0.63211,3,6,2,"Lüneburg",2013
"0309",0.6609,3,6,2,"Lüneburg",2014
"0309",0.65423,3,6,2,"Lüneburg",2015
"0309",0.66674,3,6,2,"Lüneburg",2016
"0309",0.69893,4,7,2,"Lüneburg",2017
"0309",0.66524,3,6,2,"Lüneburg",2018
"0309",0.69221,4,7,2,"Lüneburg",2019
"0309",0.73468,4,7,2,"Lüneburg",2020
"0309",0.69187,3,6,2,"Lüneburg",2021
"0310",0.59846,4,7,2,"Oldenburg",1998
"0310",0.59894,4,7,2,"Oldenburg",1999
"0310",0.5694,4,7,2,"Oldenburg",2000
"0310",0.55915,4,7,2,"Oldenburg",2001
"0310",0.54838,4,7,2,"Oldenburg",2002
"0310",0.53766,4,7,2,"Oldenburg",2003
"0310",0.53465,4,7,2,"Oldenburg",2004
"0310",0.56991,4,7,2,"Oldenburg",2005
"0310",0.57289,4,7,2,"Oldenburg",2006
"0310",0.59443,4,7,2,"Oldenburg",2007
"0310",0.64481,4,7,2,"Oldenburg",2008
"0310",0.62473,4,7,2,"Oldenburg",2009
"0310",0.62263,4,7,2,"Oldenburg",2010
"0310",0.61788,4,7,2,"Oldenburg",2011
"0310",0.61032,3,6,2,"Oldenburg",2012
"0310",0.62799,3,6,2,"Oldenburg",2013
"0310",0.64844,3,6,2,"Oldenburg",2014
"0310",0.65362,3,6,2,"Oldenburg",2015
"0310",0.66406,3,6,2,"Oldenburg",2016
"0310",0.70012,4,7,2,"Oldenburg",2017
"0310",0.64946,3,6,2,"Oldenburg",2018
"0310",0.6824,3,6,2,"Oldenburg",2019
"0310",0.71374,4,7,2,"Oldenburg",2020
"0310",0.69097,3,6,2,"Oldenburg",2021
"0311",0.52674,3,6,2,"Osnabrück",1998
"0311",0.52807,3,6,2,"Osnabrück",1999
"0311",0.48529,3,6,2,"Osnabrück",2000
"0311",0.4817,3,6,2,"Osnabrück",2001
"0311",0.52069,3,6,2,"Osnabrück",2002
"0311",0.50703,4,7,2,"Osnabrück",2003
"0311",0.45472,3,5,2,"Osnabrück",2004
"0311",0.49665,3,6,2,"Osnabrück",2005
"0311",0.51184,3,6,2,"Osnabrück",2006
"0311",0.5342,3,6,2,"Osnabrück",2007
"0311",0.56939,3,6,2,"Osnabrück",2008
"0311",0.5659,3,6,2,"Osnabrück",2009
"0311",0.58252,3,6,2,"Osnabrück",2010
"0311",0.56046,3,6,2,"Osnabrück",2011
"0311",0.58041,3,6,2,"Osnabrück",2012
"0311",0.5791,3,6,2,"Osnabrück",2013
"0311",0.62201,3,6,2,"Osnabrück",2014
"0311",0.64434,3,6,2,"Osnabrück",2015
"0311",0.63622,3,6,2,"Osnabrück",2016
"0311",0.67259,3,6,2,"Osnabrück",2017
"0311",0.63591,3,6,2,"Osnabrück",2018
"0311",0.65066,3,6,2,"Osnabrück",2019
"0311",0.69264,3,6,2,"Osnabrück",2020
"0311",0.67729,3,6,2,"Osnabrück",2021
"0312",0.73963,4,8,2,"Ost-Friesland",1998
"0312",0.76979,5,9,3,"Ost-Friesland",1999
"0312",0.69308,4,8,2,"Ost-Friesland",2000
"0312",0.70472,4,8,2,"Ost-Friesland",2001
"0312",0.72467,5,9,3,"Ost-Friesland",2002
"0312",0.70982,5,9,3,"Ost-Friesland",2003
"0312",0.6957,5,9,3,"Ost-Friesland",2004
"0312",0.74421,5,9,3,"Ost-Friesland",2005
"0312",0.7684,5,9,3,"Ost-Friesland",2006
"0312",0.7621,5,9,3,"Ost-Friesland",2007
"0312",0.80854,5,9,3,"Ost-Friesland",2008
"0312",0.79223,5,9,3,"Ost-Friesland",2009
"0312",0.79771,5,9,3,"Ost-Friesland",2010
"0312",0.80291,5,9,3,"Ost-Friesland",2011
"0312",0.81404,5,9,3,"Ost-Friesland",2012
"0312",0.83183,5,9,3,"Ost-Friesland",2013
"0312",0.85991,5,9,3,"Ost-Friesland",2014
"0312",0.84747,5,9,3,"Ost-Friesland",2015
"0312",0.85337,5,9,3,"Ost-Friesland",2016
"0312",0.89709,5,10,3,"Ost-Friesland",2017
"0312",0.85006,5,9,3,"Ost-Friesland",2018
"0312",0.86717,5,10,3,"Ost-Friesland",2019
"0312",0.89662,5,10,3,"Ost-Friesland",2020
"0312",0.87871,5,9,3,"Ost-Friesland",2021
"0313",0.62031,4,8,2,"Südheide",1998
"0313",0.64328,4,8,2,"Südheide",1999
"0313",0.57598,4,8,2,"Südheide",2000
"0313",0.58535,4,7,2,"Südheide",2001
"0313",0.58936,4,8,2,"Südheide",2002
"0313",0.57646,4,8,2,"Südheide",2003
"0313",0.57723,4,8,2,"Südheide",2004
"0313",0.61745,4,8,2,"Südheide",2005
"0313",0.61798,4,8,2,"Südheide",2006
"0313",0.63588,4,7,2,"Südheide",2007
"0313",0.63509,4,7,2,"Südheide",2008
"0313",0.65243,4,7,2,"Südheide",2009
"0313",0.67869,4,8,2,"Südheide",2010
"0313",0.67377,4,8,2,"Südheide",2011
"0313",0.69406,4,8,2,"Südheide",2012
"0313",0.71246,4,8,2,"Südheide",2013
"0313",0.72199,4,7,2,"Südheide",2014
"0313",0.74836,4,8,2,"Südheide",2015
"0313",0.76133,4,8,2,"Südheide",2016
"0313",0.80167,4,8,2,"Südheide",2017
"0313",0.76672,4,8,2,"Südheide",2018
"0313",0.76111,4,8,2,"Südheide",2019
"0313",0.83192,5,9,3,"Südheide",2020
"0313",0.79151,4,8,2,"Südheide",2021
"0401",0.52213,3,6,2,"Bremen",1998
"0401",0.503,3,5,2,"Bremen",1999
"0401",0.46236,3,5,2,"Bremen",2000
"0401",0.44115,3,5,2,"Bremen",2001
"0401",0.4333,2,4,2,"Bremen",2002
"0401",0.42397,3,5,2,"Bremen",2003
"0401",0.46046,3,6,2,"Bremen",2004
"0401",0.46427,3,5,2,"Bremen",2005
"0401",0.45011,3,5,2,"Bremen",2006
"0401",0.48071,3,5,2,"Bremen",2007
"0401",0.48547,3,5,2,"Bremen",2008
"0401",0.49385,3,5,2,"Bremen",2009
"0401",0.49817,3,5,2,"Bremen",2010
"0401",0.53511,3,5,2,"Bremen",2011
"0401",0.54371,3,5,2,"Bremen",2012
"0401",0.5589,3,5,2,"Bremen",2013
"0401",0.61021,3,5,2,"Bremen",2014
"0401",0.60605,3,6,2,"Bremen",2015
"0401",0.62771,3,6,2,"Bremen",2016
"0401",0.68775,3,6,2,"Bremen",2017
"0401",0.66282,3,6,2,"Bremen",2018
"0401",0.69803,4,7,2,"Bremen",2019
"0401",0.72924,4,7,2,"Bremen",2020
"0401",0.73905,4,7,2,"Bremen",2021
"0501",0.5718,4,7,2,"Aachen",1998
"0501",0.58368,4,7,2,"Aachen",1999
"0501",0.51078,4,7,2,"Aachen",2000
"0501",0.52001,4,7,2,"Aachen",2001
"0501",0.53364,4,7,2,"Aachen",2002
"0501",0.52048,4,7,2,"Aachen",2003
"0501",0.53113,4,7,2,"Aachen",2004
"0501",0.56665,4,7,2,"Aachen",2005
"0501",0.59841,4,7,2,"Aachen",2006
"0501",0.64024,4,8,2,"Aachen",2007
"0501",0.66556,4,7,2,"Aachen",2008
"0501",0.67046,4,8,2,"Aachen",2009
"0501",0.67334,4,7,2,"Aachen",2010
"0501",0.65421,4,7,2,"Aachen",2011
"0501",0.65361,4,7,2,"Aachen",2012
"0501",0.70559,4,7,2,"Aachen",2013
"0501",0.73508,4,7,2,"Aachen",2014
"0501",0.74252,4,8,2,"Aachen",2015
"0501",0.73671,4,7,2,"Aachen",2016
"0501",0.74987,4,7,2,"Aachen",2017
"0501",0.73571,4,7,2,"Aachen",2018
"0501",0.73941,4,7,2,"Aachen",2019
"0501",0.74637,4,7,2,"Aachen",2020
"0501",0.74903,4,7,2,"Aachen",2021
"0502",0.47266,3,5,2,"Arnsberg",1998
"0502",0.50675,3,5,2,"Arnsberg",1999
"0502",0.4574,3,5,2,"Arnsberg",2000
"0502",0.4765,3,6,2,"Arnsberg",2001
"0502",0.51066,3,6,2,"Arnsberg",2002
"0502",0.48431,3,6,2,"Arnsberg",2003
"0502",0.48565,3,6,2,"Arnsberg",2004
"0502",0.50845,3,6,2,"Arnsberg",2005
"0502",0.52054,3,6,2,"Arnsberg",2006
"0502",0.55048,3,6,2,"Arnsberg",2007
"0502",0.56373,3,6,2,"Arnsberg",2008
"0502",0.58083,3,6,2,"Arnsberg",2009
"0502",0.5781,3,6,2,"Arnsberg",2010
"0502",0.57309,3,6,2,"Arnsberg",2011
"0502",0.59228,3,6,2,"Arnsberg",2012
"0502",0.60868,3,6,2,"Arnsberg",2013
"0502",0.62961,3,6,2,"Arnsberg",2014
"0502",0.64365,3,6,2,"Arnsberg",2015
"0502",0.67485,4,7,2,"Arnsberg",2016
"0502",0.68297,3,6,2,"Arnsberg",2017
"0502",0.63906,3,6,2,"Arnsberg",2018
"0502",0.63916,3,6,2,"Arnsberg",2019
"0502",0.65056,3,6,2,"Arnsberg",2020
"0502",0.64571,3,6,2,"Arnsberg",2021
"0503",0.43661,2,4,2,"Bielefeld",1998
"0503",0.45946,2,4,2,"Bielefeld",1999
"0503",0.39661,2,4,2,"Bielefeld",2000
"0503",0.40795,2,4,2,"Bielefeld",2001
"0503",0.4179,2,4,2,"Bielefeld",2002
"0503",0.41097,2,4,2,"Bielefeld",2003
"0503",0.40432,2,4,2,"Bielefeld",2004
"0503",0.4267,3,5,2,"Bielefeld",2005
"0503",0.43726,3,5,2,"Bielefeld",2006
"0503",0.47237,3,5,2,"Bielefeld",2007
"0503",0.50415,3,5,2,"Bielefeld",2008
"0503",0.54287,3,5,2,"Bielefeld",2009
"0503",0.53386,3,5,2,"Bielefeld",2010
"0503",0.53956,3,6,2,"Bielefeld",2011
"0503",0.56271,3,5,2,"Bielefeld",2012
"0503",0.60856,3,6,2,"Bielefeld",2013
"0503",0.63741,3,6,2,"Bielefeld",2014
"0503",0.64617,3,6,2,"Bielefeld",2015
"0503",0.64592,3,6,2,"Bielefeld",2016
"0503",0.68216,3,6,2,"Bielefeld",2017
"0503",0.64381,3,6,2,"Bielefeld",2018
"0503",0.65756,3,6,2,"Bielefeld",2019
"0503",0.67413,3,6,2,"Bielefeld",2020
"0503",0.67985,3,6,2,"Bielefeld",2021
"0504",0.55295,3,6,2,"Bochum/Hagen",1998
"0504",0.56356,3,6,2,"Bochum/Hagen",1999
"0504",0.49358,3,6,2,"Bochum/Hagen",2000
"0504",0.50419,3,6,2,"Bochum/Hagen",2001
"0504",0.50754,3,6,2,"Bochum/Hagen",2002
"0504",0.50172,3,6,2,"Bochum/Hagen",2003
"0504",0.49859,3,6,2,"Bochum/Hagen",2004
"0504",0.50843,3,6,2,"Bochum/Hagen",2005
"0504",0.54848,4,7,2,"Bochum/Hagen",2006
"0504",0.57875,4,7,2,"Bochum/Hagen",2007
"0504",0.62123,4,7,2,"Bochum/Hagen",2008
"0504",0.65071,4,7,2,"Bochum/Hagen",2009
"0504",0.63985,4,7,2,"Bochum/Hagen",2010
"0504",0.63699,4,7,2,"Bochum/Hagen",2011
"0504",0.65573,4,7,2,"Bochum/Hagen",2012
"0504",0.70747,4,7,2,"Bochum/Hagen",2013
"0504",0.74032,4,8,2,"Bochum/Hagen",2014
"0504",0.75548,4,8,2,"Bochum/Hagen",2015
"0504",0.76145,4,8,2,"Bochum/Hagen",2016
"0504",0.7986,4,8,2,"Bochum/Hagen",2017
"0504",0.77143,4,8,2,"Bochum/Hagen",2018
"0504",0.78999,4,8,2,"Bochum/Hagen",2019
"0504",0.82603,5,9,3,"Bochum/Hagen",2020
"0504",0.83226,5,9,3,"Bochum/Hagen",2021
"0505",0.28678,1,2,1,"Bonn",1998
"0505",0.30696,1,1,1,"Bonn",1999
"0505",0.26267,1,1,1,"Bonn",2000
"0505",0.25866,1,1,1,"Bonn",2001
"0505",0.27425,1,1,1,"Bonn",2002
"0505",0.25686,1,1,1,"Bonn",2003
"0505",0.25833,1,1,1,"Bonn",2004
"0505",0.27705,1,2,1,"Bonn",2005
"0505",0.31301,1,2,1,"Bonn",2006
"0505",0.34235,2,3,2,"Bonn",2007
"0505",0.39489,2,3,2,"Bonn",2008
"0505",0.37202,1,2,1,"Bonn",2009
"0505",0.36145,1,2,1,"Bonn",2010
"0505",0.35071,1,2,1,"Bonn",2011
"0505",0.36986,1,2,1,"Bonn",2012
"0505",0.41762,2,3,2,"Bonn",2013
"0505",0.43588,2,3,2,"Bonn",2014
"0505",0.42731,2,3,2,"Bonn",2015
"0505",0.44431,2,3,2,"Bonn",2016
"0505",0.45965,2,3,2,"Bonn",2017
"0505",0.42712,1,2,1,"Bonn",2018
"0505",0.44659,2,3,2,"Bonn",2019
"0505",0.44969,1,2,1,"Bonn",2020
"0505",0.45696,1,2,1,"Bonn",2021
"0506",0.60787,4,7,2,"Dortmund",1998
"0506",0.63113,4,7,2,"Dortmund",1999
"0506",0.54189,4,7,2,"Dortmund",2000
"0506",0.55342,4,7,2,"Dortmund",2001
"0506",0.54864,4,7,2,"Dortmund",2002
"0506",0.54717,4,7,2,"Dortmund",2003
"0506",0.56911,4,7,2,"Dortmund",2004
"0506",0.58385,4,7,2,"Dortmund",2005
"0506",0.63803,4,8,2,"Dortmund",2006
"0506",0.67206,4,8,2,"Dortmund",2007
"0506",0.70476,4,8,2,"Dortmund",2008
"0506",0.72109,4,8,2,"Dortmund",2009
"0506",0.73046,4,8,2,"Dortmund",2010
"0506",0.7312,4,8,2,"Dortmund",2011
"0506",0.74444,4,8,2,"Dortmund",2012
"0506",0.8028,5,9,3,"Dortmund",2013
"0506",0.8355,5,9,3,"Dortmund",2014
"0506",0.83472,5,9,3,"Dortmund",2015
"0506",0.82914,5,9,3,"Dortmund",2016
"0506",0.86878,5,9,3,"Dortmund",2017
"0506",0.83088,5,9,3,"Dortmund",2018
"0506",0.84857,5,9,3,"Dortmund",2019
"0506",0.85272,5,9,3,"Dortmund",2020
"0506",0.87162,5,9,3,"Dortmund",2021
"0507",0.57048,4,7,2,"Duisburg/Essen",1998
"0507",0.58544,4,7,2,"Duisburg/Essen",1999
"0507",0.49979,3,6,2,"Duisburg/Essen",2000
"0507",0.51267,3,6,2,"Duisburg/Essen",2001
"0507",0.51567,3,6,2,"Duisburg/Essen",2002
"0507",0.50504,3,6,2,"Duisburg/Essen",2003
"0507",0.51547,4,7,2,"Duisburg/Essen",2004
"0507",0.54803,4,7,2,"Duisburg/Essen",2005
"0507",0.5863,4,7,2,"Duisburg/Essen",2006
"0507",0.63136,4,7,2,"Duisburg/Essen",2007
"0507",0.66166,4,7,2,"Duisburg/Essen",2008
"0507",0.66993,4,8,2,"Duisburg/Essen",2009
"0507",0.67433,4,8,2,"Duisburg/Essen",2010
"0507",0.68263,4,8,2,"Duisburg/Essen",2011
"0507",0.69253,4,8,2,"Duisburg/Essen",2012
"0507",0.75266,4,8,2,"Duisburg/Essen",2013
"0507",0.80024,4,8,2,"Duisburg/Essen",2014
"0507",0.79928,4,8,2,"Duisburg/Essen",2015
"0507",0.81463,5,9,3,"Duisburg/Essen",2016
"0507",0.85117,5,9,3,"Duisburg/Essen",2017
"0507",0.81082,5,9,3,"Duisburg/Essen",2018
"0507",0.82953,5,9,3,"Duisburg/Essen",2019
"0507",0.83606,5,9,3,"Duisburg/Essen",2020
"0507",0.84082,5,9,3,"Duisburg/Essen",2021
"0508",0.39973,2,4,2,"Düsseldorf",1998
"0508",0.41451,2,4,2,"Düsseldorf",1999
"0508",0.3524,2,3,2,"Düsseldorf",2000
"0508",0.36778,2,4,2,"Düsseldorf",2001
"0508",0.38318,2,4,2,"Düsseldorf",2002
"0508",0.36691,2,4,2,"Düsseldorf",2003
"0508",0.35992,2,4,2,"Düsseldorf",2004
"0508",0.3873,2,4,2,"Düsseldorf",2005
"0508",0.42156,2,4,2,"Düsseldorf",2006
"0508",0.46837,3,5,2,"Düsseldorf",2007
"0508",0.49601,3,5,2,"Düsseldorf",2008
"0508",0.50111,3,5,2,"Düsseldorf",2009
"0508",0.50126,3,5,2,"Düsseldorf",2010
"0508",0.49132,3,5,2,"Düsseldorf",2011
"0508",0.50451,3,5,2,"Düsseldorf",2012
"0508",0.55677,3,5,2,"Düsseldorf",2013
"0508",0.58468,3,5,2,"Düsseldorf",2014
"0508",0.57066,3,5,2,"Düsseldorf",2015
"0508",0.57564,3,5,2,"Düsseldorf",2016
"0508",0.59477,3,5,2,"Düsseldorf",2017
"0508",0.57259,3,5,2,"Düsseldorf",2018
"0508",0.58261,3,5,2,"Düsseldorf",2019
"0508",0.59826,3,5,2,"Düsseldorf",2020
"0508",0.59593,3,5,2,"Düsseldorf",2021
"0509",0.64043,4,8,2,"Emscher-Lippe",1998
"0509",0.67477,4,8,2,"Emscher-Lippe",1999
"0509",0.59187,4,8,2,"Emscher-Lippe",2000
"0509",0.61992,4,8,2,"Emscher-Lippe",2001
"0509",0.60741,4,8,2,"Emscher-Lippe",2002
"0509",0.59181,4,8,2,"Emscher-Lippe",2003
"0509",0.60734,4,8,2,"Emscher-Lippe",2004
"0509",0.62988,4,8,2,"Emscher-Lippe",2005
"0509",0.66912,4,8,2,"Emscher-Lippe",2006
"0509",0.7241,5,9,3,"Emscher-Lippe",2007
"0509",0.75929,5,9,3,"Emscher-Lippe",2008
"0509",0.75351,5,9,3,"Emscher-Lippe",2009
"0509",0.77699,5,9,3,"Emscher-Lippe",2010
"0509",0.79137,5,9,3,"Emscher-Lippe",2011
"0509",0.79668,5,9,3,"Emscher-Lippe",2012
"0509",0.86089,5,10,3,"Emscher-Lippe",2013
"0509",0.9147,5,10,3,"Emscher-Lippe",2014
"0509",0.92151,5,10,3,"Emscher-Lippe",2015
"0509",0.93273,5,10,3,"Emscher-Lippe",2016
"0509",0.96669,5,10,3,"Emscher-Lippe",2017
"0509",0.91665,5,10,3,"Emscher-Lippe",2018
"0509",0.92589,5,10,3,"Emscher-Lippe",2019
"0509",0.93576,5,10,3,"Emscher-Lippe",2020
"0509",0.97207,5,10,3,"Emscher-Lippe",2021
"0510",0.36317,2,3,2,"Köln",1998
"0510",0.37554,2,3,2,"Köln",1999
"0510",0.31353,1,2,1,"Köln",2000
"0510",0.31194,1,2,1,"Köln",2001
"0510",0.342,1,2,1,"Köln",2002
"0510",0.33032,1,2,1,"Köln",2003
"0510",0.32796,2,3,2,"Köln",2004
"0510",0.363,2,4,2,"Köln",2005
"0510",0.39258,2,4,2,"Köln",2006
"0510",0.43275,2,4,2,"Köln",2007
"0510",0.44705,2,4,2,"Köln",2008
"0510",0.44229,2,4,2,"Köln",2009
"0510",0.44902,2,4,2,"Köln",2010
"0510",0.44698,2,4,2,"Köln",2011
"0510",0.43978,2,4,2,"Köln",2012
"0510",0.48338,2,4,2,"Köln",2013
"0510",0.50594,2,4,2,"Köln",2014
"0510",0.49899,2,3,2,"Köln",2015
"0510",0.51355,2,3,2,"Köln",2016
"0510",0.51073,2,3,2,"Köln",2017
"0510",0.49414,2,3,2,"Köln",2018
"0510",0.50338,2,3,2,"Köln",2019
"0510",0.5037,2,3,2,"Köln",2020
"0510",0.50642,2,3,2,"Köln",2021
"0511",0.34986,2,3,2,"Münster",1998
"0511",0.38703,2,3,2,"Münster",1999
"0511",0.35019,2,3,2,"Münster",2000
"0511",0.35003,2,3,2,"Münster",2001
"0511",0.3604,2,3,2,"Münster",2002
"0511",0.34471,2,3,2,"Münster",2003
"0511",0.34543,2,3,2,"Münster",2004
"0511",0.35387,2,3,2,"Münster",2005
"0511",0.38032,2,4,2,"Münster",2006
"0511",0.4001,2,4,2,"Münster",2007
"0511",0.43692,2,4,2,"Münster",2008
"0511",0.45386,2,4,2,"Münster",2009
"0511",0.44857,2,4,2,"Münster",2010
"0511",0.45361,2,4,2,"Münster",2011
"0511",0.47724,2,4,2,"Münster",2012
"0511",0.51666,2,4,2,"Münster",2013
"0511",0.54506,3,5,2,"Münster",2014
"0511",0.55497,3,5,2,"Münster",2015
"0511",0.57125,3,5,2,"Münster",2016
"0511",0.59489,3,5,2,"Münster",2017
"0511",0.55311,2,4,2,"Münster",2018
"0511",0.56487,2,4,2,"Münster",2019
"0511",0.56948,2,4,2,"Münster",2020
"0511",0.56886,2,4,2,"Münster",2021
"0512",0.4707,3,5,2,"Paderborn",1998
"0512",0.50448,3,5,2,"Paderborn",1999
"0512",0.45103,3,5,2,"Paderborn",2000
"0512",0.45763,3,5,2,"Paderborn",2001
"0512",0.47917,3,5,2,"Paderborn",2002
"0512",0.45993,3,5,2,"Paderborn",2003
"0512",0.45989,3,6,2,"Paderborn",2004
"0512",0.47085,3,6,2,"Paderborn",2005
"0512",0.49743,3,6,2,"Paderborn",2006
"0512",0.51916,3,6,2,"Paderborn",2007
"0512",0.54492,3,6,2,"Paderborn",2008
"0512",0.58006,3,6,2,"Paderborn",2009
"0512",0.56566,3,6,2,"Paderborn",2010
"0512",0.55801,3,6,2,"Paderborn",2011
"0512",0.5663,3,6,2,"Paderborn",2012
"0512",0.6128,3,6,2,"Paderborn",2013
"0512",0.66531,3,6,2,"Paderborn",2014
"0512",0.65577,3,6,2,"Paderborn",2015
"0512",0.67444,3,6,2,"Paderborn",2016
"0512",0.6641,3,6,2,"Paderborn",2017
"0512",0.61964,3,5,2,"Paderborn",2018
"0512",0.64268,3,6,2,"Paderborn",2019
"0512",0.64718,3,6,2,"Paderborn",2020
"0512",0.64541,3,6,2,"Paderborn",2021
"0513",0.37508,2,3,2,"Siegen",1998
"0513",0.40043,2,4,2,"Siegen",1999
"0513",0.38371,2,4,2,"Siegen",2000
"0513",0.39426,2,4,2,"Siegen",2001
"0513",0.42341,2,4,2,"Siegen",2002
"0513",0.39347,2,4,2,"Siegen",2003
"0513",0.38665,2,4,2,"Siegen",2004
"0513",0.40518,2,4,2,"Siegen",2005
"0513",0.39795,2,4,2,"Siegen",2006
"0513",0.42049,2,4,2,"Siegen",2007
"0513",0.44083,2,4,2,"Siegen",2008
"0513",0.47088,2,4,2,"Siegen",2009
"0513",0.48171,3,5,2,"Siegen",2010
"0513",0.45674,2,4,2,"Siegen",2011
"0513",0.4657,2,4,2,"Siegen",2012
"0513",0.5242,3,5,2,"Siegen",2013
"0513",0.52784,2,4,2,"Siegen",2014
"0513",0.56468,3,5,2,"Siegen",2015
"0513",0.55964,2,4,2,"Siegen",2016
"0513",0.55097,2,4,2,"Siegen",2017
"0513",0.52746,2,4,2,"Siegen",2018
"0513",0.54275,2,4,2,"Siegen",2019
"0513",0.59235,3,5,2,"Siegen",2020
"0513",0.58707,2,4,2,"Siegen",2021
"0601",0.44477,2,4,2,"Mittelhessen",1998
"0601",0.46709,3,5,2,"Mittelhessen",1999
"0601",0.41855,2,4,2,"Mittelhessen",2000
"0601",0.40615,2,4,2,"Mittelhessen",2001
"0601",0.40319,2,4,2,"Mittelhessen",2002
"0601",0.40207,2,4,2,"Mittelhessen",2003
"0601",0.39868,2,4,2,"Mittelhessen",2004
"0601",0.40204,2,4,2,"Mittelhessen",2005
"0601",0.4199,2,4,2,"Mittelhessen",2006
"0601",0.44593,3,5,2,"Mittelhessen",2007
"0601",0.48077,2,4,2,"Mittelhessen",2008
"0601",0.4776,2,4,2,"Mittelhessen",2009
"0601",0.47397,2,4,2,"Mittelhessen",2010
"0601",0.4716,2,4,2,"Mittelhessen",2011
"0601",0.48774,2,4,2,"Mittelhessen",2012
"0601",0.52688,3,5,2,"Mittelhessen",2013
"0601",0.55024,3,5,2,"Mittelhessen",2014
"0601",0.55395,3,5,2,"Mittelhessen",2015
"0601",0.57783,3,5,2,"Mittelhessen",2016
"0601",0.59384,3,5,2,"Mittelhessen",2017
"0601",0.57238,3,5,2,"Mittelhessen",2018
"0601",0.59001,3,5,2,"Mittelhessen",2019
"0601",0.59957,3,5,2,"Mittelhessen",2020
"0601",0.62212,3,5,2,"Mittelhessen",2021
"0602",0.49479,3,5,2,"Nordhessen",1998
"0602",0.51327,3,6,2,"Nordhessen",1999
"0602",0.49287,3,6,2,"Nordhessen",2000
"0602",0.46097,3,5,2,"Nordhessen",2001
"0602",0.46511,3,5,2,"Nordhessen",2002
"0602",0.45876,3,5,2,"Nordhessen",2003
"0602",0.45284,3,5,2,"Nordhessen",2004
"0602",0.46404,3,5,2,"Nordhessen",2005
"0602",0.47786,3,5,2,"Nordhessen",2006
"0602",0.49045,3,5,2,"Nordhessen",2007
"0602",0.5067,3,5,2,"Nordhessen",2008
"0602",0.51491,3,5,2,"Nordhessen",2009
"0602",0.50135,3,5,2,"Nordhessen",2010
"0602",0.49921,3,5,2,"Nordhessen",2011
"0602",0.53661,3,5,2,"Nordhessen",2012
"0602",0.56268,3,5,2,"Nordhessen",2013
"0602",0.58698,3,5,2,"Nordhessen",2014
"0602",0.57259,3,5,2,"Nordhessen",2015
"0602",0.60275,3,5,2,"Nordhessen",2016
"0602",0.60519,3,5,2,"Nordhessen",2017
"0602",0.57859,3,5,2,"Nordhessen",2018
"0602",0.59395,3,5,2,"Nordhessen",2019
"0602",0.6052,3,5,2,"Nordhessen",2020
"0602",0.63403,3,5,2,"Nordhessen",2021
"0603",0.39656,2,4,2,"Osthessen",1998
"0603",0.42054,2,4,2,"Osthessen",1999
"0603",0.39856,2,4,2,"Osthessen",2000
"0603",0.38607,2,4,2,"Osthessen",2001
"0603",0.36427,2,3,2,"Osthessen",2002
"0603",0.35863,2,3,2,"Osthessen",2003
"0603",0.36933,2,4,2,"Osthessen",2004
"0603",0.34669,2,3,2,"Osthessen",2005
"0603",0.36312,2,3,2,"Osthessen",2006
"0603",0.38412,2,3,2,"Osthessen",2007
"0603",0.41738,2,3,2,"Osthessen",2008
"0603",0.43456,2,4,2,"Osthessen",2009
"0603",0.41099,2,3,2,"Osthessen",2010
"0603",0.38745,2,3,2,"Osthessen",2011
"0603",0.43006,2,3,2,"Osthessen",2012
"0603",0.45397,2,3,2,"Osthessen",2013
"0603",0.46965,2,3,2,"Osthessen",2014
"0603",0.48537,2,3,2,"Osthessen",2015
"0603",0.51193,2,3,2,"Osthessen",2016
"0603",0.51074,2,3,2,"Osthessen",2017
"0603",0.4968,2,3,2,"Osthessen",2018
"0603",0.51643,2,3,2,"Osthessen",2019
"0603",0.53811,2,4,2,"Osthessen",2020
"0603",0.54439,2,3,2,"Osthessen",2021
"0604",0.24408,1,1,1,"Rhein-Main",1998
"0604",0.2784,1,1,1,"Rhein-Main",1999
"0604",0.2455,1,1,1,"Rhein-Main",2000
"0604",0.2072,1,1,1,"Rhein-Main",2001
"0604",0.20696,1,1,1,"Rhein-Main",2002
"0604",0.21101,1,1,1,"Rhein-Main",2003
"0604",0.20871,1,1,1,"Rhein-Main",2004
"0604",0.22027,1,1,1,"Rhein-Main",2005
"0604",0.23141,1,1,1,"Rhein-Main",2006
"0604",0.25073,1,1,1,"Rhein-Main",2007
"0604",0.26707,1,1,1,"Rhein-Main",2008
"0604",0.26024,1,1,1,"Rhein-Main",2009
"0604",0.2603,1,1,1,"Rhein-Main",2010
"0604",0.25199,1,1,1,"Rhein-Main",2011
"0604",0.27409,1,1,1,"Rhein-Main",2012
"0604",0.30762,1,1,1,"Rhein-Main",2013
"0604",0.31817,1,1,1,"Rhein-Main",2014
"0604",0.31175,1,1,1,"Rhein-Main",2015
"0604",0.34123,1,1,1,"Rhein-Main",2016
"0604",0.33951,1,1,1,"Rhein-Main",2017
"0604",0.33196,1,1,1,"Rhein-Main",2018
"0604",0.34953,1,1,1,"Rhein-Main",2019
"0604",0.35468,1,1,1,"Rhein-Main",2020
"0604",0.36854,1,1,1,"Rhein-Main",2021
"0605",0.27336,1,1,1,"Starkenburg",1998
"0605",0.31556,1,2,1,"Starkenburg",1999
"0605",0.29054,1,2,1,"Starkenburg",2000
"0605",0.26386,1,1,1,"Starkenburg",2001
"0605",0.24812,1,1,1,"Starkenburg",2002
"0605",0.24174,1,1,1,"Starkenburg",2003
"0605",0.25269,1,1,1,"Starkenburg",2004
"0605",0.26638,1,1,1,"Starkenburg",2005
"0605",0.27917,1,2,1,"Starkenburg",2006
"0605",0.2917,1,2,1,"Starkenburg",2007
"0605",0.33784,1,2,1,"Starkenburg",2008
"0605",0.32309,1,2,1,"Starkenburg",2009
"0605",0.32777,1,2,1,"Starkenburg",2010
"0605",0.33397,1,2,1,"Starkenburg",2011
"0605",0.36317,1,2,1,"Starkenburg",2012
"0605",0.39333,1,2,1,"Starkenburg",2013
"0605",0.4203,1,2,1,"Starkenburg",2014
"0605",0.41684,1,2,1,"Starkenburg",2015
"0605",0.43867,1,2,1,"Starkenburg",2016
"0605",0.4365,1,2,1,"Starkenburg",2017
"0605",0.42563,1,2,1,"Starkenburg",2018
"0605",0.44574,2,3,2,"Starkenburg",2019
"0605",0.4747,2,3,2,"Starkenburg",2020
"0605",0.47031,2,3,2,"Starkenburg",2021
"0701",0.53177,3,6,2,"Mittelrhein-Westerwald",1998
"0701",0.55644,3,6,2,"Mittelrhein-Westerwald",1999
"0701",0.49128,3,6,2,"Mittelrhein-Westerwald",2000
"0701",0.48202,3,6,2,"Mittelrhein-Westerwald",2001
"0701",0.50449,3,6,2,"Mittelrhein-Westerwald",2002
"0701",0.49213,3,6,2,"Mittelrhein-Westerwald",2003
"0701",0.48091,3,6,2,"Mittelrhein-Westerwald",2004
"0701",0.49733,3,6,2,"Mittelrhein-Westerwald",2005
"0701",0.50598,3,6,2,"Mittelrhein-Westerwald",2006
"0701",0.5343,3,6,2,"Mittelrhein-Westerwald",2007
"0701",0.56981,3,6,2,"Mittelrhein-Westerwald",2008
"0701",0.56686,3,6,2,"Mittelrhein-Westerwald",2009
"0701",0.56595,3,6,2,"Mittelrhein-Westerwald",2010
"0701",0.57974,3,6,2,"Mittelrhein-Westerwald",2011
"0701",0.60606,3,6,2,"Mittelrhein-Westerwald",2012
"0701",0.63751,4,7,2,"Mittelrhein-Westerwald",2013
"0701",0.66825,4,7,2,"Mittelrhein-Westerwald",2014
"0701",0.67462,3,6,2,"Mittelrhein-Westerwald",2015
"0701",0.67689,4,7,2,"Mittelrhein-Westerwald",2016
"0701",0.69555,3,6,2,"Mittelrhein-Westerwald",2017
"0701",0.67033,4,7,2,"Mittelrhein-Westerwald",2018
"0701",0.69028,3,6,2,"Mittelrhein-Westerwald",2019
"0701",0.69625,3,6,2,"Mittelrhein-Westerwald",2020
"0701",0.71557,4,7,2,"Mittelrhein-Westerwald",2021
"0702",0.41533,2,4,2,"Rheinhessen-Nahe",1998
"0702",0.43468,2,4,2,"Rheinhessen-Nahe",1999
"0702",0.386,2,4,2,"Rheinhessen-Nahe",2000
"0702",0.36302,2,4,2,"Rheinhessen-Nahe",2001
"0702",0.36541,2,3,2,"Rheinhessen-Nahe",2002
"0702",0.35186,2,3,2,"Rheinhessen-Nahe",2003
"0702",0.33994,2,3,2,"Rheinhessen-Nahe",2004
"0702",0.34563,2,3,2,"Rheinhessen-Nahe",2005
"0702",0.37658,2,3,2,"Rheinhessen-Nahe",2006
"0702",0.39521,2,4,2,"Rheinhessen-Nahe",2007
"0702",0.42311,2,4,2,"Rheinhessen-Nahe",2008
"0702",0.4059,2,3,2,"Rheinhessen-Nahe",2009
"0702",0.39653,2,3,2,"Rheinhessen-Nahe",2010
"0702",0.41368,2,4,2,"Rheinhessen-Nahe",2011
"0702",0.44364,2,4,2,"Rheinhessen-Nahe",2012
"0702",0.46741,2,3,2,"Rheinhessen-Nahe",2013
"0702",0.5105,2,4,2,"Rheinhessen-Nahe",2014
"0702",0.5154,2,4,2,"Rheinhessen-Nahe",2015
"0702",0.53681,2,4,2,"Rheinhessen-Nahe",2016
"0702",0.55398,2,4,2,"Rheinhessen-Nahe",2017
"0702",0.53446,2,4,2,"Rheinhessen-Nahe",2018
"0702",0.5646,2,4,2,"Rheinhessen-Nahe",2019
"0702",0.55959,2,4,2,"Rheinhessen-Nahe",2020
"0702",0.57053,2,4,2,"Rheinhessen-Nahe",2021
"0703",0.46134,3,5,2,"Rheinpfalz",1998
"0703",0.485,3,5,2,"Rheinpfalz",1999
"0703",0.44427,3,5,2,"Rheinpfalz",2000
"0703",0.44406,3,5,2,"Rheinpfalz",2001
"0703",0.45801,3,5,2,"Rheinpfalz",2002
"0703",0.43971,3,5,2,"Rheinpfalz",2003
"0703",0.41721,3,5,2,"Rheinpfalz",2004
"0703",0.39774,2,4,2,"Rheinpfalz",2005
"0703",0.42865,3,5,2,"Rheinpfalz",2006
"0703",0.44968,3,5,2,"Rheinpfalz",2007
"0703",0.49581,3,5,2,"Rheinpfalz",2008
"0703",0.47241,2,4,2,"Rheinpfalz",2009
"0703",0.47864,2,4,2,"Rheinpfalz",2010
"0703",0.48196,3,5,2,"Rheinpfalz",2011
"0703",0.4942,3,5,2,"Rheinpfalz",2012
"0703",0.52107,2,4,2,"Rheinpfalz",2013
"0703",0.57207,3,5,2,"Rheinpfalz",2014
"0703",0.57041,3,5,2,"Rheinpfalz",2015
"0703",0.60418,3,5,2,"Rheinpfalz",2016
"0703",0.63411,3,5,2,"Rheinpfalz",2017
"0703",0.59921,3,5,2,"Rheinpfalz",2018
"0703",0.62139,3,5,2,"Rheinpfalz",2019
"0703",0.63542,3,5,2,"Rheinpfalz",2020
"0703",0.65821,3,6,2,"Rheinpfalz",2021
"0704",0.52944,3,6,2,"Trier",1998
"0704",0.55729,3,6,2,"Trier",1999
"0704",0.52032,4,7,2,"Trier",2000
"0704",0.51951,4,7,2,"Trier",2001
"0704",0.53941,4,7,2,"Trier",2002
"0704",0.49498,3,6,2,"Trier",2003
"0704",0.50143,4,7,2,"Trier",2004
"0704",0.50278,3,6,2,"Trier",2005
"0704",0.51429,3,6,2,"Trier",2006
"0704",0.55422,3,6,2,"Trier",2007
"0704",0.60189,4,7,2,"Trier",2008
"0704",0.61512,4,7,2,"Trier",2009
"0704",0.61114,4,7,2,"Trier",2010
"0704",0.6369,4,7,2,"Trier",2011
"0704",0.67027,4,7,2,"Trier",2012
"0704",0.69877,4,7,2,"Trier",2013
"0704",0.74432,4,8,2,"Trier",2014
"0704",0.76893,4,8,2,"Trier",2015
"0704",0.76774,4,8,2,"Trier",2016
"0704",0.789,4,8,2,"Trier",2017
"0704",0.75032,4,8,2,"Trier",2018
"0704",0.78199,4,8,2,"Trier",2019
"0704",0.79579,4,8,2,"Trier",2020
"0704",0.80394,4,8,2,"Trier",2021
"0705",0.69546,4,8,2,"Westpfalz",1998
"0705",0.71132,4,8,2,"Westpfalz",1999
"0705",0.62604,4,8,2,"Westpfalz",2000
"0705",0.60912,4,8,2,"Westpfalz",2001
"0705",0.62202,4,8,2,"Westpfalz",2002
"0705",0.59383,4,8,2,"Westpfalz",2003
"0705",0.60357,4,8,2,"Westpfalz",2004
"0705",0.59015,4,8,2,"Westpfalz",2005
"0705",0.61551,4,8,2,"Westpfalz",2006
"0705",0.65851,4,8,2,"Westpfalz",2007
"0705",0.6728,4,8,2,"Westpfalz",2008
"0705",0.67754,4,8,2,"Westpfalz",2009
"0705",0.67707,4,8,2,"Westpfalz",2010
"0705",0.69122,4,8,2,"Westpfalz",2011
"0705",0.71882,4,8,2,"Westpfalz",2012
"0705",0.73844,4,8,2,"Westpfalz",2013
"0705",0.78075,4,8,2,"Westpfalz",2014
"0705",0.78427,4,8,2,"Westpfalz",2015
"0705",0.79044,4,8,2,"Westpfalz",2016
"0705",0.83878,5,9,3,"Westpfalz",2017
"0705",0.79746,5,9,3,"Westpfalz",2018
"0705",0.82577,5,9,3,"Westpfalz",2019
"0705",0.82063,5,9,3,"Westpfalz",2020
"0705",0.84088,5,9,3,"Westpfalz",2021
"0801",0.31249,1,2,1,"Bodensee-Oberschwaben",1998
"0801",0.32395,1,2,1,"Bodensee-Oberschwaben",1999
"0801",0.33572,1,2,1,"Bodensee-Oberschwaben",2000
"0801",0.30978,1,2,1,"Bodensee-Oberschwaben",2001
"0801",0.34373,1,2,1,"Bodensee-Oberschwaben",2002
"0801",0.31515,1,2,1,"Bodensee-Oberschwaben",2003
"0801",0.31372,1,2,1,"Bodensee-Oberschwaben",2004
"0801",0.29693,1,2,1,"Bodensee-Oberschwaben",2005
"0801",0.29384,1,2,1,"Bodensee-Oberschwaben",2006
"0801",0.29782,1,2,1,"Bodensee-Oberschwaben",2007
"0801",0.32888,1,2,1,"Bodensee-Oberschwaben",2008
"0801",0.35417,1,2,1,"Bodensee-Oberschwaben",2009
"0801",0.3451,1,2,1,"Bodensee-Oberschwaben",2010
"0801",0.30469,1,2,1,"Bodensee-Oberschwaben",2011
"0801",0.36885,1,2,1,"Bodensee-Oberschwaben",2012
"0801",0.35948,1,2,1,"Bodensee-Oberschwaben",2013
"0801",0.38647,1,2,1,"Bodensee-Oberschwaben",2014
"0801",0.43026,2,3,2,"Bodensee-Oberschwaben",2015
"0801",0.41434,1,2,1,"Bodensee-Oberschwaben",2016
"0801",0.4527,1,2,1,"Bodensee-Oberschwaben",2017
"0801",0.4219,1,2,1,"Bodensee-Oberschwaben",2018
"0801",0.42995,1,2,1,"Bodensee-Oberschwaben",2019
"0801",0.43795,1,2,1,"Bodensee-Oberschwaben",2020
"0801",0.44989,1,2,1,"Bodensee-Oberschwaben",2021
"0802",0.24959,1,1,1,"Donau-Iller (BW)",1998
"0802",0.27093,1,1,1,"Donau-Iller (BW)",1999
"0802",0.26243,1,1,1,"Donau-Iller (BW)",2000
"0802",0.24901,1,1,1,"Donau-Iller (BW)",2001
"0802",0.27906,1,1,1,"Donau-Iller (BW)",2002
"0802",0.24867,1,1,1,"Donau-Iller (BW)",2003
"0802",0.24323,1,1,1,"Donau-Iller (BW)",2004
"0802",0.23016,1,1,1,"Donau-Iller (BW)",2005
"0802",0.23667,1,1,1,"Donau-Iller (BW)",2006
"0802",0.24129,1,1,1,"Donau-Iller (BW)",2007
"0802",0.2658,1,1,1,"Donau-Iller (BW)",2008
"0802",0.28548,1,1,1,"Donau-Iller (BW)",2009
"0802",0.26983,1,1,1,"Donau-Iller (BW)",2010
"0802",0.23936,1,1,1,"Donau-Iller (BW)",2011
"0802",0.28536,1,1,1,"Donau-Iller (BW)",2012
"0802",0.29449,1,1,1,"Donau-Iller (BW)",2013
"0802",0.31426,1,1,1,"Donau-Iller (BW)",2014
"0802",0.34547,1,1,1,"Donau-Iller (BW)",2015
"0802",0.36602,1,1,1,"Donau-Iller (BW)",2016
"0802",0.38044,1,1,1,"Donau-Iller (BW)",2017
"0802",0.36498,1,1,1,"Donau-Iller (BW)",2018
"0802",0.37746,1,1,1,"Donau-Iller (BW)",2019
"0802",0.38651,1,1,1,"Donau-Iller (BW)",2020
"0802",0.40899,1,2,1,"Donau-Iller (BW)",2021
"0803",0.3411,1,2,1,"Franken",1998
"0803",0.35964,1,2,1,"Franken",1999
"0803",0.35939,2,3,2,"Franken",2000
"0803",0.35212,2,3,2,"Franken",2001
"0803",0.38267,2,4,2,"Franken",2002
"0803",0.35827,2,3,2,"Franken",2003
"0803",0.34676,2,3,2,"Franken",2004
"0803",0.32661,2,3,2,"Franken",2005
"0803",0.32425,1,2,1,"Franken",2006
"0803",0.3261,1,2,1,"Franken",2007
"0803",0.35114,1,2,1,"Franken",2008
"0803",0.39458,2,3,2,"Franken",2009
"0803",0.37558,2,3,2,"Franken",2010
"0803",0.33392,1,2,1,"Franken",2011
"0803",0.38094,2,3,2,"Franken",2012
"0803",0.37653,1,2,1,"Franken",2013
"0803",0.40844,1,2,1,"Franken",2014
"0803",0.407,1,2,1,"Franken",2015
"0803",0.41704,1,2,1,"Franken",2016
"0803",0.43153,1,2,1,"Franken",2017
"0803",0.41761,1,2,1,"Franken",2018
"0803",0.41664,1,2,1,"Franken",2019
"0803",0.45247,1,2,1,"Franken",2020
"0803",0.48175,2,3,2,"Franken",2021
"0804",0.50577,3,6,2,"Hochrhein-Bodensee",1998
"0804",0.53812,3,6,2,"Hochrhein-Bodensee",1999
"0804",0.49105,3,6,2,"Hochrhein-Bodensee",2000
"0804",0.48309,3,6,2,"Hochrhein-Bodensee",2001
"0804",0.49443,3,6,2,"Hochrhein-Bodensee",2002
"0804",0.46208,3,5,2,"Hochrhein-Bodensee",2003
"0804",0.45692,3,5,2,"Hochrhein-Bodensee",2004
"0804",0.44072,3,5,2,"Hochrhein-Bodensee",2005
"0804",0.45473,3,5,2,"Hochrhein-Bodensee",2006
"0804",0.49689,3,6,2,"Hochrhein-Bodensee",2007
"0804",0.52937,3,5,2,"Hochrhein-Bodensee",2008
"0804",0.55854,3,6,2,"Hochrhein-Bodensee",2009
"0804",0.5363,3,5,2,"Hochrhein-Bodensee",2010
"0804",0.52054,3,5,2,"Hochrhein-Bodensee",2011
"0804",0.56833,3,6,2,"Hochrhein-Bodensee",2012
"0804",0.56707,3,5,2,"Hochrhein-Bodensee",2013
"0804",0.63422,3,6,2,"Hochrhein-Bodensee",2014
"0804",0.59655,3,5,2,"Hochrhein-Bodensee",2015
"0804",0.61156,3,5,2,"Hochrhein-Bodensee",2016
"0804",0.65326,3,6,2,"Hochrhein-Bodensee",2017
"0804",0.62379,3,6,2,"Hochrhein-Bodensee",2018
"0804",0.63053,3,5,2,"Hochrhein-Bodensee",2019
"0804",0.64857,3,6,2,"Hochrhein-Bodensee",2020
"0804",0.66212,3,6,2,"Hochrhein-Bodensee",2021
"0805",0.24586,1,1,1,"Mittlerer Oberrhein",1998
"0805",0.26637,1,1,1,"Mittlerer Oberrhein",1999
"0805",0.24123,1,1,1,"Mittlerer Oberrhein",2000
"0805",0.21379,1,1,1,"Mittlerer Oberrhein",2001
"0805",0.23077,1,1,1,"Mittlerer Oberrhein",2002
"0805",0.21847,1,1,1,"Mittlerer Oberrhein",2003
"0805",0.20876,1,1,1,"Mittlerer Oberrhein",2004
"0805",0.20236,1,1,1,"Mittlerer Oberrhein",2005
"0805",0.20653,1,1,1,"Mittlerer Oberrhein",2006
"0805",0.2137,1,1,1,"Mittlerer Oberrhein",2007
"0805",0.24834,1,1,1,"Mittlerer Oberrhein",2008
"0805",0.28053,1,1,1,"Mittlerer Oberrhein",2009
"0805",0.27495,1,1,1,"Mittlerer Oberrhein",2010
"0805",0.26151,1,1,1,"Mittlerer Oberrhein",2011
"0805",0.31732,1,2,1,"Mittlerer Oberrhein",2012
"0805",0.31045,1,1,1,"Mittlerer Oberrhein",2013
"0805",0.35231,1,1,1,"Mittlerer Oberrhein",2014
"0805",0.35051,1,1,1,"Mittlerer Oberrhein",2015
"0805",0.36663,1,1,1,"Mittlerer Oberrhein",2016
"0805",0.38538,1,1,1,"Mittlerer Oberrhein",2017
"0805",0.38435,1,2,1,"Mittlerer Oberrhein",2018
"0805",0.38153,1,1,1,"Mittlerer Oberrhein",2019
"0805",0.39007,1,2,1,"Mittlerer Oberrhein",2020
"0805",0.40744,1,1,1,"Mittlerer Oberrhein",2021
"0806",0.33356,1,2,1,"Neckar-Alb",1998
"0806",0.34521,1,2,1,"Neckar-Alb",1999
"0806",0.32163,1,2,1,"Neckar-Alb",2000
"0806",0.29613,1,2,1,"Neckar-Alb",2001
"0806",0.34369,1,2,1,"Neckar-Alb",2002
"0806",0.31858,1,2,1,"Neckar-Alb",2003
"0806",0.30813,1,2,1,"Neckar-Alb",2004
"0806",0.2921,1,2,1,"Neckar-Alb",2005
"0806",0.3004,1,2,1,"Neckar-Alb",2006
"0806",0.30775,1,2,1,"Neckar-Alb",2007
"0806",0.33586,1,2,1,"Neckar-Alb",2008
"0806",0.37166,1,2,1,"Neckar-Alb",2009
"0806",0.36282,1,2,1,"Neckar-Alb",2010
"0806",0.32782,1,2,1,"Neckar-Alb",2011
"0806",0.37306,1,2,1,"Neckar-Alb",2012
"0806",0.38178,1,2,1,"Neckar-Alb",2013
"0806",0.40395,1,2,1,"Neckar-Alb",2014
"0806",0.39983,1,2,1,"Neckar-Alb",2015
"0806",0.41447,1,2,1,"Neckar-Alb",2016
"0806",0.43472,1,2,1,"Neckar-Alb",2017
"0806",0.41627,1,2,1,"Neckar-Alb",2018
"0806",0.42517,1,2,1,"Neckar-Alb",2019
"0806",0.43297,1,2,1,"Neckar-Alb",2020
"0806",0.45553,1,2,1,"Neckar-Alb",2021
"0807",0.37429,2,3,2,"Nordschwarzwald",1998
"0807",0.39243,2,3,2,"Nordschwarzwald",1999
"0807",0.35099,2,3,2,"Nordschwarzwald",2000
"0807",0.32869,2,3,2,"Nordschwarzwald",2001
"0807",0.38078,2,3,2,"Nordschwarzwald",2002
"0807",0.36156,2,4,2,"Nordschwarzwald",2003
"0807",0.34611,2,3,2,"Nordschwarzwald",2004
"0807",0.35389,2,3,2,"Nordschwarzwald",2005
"0807",0.35612,2,3,2,"Nordschwarzwald",2006
"0807",0.33848,2,3,2,"Nordschwarzwald",2007
"0807",0.40506,2,3,2,"Nordschwarzwald",2008
"0807",0.43031,2,3,2,"Nordschwarzwald",2009
"0807",0.42988,2,4,2,"Nordschwarzwald",2010
"0807",0.39341,2,3,2,"Nordschwarzwald",2011
"0807",0.45806,2,4,2,"Nordschwarzwald",2012
"0807",0.46872,2,4,2,"Nordschwarzwald",2013
"0807",0.49792,2,3,2,"Nordschwarzwald",2014
"0807",0.50963,2,4,2,"Nordschwarzwald",2015
"0807",0.54218,2,4,2,"Nordschwarzwald",2016
"0807",0.58925,3,5,2,"Nordschwarzwald",2017
"0807",0.55082,2,4,2,"Nordschwarzwald",2018
"0807",0.56156,2,4,2,"Nordschwarzwald",2019
"0807",0.56851,2,4,2,"Nordschwarzwald",2020
"0807",0.60361,3,5,2,"Nordschwarzwald",2021
"0808",0.31063,1,2,1,"Ostwürttemberg",1998
"0808",0.34352,1,2,1,"Ostwürttemberg",1999
"0808",0.32677,1,2,1,"Ostwürttemberg",2000
"0808",0.30422,1,2,1,"Ostwürttemberg",2001
"0808",0.35113,1,2,1,"Ostwürttemberg",2002
"0808",0.32382,1,2,1,"Ostwürttemberg",2003
"0808",0.31571,1,2,1,"Ostwürttemberg",2004
"0808",0.31012,1,2,1,"Ostwürttemberg",2005
"0808",0.29082,1,2,1,"Ostwürttemberg",2006
"0808",0.29401,1,2,1,"Ostwürttemberg",2007
"0808",0.31925,1,2,1,"Ostwürttemberg",2008
"0808",0.36526,1,2,1,"Ostwürttemberg",2009
"0808",0.35439,1,2,1,"Ostwürttemberg",2010
"0808",0.33243,1,2,1,"Ostwürttemberg",2011
"0808",0.37729,2,3,2,"Ostwürttemberg",2012
"0808",0.35362,1,2,1,"Ostwürttemberg",2013
"0808",0.40022,1,2,1,"Ostwürttemberg",2014
"0808",0.41643,1,2,1,"Ostwürttemberg",2015
"0808",0.45363,2,3,2,"Ostwürttemberg",2016
"0808",0.4538,1,2,1,"Ostwürttemberg",2017
"0808",0.43122,2,3,2,"Ostwürttemberg",2018
"0808",0.42589,1,2,1,"Ostwürttemberg",2019
"0808",0.43647,1,2,1,"Ostwürttemberg",2020
"0808",0.45581,1,2,1,"Ostwürttemberg",2021
"0809",0.42635,2,4,2,"Schwarzwald-Baar-Heuberg",1998
"0809",0.44404,2,4,2,"Schwarzwald-Baar-Heuberg",1999
"0809",0.42536,2,4,2,"Schwarzwald-Baar-Heuberg",2000
"0809",0.40042,2,4,2,"Schwarzwald-Baar-Heuberg",2001
"0809",0.44898,3,5,2,"Schwarzwald-Baar-Heuberg",2002
"0809",0.41998,2,4,2,"Schwarzwald-Baar-Heuberg",2003
"0809",0.41722,3,5,2,"Schwarzwald-Baar-Heuberg",2004
"0809",0.3981,2,4,2,"Schwarzwald-Baar-Heuberg",2005
"0809",0.38727,2,4,2,"Schwarzwald-Baar-Heuberg",2006
"0809",0.39658,2,4,2,"Schwarzwald-Baar-Heuberg",2007
"0809",0.42912,2,4,2,"Schwarzwald-Baar-Heuberg",2008
"0809",0.47772,2,4,2,"Schwarzwald-Baar-Heuberg",2009
"0809",0.46621,2,4,2,"Schwarzwald-Baar-Heuberg",2010
"0809",0.43351,2,4,2,"Schwarzwald-Baar-Heuberg",2011
"0809",0.49004,3,5,2,"Schwarzwald-Baar-Heuberg",2012
"0809",0.50724,2,4,2,"Schwarzwald-Baar-Heuberg",2013
"0809",0.54179,2,4,2,"Schwarzwald-Baar-Heuberg",2014
"0809",0.5241,2,4,2,"Schwarzwald-Baar-Heuberg",2015
"0809",0.55662,2,4,2,"Schwarzwald-Baar-Heuberg",2016
"0809",0.58924,2,4,2,"Schwarzwald-Baar-Heuberg",2017
"0809",0.55345,2,4,2,"Schwarzwald-Baar-Heuberg",2018
"0809",0.54889,2,4,2,"Schwarzwald-Baar-Heuberg",2019
"0809",0.55947,2,4,2,"Schwarzwald-Baar-Heuberg",2020
"0809",0.59763,3,5,2,"Schwarzwald-Baar-Heuberg",2021
"0810",0.17454,1,1,1,"Stuttgart",1998
"0810",0.18952,1,1,1,"Stuttgart",1999
"0810",0.16537,1,1,1,"Stuttgart",2000
"0810",0.15232,1,1,1,"Stuttgart",2001
"0810",0.19064,1,1,1,"Stuttgart",2002
"0810",0.15917,1,1,1,"Stuttgart",2003
"0810",0.13558,1,1,1,"Stuttgart",2004
"0810",0.12996,1,1,1,"Stuttgart",2005
"0810",0.12762,1,1,1,"Stuttgart",2006
"0810",0.11807,1,1,1,"Stuttgart",2007
"0810",0.1639,1,1,1,"Stuttgart",2008
"0810",0.19283,1,1,1,"Stuttgart",2009
"0810",0.19145,1,1,1,"Stuttgart",2010
"0810",0.16357,1,1,1,"Stuttgart",2011
"0810",0.22369,1,1,1,"Stuttgart",2012
"0810",0.21657,1,1,1,"Stuttgart",2013
"0810",0.25047,1,1,1,"Stuttgart",2014
"0810",0.24548,1,1,1,"Stuttgart",2015
"0810",0.26802,1,1,1,"Stuttgart",2016
"0810",0.2835,1,1,1,"Stuttgart",2017
"0810",0.25975,1,1,1,"Stuttgart",2018
"0810",0.25757,1,1,1,"Stuttgart",2019
"0810",0.27318,1,1,1,"Stuttgart",2020
"0810",0.29249,1,1,1,"Stuttgart",2021
"0811",0.36233,2,3,2,"Südlicher Oberrhein",1998
"0811",0.39444,2,3,2,"Südlicher Oberrhein",1999
"0811",0.34764,2,3,2,"Südlicher Oberrhein",2000
"0811",0.34917,2,3,2,"Südlicher Oberrhein",2001
"0811",0.37167,2,3,2,"Südlicher Oberrhein",2002
"0811",0.34344,2,3,2,"Südlicher Oberrhein",2003
"0811",0.3377,2,3,2,"Südlicher Oberrhein",2004
"0811",0.33812,2,3,2,"Südlicher Oberrhein",2005
"0811",0.34607,2,3,2,"Südlicher Oberrhein",2006
"0811",0.3656,2,3,2,"Südlicher Oberrhein",2007
"0811",0.39142,2,3,2,"Südlicher Oberrhein",2008
"0811",0.4211,2,3,2,"Südlicher Oberrhein",2009
"0811",0.40923,2,3,2,"Südlicher Oberrhein",2010
"0811",0.38478,2,3,2,"Südlicher Oberrhein",2011
"0811",0.42951,2,3,2,"Südlicher Oberrhein",2012
"0811",0.43325,2,3,2,"Südlicher Oberrhein",2013
"0811",0.46533,2,3,2,"Südlicher Oberrhein",2014
"0811",0.46275,2,3,2,"Südlicher Oberrhein",2015
"0811",0.47624,2,3,2,"Südlicher Oberrhein",2016
"0811",0.51715,2,3,2,"Südlicher Oberrhein",2017
"0811",0.4765,2,3,2,"Südlicher Oberrhein",2018
"0811",0.48497,2,3,2,"Südlicher Oberrhein",2019
"0811",0.4877,2,3,2,"Südlicher Oberrhein",2020
"0811",0.50745,2,3,2,"Südlicher Oberrhein",2021
"0812",0.31482,1,2,1,"Unterer Neckar",1998
"0812",0.33596,1,2,1,"Unterer Neckar",1999
"0812",0.3038,1,2,1,"Unterer Neckar",2000
"0812",0.29066,1,2,1,"Unterer Neckar",2001
"0812",0.29881,1,2,1,"Unterer Neckar",2002
"0812",0.27715,1,2,1,"Unterer Neckar",2003
"0812",0.27218,1,2,1,"Unterer Neckar",2004
"0812",0.27952,1,2,1,"Unterer Neckar",2005
"0812",0.27199,1,1,1,"Unterer Neckar",2006
"0812",0.2843,1,1,1,"Unterer Neckar",2007
"0812",0.31107,1,1,1,"Unterer Neckar",2008
"0812",0.32956,1,2,1,"Unterer Neckar",2009
"0812",0.32223,1,2,1,"Unterer Neckar",2010
"0812",0.30037,1,2,1,"Unterer Neckar",2011
"0812",0.32245,1,2,1,"Unterer Neckar",2012
"0812",0.31965,1,1,1,"Unterer Neckar",2013
"0812",0.38091,1,2,1,"Unterer Neckar",2014
"0812",0.36634,1,2,1,"Unterer Neckar",2015
"0812",0.39249,1,2,1,"Unterer Neckar",2016
"0812",0.41262,1,2,1,"Unterer Neckar",2017
"0812",0.40475,1,2,1,"Unterer Neckar",2018
"0812",0.38985,1,2,1,"Unterer Neckar",2019
"0812",0.38884,1,2,1,"Unterer Neckar",2020
"0812",0.41084,1,2,1,"Unterer Neckar",2021
"0901",0.35654,2,3,2,"Allgäu",1998
"0901",0.37115,2,3,2,"Allgäu",1999
"0901",0.34615,2,3,2,"Allgäu",2000
"0901",0.3275,1,2,1,"Allgäu",2001
"0901",0.35176,1,2,1,"Allgäu",2002
"0901",0.34744,2,3,2,"Allgäu",2003
"0901",0.33721,2,3,2,"Allgäu",2004
"0901",0.34471,2,3,2,"Allgäu",2005
"0901",0.33741,2,3,2,"Allgäu",2006
"0901",0.34227,2,3,2,"Allgäu",2007
"0901",0.3761,2,3,2,"Allgäu",2008
"0901",0.38597,2,3,2,"Allgäu",2009
"0901",0.37727,2,3,2,"Allgäu",2010
"0901",0.38059,2,3,2,"Allgäu",2011
"0901",0.37384,2,3,2,"Allgäu",2012
"0901",0.39962,2,3,2,"Allgäu",2013
"0901",0.42661,2,3,2,"Allgäu",2014
"0901",0.42933,2,3,2,"Allgäu",2015
"0901",0.45995,2,3,2,"Allgäu",2016
"0901",0.47788,2,3,2,"Allgäu",2017
"0901",0.42109,1,2,1,"Allgäu",2018
"0901",0.42718,1,2,1,"Allgäu",2019
"0901",0.45882,2,3,2,"Allgäu",2020
"0901",0.437,1,2,1,"Allgäu",2021
"0902",0.37974,2,4,2,"Augsburg",1998
"0902",0.37876,2,3,2,"Augsburg",1999
"0902",0.3436,2,3,2,"Augsburg",2000
"0902",0.33434,2,3,2,"Augsburg",2001
"0902",0.36772,2,3,2,"Augsburg",2002
"0902",0.34597,2,3,2,"Augsburg",2003
"0902",0.34929,2,3,2,"Augsburg",2004
"0902",0.35599,2,4,2,"Augsburg",2005
"0902",0.35862,2,3,2,"Augsburg",2006
"0902",0.36549,2,3,2,"Augsburg",2007
"0902",0.38494,2,3,2,"Augsburg",2008
"0902",0.3938,2,3,2,"Augsburg",2009
"0902",0.38543,2,3,2,"Augsburg",2010
"0902",0.38237,2,3,2,"Augsburg",2011
"0902",0.37858,2,3,2,"Augsburg",2012
"0902",0.39865,2,3,2,"Augsburg",2013
"0902",0.42045,2,3,2,"Augsburg",2014
"0902",0.42596,2,3,2,"Augsburg",2015
"0902",0.44215,1,2,1,"Augsburg",2016
"0902",0.46611,2,3,2,"Augsburg",2017
"0902",0.43208,2,3,2,"Augsburg",2018
"0902",0.448,2,3,2,"Augsburg",2019
"0902",0.45815,2,3,2,"Augsburg",2020
"0902",0.46294,2,3,2,"Augsburg",2021
"0903",0.37919,2,3,2,"Bayerischer Untermain",1998
"0903",0.39809,2,3,2,"Bayerischer Untermain",1999
"0903",0.37664,2,4,2,"Bayerischer Untermain",2000
"0903",0.35782,2,3,2,"Bayerischer Untermain",2001
"0903",0.39396,2,4,2,"Bayerischer Untermain",2002
"0903",0.37313,2,4,2,"Bayerischer Untermain",2003
"0903",0.36304,2,4,2,"Bayerischer Untermain",2004
"0903",0.34449,2,3,2,"Bayerischer Untermain",2005
"0903",0.34291,2,3,2,"Bayerischer Untermain",2006
"0903",0.33226,2,3,2,"Bayerischer Untermain",2007
"0903",0.37004,2,3,2,"Bayerischer Untermain",2008
"0903",0.39118,2,3,2,"Bayerischer Untermain",2009
"0903",0.37812,2,3,2,"Bayerischer Untermain",2010
"0903",0.38586,2,3,2,"Bayerischer Untermain",2011
"0903",0.39207,2,3,2,"Bayerischer Untermain",2012
"0903",0.40901,2,3,2,"Bayerischer Untermain",2013
"0903",0.43376,2,3,2,"Bayerischer Untermain",2014
"0903",0.42994,2,3,2,"Bayerischer Untermain",2015
"0903",0.48742,2,3,2,"Bayerischer Untermain",2016
"0903",0.46713,2,3,2,"Bayerischer Untermain",2017
"0903",0.45896,2,3,2,"Bayerischer Untermain",2018
"0903",0.44393,1,2,1,"Bayerischer Untermain",2019
"0903",0.49376,2,3,2,"Bayerischer Untermain",2020
"0903",0.48163,2,3,2,"Bayerischer Untermain",2021
"0904",0.36131,2,3,2,"Donau-Iller (BY)",1998
"0904",0.34938,1,2,1,"Donau-Iller (BY)",1999
"0904",0.35218,2,3,2,"Donau-Iller (BY)",2000
"0904",0.34367,2,3,2,"Donau-Iller (BY)",2001
"0904",0.37083,2,3,2,"Donau-Iller (BY)",2002
"0904",0.33203,2,3,2,"Donau-Iller (BY)",2003
"0904",0.32427,1,2,1,"Donau-Iller (BY)",2004
"0904",0.32053,1,2,1,"Donau-Iller (BY)",2005
"0904",0.29954,1,2,1,"Donau-Iller (BY)",2006
"0904",0.2869,1,2,1,"Donau-Iller (BY)",2007
"0904",0.32814,1,2,1,"Donau-Iller (BY)",2008
"0904",0.36331,1,2,1,"Donau-Iller (BY)",2009
"0904",0.35194,1,2,1,"Donau-Iller (BY)",2010
"0904",0.33927,1,2,1,"Donau-Iller (BY)",2011
"0904",0.37054,1,2,1,"Donau-Iller (BY)",2012
"0904",0.39749,2,3,2,"Donau-Iller (BY)",2013
"0904",0.40447,1,2,1,"Donau-Iller (BY)",2014
"0904",0.41882,1,2,1,"Donau-Iller (BY)",2015
"0904",0.44597,2,3,2,"Donau-Iller (BY)",2016
"0904",0.50352,2,3,2,"Donau-Iller (BY)",2017
"0904",0.44071,2,3,2,"Donau-Iller (BY)",2018
"0904",0.45149,2,3,2,"Donau-Iller (BY)",2019
"0904",0.46112,2,3,2,"Donau-Iller (BY)",2020
"0904",0.47915,2,3,2,"Donau-Iller (BY)",2021
"0905",0.49759,3,6,2,"Donau-Wald",1998
"0905",0.52273,3,6,2,"Donau-Wald",1999
"0905",0.47609,3,6,2,"Donau-Wald",2000
"0905",0.47754,3,6,2,"Donau-Wald",2001
"0905",0.54163,4,7,2,"Donau-Wald",2002
"0905",0.50542,3,6,2,"Donau-Wald",2003
"0905",0.49035,3,6,2,"Donau-Wald",2004
"0905",0.48639,3,6,2,"Donau-Wald",2005
"0905",0.49225,3,6,2,"Donau-Wald",2006
"0905",0.47799,3,5,2,"Donau-Wald",2007
"0905",0.54431,3,6,2,"Donau-Wald",2008
"0905",0.56241,3,6,2,"Donau-Wald",2009
"0905",0.55466,3,6,2,"Donau-Wald",2010
"0905",0.53826,3,5,2,"Donau-Wald",2011
"0905",0.52811,3,5,2,"Donau-Wald",2012
"0905",0.53383,3,5,2,"Donau-Wald",2013
"0905",0.56176,3,5,2,"Donau-Wald",2014
"0905",0.57018,3,5,2,"Donau-Wald",2015
"0905",0.59664,3,5,2,"Donau-Wald",2016
"0905",0.6097,3,5,2,"Donau-Wald",2017
"0905",0.56473,3,5,2,"Donau-Wald",2018
"0905",0.57203,3,5,2,"Donau-Wald",2019
"0905",0.58311,3,5,2,"Donau-Wald",2020
"0905",0.59453,3,5,2,"Donau-Wald",2021
"0906",0.32543,1,2,1,"Industrieregion Mittelfranken",1998
"0906",0.34073,1,2,1,"Industrieregion Mittelfranken",1999
"0906",0.29823,1,2,1,"Industrieregion Mittelfranken",2000
"0906",0.29368,1,2,1,"Industrieregion Mittelfranken",2001
"0906",0.31314,1,2,1,"Industrieregion Mittelfranken",2002
"0906",0.30906,1,2,1,"Industrieregion Mittelfranken",2003
"0906",0.30947,1,2,1,"Industrieregion Mittelfranken",2004
"0906",0.29749,1,2,1,"Industrieregion Mittelfranken",2005
"0906",0.30057,1,2,1,"Industrieregion Mittelfranken",2006
"0906",0.30179,1,2,1,"Industrieregion Mittelfranken",2007
"0906",0.31923,1,2,1,"Industrieregion Mittelfranken",2008
"0906",0.31832,1,1,1,"Industrieregion Mittelfranken",2009
"0906",0.31649,1,1,1,"Industrieregion Mittelfranken",2010
"0906",0.2924,1,1,1,"Industrieregion Mittelfranken",2011
"0906",0.3097,1,1,1,"Industrieregion Mittelfranken",2012
"0906",0.32721,1,2,1,"Industrieregion Mittelfranken",2013
"0906",0.3672,1,2,1,"Industrieregion Mittelfranken",2014
"0906",0.3512,1,2,1,"Industrieregion Mittelfranken",2015
"0906",0.38025,1,2,1,"Industrieregion Mittelfranken",2016
"0906",0.39372,1,2,1,"Industrieregion Mittelfranken",2017
"0906",0.38173,1,1,1,"Industrieregion Mittelfranken",2018
"0906",0.38201,1,2,1,"Industrieregion Mittelfranken",2019
"0906",0.38736,1,1,1,"Industrieregion Mittelfranken",2020
"0906",0.39267,1,1,1,"Industrieregion Mittelfranken",2021
"0907",0.24912,1,1,1,"Ingolstadt",1998
"0907",0.24679,1,1,1,"Ingolstadt",1999
"0907",0.2661,1,1,1,"Ingolstadt",2000
"0907",0.25398,1,1,1,"Ingolstadt",2001
"0907",0.30665,1,2,1,"Ingolstadt",2002
"0907",0.26219,1,1,1,"Ingolstadt",2003
"0907",0.23428,1,1,1,"Ingolstadt",2004
"0907",0.21725,1,1,1,"Ingolstadt",2005
"0907",0.21138,1,1,1,"Ingolstadt",2006
"0907",0.22326,1,1,1,"Ingolstadt",2007
"0907",0.26209,1,1,1,"Ingolstadt",2008
"0907",0.25845,1,1,1,"Ingolstadt",2009
"0907",0.2244,1,1,1,"Ingolstadt",2010
"0907",0.2185,1,1,1,"Ingolstadt",2011
"0907",0.22492,1,1,1,"Ingolstadt",2012
"0907",0.20192,1,1,1,"Ingolstadt",2013
"0907",0.21356,1,1,1,"Ingolstadt",2014
"0907",0.19312,1,1,1,"Ingolstadt",2015
"0907",0.21546,1,1,1,"Ingolstadt",2016
"0907",0.25023,1,1,1,"Ingolstadt",2017
"0907",0.23468,1,1,1,"Ingolstadt",2018
"0907",0.23768,1,1,1,"Ingolstadt",2019
"0907",0.25348,1,1,1,"Ingolstadt",2020
"0907",0.28028,1,1,1,"Ingolstadt",2021
"0908",0.3347,1,2,1,"Landshut",1998
"0908",0.36874,2,3,2,"Landshut",1999
"0908",0.34235,2,3,2,"Landshut",2000
"0908",0.34333,2,3,2,"Landshut",2001
"0908",0.364,2,3,2,"Landshut",2002
"0908",0.34703,2,3,2,"Landshut",2003
"0908",0.3438,2,3,2,"Landshut",2004
"0908",0.33171,2,3,2,"Landshut",2005
"0908",0.32855,2,3,2,"Landshut",2006
"0908",0.32626,1,2,1,"Landshut",2007
"0908",0.38622,2,3,2,"Landshut",2008
"0908",0.39427,2,3,2,"Landshut",2009
"0908",0.37598,2,3,2,"Landshut",2010
"0908",0.3809,2,3,2,"Landshut",2011
"0908",0.37306,1,2,1,"Landshut",2012
"0908",0.37983,1,2,1,"Landshut",2013
"0908",0.42192,2,3,2,"Landshut",2014
"0908",0.41199,1,2,1,"Landshut",2015
"0908",0.43589,1,2,1,"Landshut",2016
"0908",0.45314,1,2,1,"Landshut",2017
"0908",0.43022,2,3,2,"Landshut",2018
"0908",0.45229,2,3,2,"Landshut",2019
"0908",0.45794,1,2,1,"Landshut",2020
"0908",0.4582,1,2,1,"Landshut",2021
"0909",0.48364,3,5,2,"Main-Rhön",1998
"0909",0.49772,3,5,2,"Main-Rhön",1999
"0909",0.4433,3,5,2,"Main-Rhön",2000
"0909",0.43397,3,5,2,"Main-Rhön",2001
"0909",0.48103,3,5,2,"Main-Rhön",2002
"0909",0.47668,3,5,2,"Main-Rhön",2003
"0909",0.44625,3,5,2,"Main-Rhön",2004
"0909",0.42169,3,5,2,"Main-Rhön",2005
"0909",0.43925,3,5,2,"Main-Rhön",2006
"0909",0.44339,2,4,2,"Main-Rhön",2007
"0909",0.50382,3,5,2,"Main-Rhön",2008
"0909",0.49963,3,5,2,"Main-Rhön",2009
"0909",0.48577,3,5,2,"Main-Rhön",2010
"0909",0.48356,3,5,2,"Main-Rhön",2011
"0909",0.48561,2,4,2,"Main-Rhön",2012
"0909",0.47932,2,4,2,"Main-Rhön",2013
"0909",0.51715,2,4,2,"Main-Rhön",2014
"0909",0.51083,2,4,2,"Main-Rhön",2015
"0909",0.55657,2,4,2,"Main-Rhön",2016
"0909",0.58111,2,4,2,"Main-Rhön",2017
"0909",0.53858,2,4,2,"Main-Rhön",2018
"0909",0.53228,2,4,2,"Main-Rhön",2019
"0909",0.52637,2,3,2,"Main-Rhön",2020
"0909",0.54957,2,4,2,"Main-Rhön",2021
"0910",0,1,1,1,"München",1998
"0910",0,1,1,1,"München",1999
"0910",0,1,1,1,"München",2000
"0910",0,1,1,1,"München",2001
"0910",0,1,1,1,"München",2002
"0910",0,1,1,1,"München",2003
"0910",0,1,1,1,"München",2004
"0910",0,1,1,1,"München",2005
"0910",0,1,1,1,"München",2006
"0910",0,1,1,1,"München",2007
"0910",0,1,1,1,"München",2008
"0910",0,1,1,1,"München",2009
"0910",0,1,1,1,"München",2010
"0910",0,1,1,1,"München",2011
"0910",0,1,1,1,"München",2012
"0910",0,1,1,1,"München",2013
"0910",0,1,1,1,"München",2014
"0910",0,1,1,1,"München",2015
"0910",0,1,1,1,"München",2016
"0910",0,1,1,1,"München",2017
"0910",0,1,1,1,"München",2018
"0910",0,1,1,1,"München",2019
"0910",0,1,1,1,"München",2020
"0910",0,1,1,1,"München",2021
"0911",0.46029,3,5,2,"Oberfranken-Ost",1998
"0911",0.48278,3,5,2,"Oberfranken-Ost",1999
"0911",0.43623,3,5,2,"Oberfranken-Ost",2000
"0911",0.45095,3,5,2,"Oberfranken-Ost",2001
"0911",0.5032,3,6,2,"Oberfranken-Ost",2002
"0911",0.4831,3,6,2,"Oberfranken-Ost",2003
"0911",0.4678,3,6,2,"Oberfranken-Ost",2004
"0911",0.4656,3,5,2,"Oberfranken-Ost",2005
"0911",0.46484,3,5,2,"Oberfranken-Ost",2006
"0911",0.47411,3,5,2,"Oberfranken-Ost",2007
"0911",0.50937,3,5,2,"Oberfranken-Ost",2008
"0911",0.51455,3,5,2,"Oberfranken-Ost",2009
"0911",0.49718,3,5,2,"Oberfranken-Ost",2010
"0911",0.49958,3,5,2,"Oberfranken-Ost",2011
"0911",0.51111,3,5,2,"Oberfranken-Ost",2012
"0911",0.52482,3,5,2,"Oberfranken-Ost",2013
"0911",0.54586,3,5,2,"Oberfranken-Ost",2014
"0911",0.55723,3,5,2,"Oberfranken-Ost",2015
"0911",0.56827,3,5,2,"Oberfranken-Ost",2016
"0911",0.58318,2,4,2,"Oberfranken-Ost",2017
"0911",0.55781,3,5,2,"Oberfranken-Ost",2018
"0911",0.56986,3,5,2,"Oberfranken-Ost",2019
"0911",0.58231,2,4,2,"Oberfranken-Ost",2020
"0911",0.56927,2,4,2,"Oberfranken-Ost",2021
"0912",0.39578,2,4,2,"Oberfranken-West",1998
"0912",0.41667,2,4,2,"Oberfranken-West",1999
"0912",0.3638,2,4,2,"Oberfranken-West",2000
"0912",0.35237,2,3,2,"Oberfranken-West",2001
"0912",0.41474,2,4,2,"Oberfranken-West",2002
"0912",0.3905,2,4,2,"Oberfranken-West",2003
"0912",0.37936,2,4,2,"Oberfranken-West",2004
"0912",0.37783,2,4,2,"Oberfranken-West",2005
"0912",0.38551,2,4,2,"Oberfranken-West",2006
"0912",0.37777,2,3,2,"Oberfranken-West",2007
"0912",0.41037,2,3,2,"Oberfranken-West",2008
"0912",0.41602,2,3,2,"Oberfranken-West",2009
"0912",0.40258,2,3,2,"Oberfranken-West",2010
"0912",0.40486,2,3,2,"Oberfranken-West",2011
"0912",0.42013,2,3,2,"Oberfranken-West",2012
"0912",0.426,2,3,2,"Oberfranken-West",2013
"0912",0.4632,2,3,2,"Oberfranken-West",2014
"0912",0.4416,2,3,2,"Oberfranken-West",2015
"0912",0.45984,2,3,2,"Oberfranken-West",2016
"0912",0.49421,2,3,2,"Oberfranken-West",2017
"0912",0.45602,2,3,2,"Oberfranken-West",2018
"0912",0.47027,2,3,2,"Oberfranken-West",2019
"0912",0.4807,2,3,2,"Oberfranken-West",2020
"0912",0.48351,2,3,2,"Oberfranken-West",2021
"0913",0.1999,1,1,1,"Oberland",1998
"0913",0.22041,1,1,1,"Oberland",1999
"0913",0.19911,1,1,1,"Oberland",2000
"0913",0.21288,1,1,1,"Oberland",2001
"0913",0.22186,1,1,1,"Oberland",2002
"0913",0.20192,1,1,1,"Oberland",2003
"0913",0.2162,1,1,1,"Oberland",2004
"0913",0.21681,1,1,1,"Oberland",2005
"0913",0.20137,1,1,1,"Oberland",2006
"0913",0.20453,1,1,1,"Oberland",2007
"0913",0.24016,1,1,1,"Oberland",2008
"0913",0.24106,1,1,1,"Oberland",2009
"0913",0.2431,1,1,1,"Oberland",2010
"0913",0.24433,1,1,1,"Oberland",2011
"0913",0.24501,1,1,1,"Oberland",2012
"0913",0.26043,1,1,1,"Oberland",2013
"0913",0.29934,1,1,1,"Oberland",2014
"0913",0.30705,1,1,1,"Oberland",2015
"0913",0.3211,1,1,1,"Oberland",2016
"0913",0.32419,1,1,1,"Oberland",2017
"0913",0.31493,1,1,1,"Oberland",2018
"0913",0.3049,1,1,1,"Oberland",2019
"0913",0.31711,1,1,1,"Oberland",2020
"0913",0.30744,1,1,1,"Oberland",2021
"0914",0.47826,3,5,2,"Oberpfalz-Nord",1998
"0914",0.50857,3,5,2,"Oberpfalz-Nord",1999
"0914",0.45664,3,5,2,"Oberpfalz-Nord",2000
"0914",0.4559,3,5,2,"Oberpfalz-Nord",2001
"0914",0.49478,3,6,2,"Oberpfalz-Nord",2002
"0914",0.491,3,6,2,"Oberpfalz-Nord",2003
"0914",0.46066,3,6,2,"Oberpfalz-Nord",2004
"0914",0.46329,3,5,2,"Oberpfalz-Nord",2005
"0914",0.46454,3,5,2,"Oberpfalz-Nord",2006
"0914",0.45974,3,5,2,"Oberpfalz-Nord",2007
"0914",0.52369,3,5,2,"Oberpfalz-Nord",2008
"0914",0.54927,3,5,2,"Oberpfalz-Nord",2009
"0914",0.52009,3,5,2,"Oberpfalz-Nord",2010
"0914",0.53476,3,5,2,"Oberpfalz-Nord",2011
"0914",0.51186,3,5,2,"Oberpfalz-Nord",2012
"0914",0.52593,3,5,2,"Oberpfalz-Nord",2013
"0914",0.53986,2,4,2,"Oberpfalz-Nord",2014
"0914",0.54319,2,4,2,"Oberpfalz-Nord",2015
"0914",0.56372,2,4,2,"Oberpfalz-Nord",2016
"0914",0.59959,3,5,2,"Oberpfalz-Nord",2017
"0914",0.54525,2,4,2,"Oberpfalz-Nord",2018
"0914",0.54845,2,4,2,"Oberpfalz-Nord",2019
"0914",0.57448,2,4,2,"Oberpfalz-Nord",2020
"0914",0.56573,2,4,2,"Oberpfalz-Nord",2021
"0915",0.34979,2,3,2,"Regensburg",1998
"0915",0.36232,2,3,2,"Regensburg",1999
"0915",0.34533,2,3,2,"Regensburg",2000
"0915",0.36375,2,4,2,"Regensburg",2001
"0915",0.36962,2,3,2,"Regensburg",2002
"0915",0.33981,2,3,2,"Regensburg",2003
"0915",0.33064,2,3,2,"Regensburg",2004
"0915",0.31719,1,2,1,"Regensburg",2005
"0915",0.30856,1,2,1,"Regensburg",2006
"0915",0.31,1,2,1,"Regensburg",2007
"0915",0.33992,1,2,1,"Regensburg",2008
"0915",0.36171,1,2,1,"Regensburg",2009
"0915",0.3469,1,2,1,"Regensburg",2010
"0915",0.33717,1,2,1,"Regensburg",2011
"0915",0.34007,1,2,1,"Regensburg",2012
"0915",0.35163,1,2,1,"Regensburg",2013
"0915",0.3706,1,2,1,"Regensburg",2014
"0915",0.36909,1,2,1,"Regensburg",2015
"0915",0.38416,1,2,1,"Regensburg",2016
"0915",0.41676,1,2,1,"Regensburg",2017
"0915",0.38269,1,2,1,"Regensburg",2018
"0915",0.39817,1,2,1,"Regensburg",2019
"0915",0.40468,1,2,1,"Regensburg",2020
"0915",0.40791,1,2,1,"Regensburg",2021
"0916",0.31573,1,2,1,"Südostoberbayern",1998
"0916",0.34904,1,2,1,"Südostoberbayern",1999
"0916",0.31613,1,2,1,"Südostoberbayern",2000
"0916",0.34278,2,3,2,"Südostoberbayern",2001
"0916",0.3679,2,3,2,"Südostoberbayern",2002
"0916",0.32453,1,2,1,"Südostoberbayern",2003
"0916",0.31934,1,2,1,"Südostoberbayern",2004
"0916",0.30399,1,2,1,"Südostoberbayern",2005
"0916",0.29959,1,2,1,"Südostoberbayern",2006
"0916",0.29953,1,2,1,"Südostoberbayern",2007
"0916",0.34516,1,2,1,"Südostoberbayern",2008
"0916",0.36314,1,2,1,"Südostoberbayern",2009
"0916",0.36205,1,2,1,"Südostoberbayern",2010
"0916",0.35295,2,3,2,"Südostoberbayern",2011
"0916",0.36797,1,2,1,"Südostoberbayern",2012
"0916",0.37858,1,2,1,"Südostoberbayern",2013
"0916",0.40069,1,2,1,"Südostoberbayern",2014
"0916",0.40335,1,2,1,"Südostoberbayern",2015
"0916",0.42094,1,2,1,"Südostoberbayern",2016
"0916",0.43479,1,2,1,"Südostoberbayern",2017
"0916",0.41055,1,2,1,"Südostoberbayern",2018
"0916",0.40542,1,2,1,"Südostoberbayern",2019
"0916",0.4284,1,2,1,"Südostoberbayern",2020
"0916",0.44077,1,2,1,"Südostoberbayern",2021
"0917",0.44649,3,5,2,"Westmittelfranken",1998
"0917",0.44835,2,4,2,"Westmittelfranken",1999
"0917",0.42733,3,5,2,"Westmittelfranken",2000
"0917",0.42066,3,5,2,"Westmittelfranken",2001
"0917",0.46831,3,5,2,"Westmittelfranken",2002
"0917",0.44024,3,5,2,"Westmittelfranken",2003
"0917",0.44564,3,5,2,"Westmittelfranken",2004
"0917",0.43079,3,5,2,"Westmittelfranken",2005
"0917",0.42617,2,4,2,"Westmittelfranken",2006
"0917",0.43112,2,4,2,"Westmittelfranken",2007
"0917",0.47945,2,4,2,"Westmittelfranken",2008
"0917",0.50417,3,5,2,"Westmittelfranken",2009
"0917",0.47066,2,4,2,"Westmittelfranken",2010
"0917",0.46893,2,4,2,"Westmittelfranken",2011
"0917",0.47834,2,4,2,"Westmittelfranken",2012
"0917",0.50598,2,4,2,"Westmittelfranken",2013
"0917",0.51796,2,4,2,"Westmittelfranken",2014
"0917",0.52709,2,4,2,"Westmittelfranken",2015
"0917",0.54944,2,4,2,"Westmittelfranken",2016
"0917",0.58379,2,4,2,"Westmittelfranken",2017
"0917",0.55549,2,4,2,"Westmittelfranken",2018
"0917",0.56216,2,4,2,"Westmittelfranken",2019
"0917",0.58685,3,5,2,"Westmittelfranken",2020
"0917",0.58644,2,4,2,"Westmittelfranken",2021
"0918",0.27993,1,1,1,"Würzburg",1998
"0918",0.27408,1,1,1,"Würzburg",1999
"0918",0.2573,1,1,1,"Würzburg",2000
"0918",0.26555,1,2,1,"Würzburg",2001
"0918",0.29187,1,1,1,"Würzburg",2002
"0918",0.28561,1,2,1,"Würzburg",2003
"0918",0.26147,1,2,1,"Würzburg",2004
"0918",0.27363,1,1,1,"Würzburg",2005
"0918",0.27742,1,1,1,"Würzburg",2006
"0918",0.27191,1,1,1,"Würzburg",2007
"0918",0.30606,1,1,1,"Würzburg",2008
"0918",0.30625,1,1,1,"Würzburg",2009
"0918",0.29614,1,1,1,"Würzburg",2010
"0918",0.29331,1,1,1,"Würzburg",2011
"0918",0.30819,1,1,1,"Würzburg",2012
"0918",0.32954,1,2,1,"Würzburg",2013
"0918",0.3418,1,1,1,"Würzburg",2014
"0918",0.34994,1,1,1,"Würzburg",2015
"0918",0.37467,1,1,1,"Würzburg",2016
"0918",0.38174,1,1,1,"Würzburg",2017
"0918",0.34266,1,1,1,"Würzburg",2018
"0918",0.36075,1,1,1,"Würzburg",2019
"0918",0.37373,1,1,1,"Würzburg",2020
"0918",0.38074,1,1,1,"Würzburg",2021
"1001",0.62575,4,8,2,"Saar",1998
"1001",0.64792,4,8,2,"Saar",1999
"1001",0.56551,4,7,2,"Saar",2000
"1001",0.56502,4,7,2,"Saar",2001
"1001",0.53291,4,7,2,"Saar",2002
"1001",0.51363,4,7,2,"Saar",2003
"1001",0.5014,3,6,2,"Saar",2004
"1001",0.50714,3,6,2,"Saar",2005
"1001",0.5389,3,6,2,"Saar",2006
"1001",0.56987,4,7,2,"Saar",2007
"1001",0.60649,4,7,2,"Saar",2008
"1001",0.61679,4,7,2,"Saar",2009
"1001",0.60025,3,6,2,"Saar",2010
"1001",0.59031,3,6,2,"Saar",2011
"1001",0.64582,4,7,2,"Saar",2012
"1001",0.67678,4,7,2,"Saar",2013
"1001",0.72091,4,7,2,"Saar",2014
"1001",0.70966,4,7,2,"Saar",2015
"1001",0.75458,4,8,2,"Saar",2016
"1001",0.76673,4,8,2,"Saar",2017
"1001",0.73827,4,8,2,"Saar",2018
"1001",0.76397,4,8,2,"Saar",2019
"1001",0.77771,4,8,2,"Saar",2020
"1001",0.77447,4,8,2,"Saar",2021
"1101",0.78179,5,9,3,"Berlin",1998
"1101",0.79478,5,9,3,"Berlin",1999
"1101",0.68116,4,8,2,"Berlin",2000
"1101",0.67393,4,8,2,"Berlin",2001
"1101",0.67924,4,8,2,"Berlin",2002
"1101",0.68779,5,9,3,"Berlin",2003
"1101",0.70192,5,9,3,"Berlin",2004
"1101",0.71458,5,9,3,"Berlin",2005
"1101",0.74159,5,9,3,"Berlin",2006
"1101",0.78906,5,9,3,"Berlin",2007
"1101",0.80864,5,9,3,"Berlin",2008
"1101",0.78825,5,9,3,"Berlin",2009
"1101",0.79825,5,9,3,"Berlin",2010
"1101",0.7769,5,9,3,"Berlin",2011
"1101",0.73994,4,8,2,"Berlin",2012
"1101",0.75469,4,8,2,"Berlin",2013
"1101",0.79215,4,8,2,"Berlin",2014
"1101",0.77225,4,8,2,"Berlin",2015
"1101",0.72551,4,7,2,"Berlin",2016
"1101",0.74231,4,7,2,"Berlin",2017
"1101",0.68397,4,7,2,"Berlin",2018
"1101",0.65971,3,6,2,"Berlin",2019
"1101",0.63312,3,5,2,"Berlin",2020
"1101",0.61092,3,5,2,"Berlin",2021
"1201",0.65338,4,8,2,"Havelland-Fläming",1998
"1201",0.69991,4,8,2,"Havelland-Fläming",1999
"1201",0.66925,4,8,2,"Havelland-Fläming",2000
"1201",0.65798,4,8,2,"Havelland-Fläming",2001
"1201",0.62414,4,8,2,"Havelland-Fläming",2002
"1201",0.60824,4,8,2,"Havelland-Fläming",2003
"1201",0.65077,4,8,2,"Havelland-Fläming",2004
"1201",0.65404,4,8,2,"Havelland-Fläming",2005
"1201",0.6797,4,8,2,"Havelland-Fläming",2006
"1201",0.68475,4,8,2,"Havelland-Fläming",2007
"1201",0.68232,4,8,2,"Havelland-Fläming",2008
"1201",0.64946,4,7,2,"Havelland-Fläming",2009
"1201",0.64595,4,7,2,"Havelland-Fläming",2010
"1201",0.6395,4,7,2,"Havelland-Fläming",2011
"1201",0.66442,4,7,2,"Havelland-Fläming",2012
"1201",0.66638,4,7,2,"Havelland-Fläming",2013
"1201",0.70441,4,7,2,"Havelland-Fläming",2014
"1201",0.67481,4,7,2,"Havelland-Fläming",2015
"1201",0.67068,3,6,2,"Havelland-Fläming",2016
"1201",0.67594,3,6,2,"Havelland-Fläming",2017
"1201",0.63081,3,6,2,"Havelland-Fläming",2018
"1201",0.64542,3,6,2,"Havelland-Fläming",2019
"1201",0.63827,3,6,2,"Havelland-Fläming",2020
"1201",0.6426,3,6,2,"Havelland-Fläming",2021
"1202",0.72587,4,8,2,"Lausitz-Spreewald",1998
"1202",0.76521,4,8,2,"Lausitz-Spreewald",1999
"1202",0.71265,5,9,3,"Lausitz-Spreewald",2000
"1202",0.72889,5,9,3,"Lausitz-Spreewald",2001
"1202",0.69131,5,9,3,"Lausitz-Spreewald",2002
"1202",0.68468,5,9,3,"Lausitz-Spreewald",2003
"1202",0.7233,5,9,3,"Lausitz-Spreewald",2004
"1202",0.7384,5,9,3,"Lausitz-Spreewald",2005
"1202",0.76669,5,9,3,"Lausitz-Spreewald",2006
"1202",0.78092,5,9,3,"Lausitz-Spreewald",2007
"1202",0.7909,5,9,3,"Lausitz-Spreewald",2008
"1202",0.74196,5,9,3,"Lausitz-Spreewald",2009
"1202",0.72924,4,8,2,"Lausitz-Spreewald",2010
"1202",0.72831,4,8,2,"Lausitz-Spreewald",2011
"1202",0.77439,5,9,3,"Lausitz-Spreewald",2012
"1202",0.79022,4,8,2,"Lausitz-Spreewald",2013
"1202",0.82275,5,9,3,"Lausitz-Spreewald",2014
"1202",0.78689,4,8,2,"Lausitz-Spreewald",2015
"1202",0.77777,4,8,2,"Lausitz-Spreewald",2016
"1202",0.78561,4,8,2,"Lausitz-Spreewald",2017
"1202",0.75512,4,8,2,"Lausitz-Spreewald",2018
"1202",0.74801,4,8,2,"Lausitz-Spreewald",2019
"1202",0.72424,4,7,2,"Lausitz-Spreewald",2020
"1202",0.75771,4,8,2,"Lausitz-Spreewald",2021
"1203",0.76393,5,9,3,"Oderland-Spree",1998
"1203",0.80614,5,9,3,"Oderland-Spree",1999
"1203",0.76304,5,9,3,"Oderland-Spree",2000
"1203",0.77226,5,9,3,"Oderland-Spree",2001
"1203",0.72956,5,9,3,"Oderland-Spree",2002
"1203",0.72053,5,9,3,"Oderland-Spree",2003
"1203",0.76268,5,9,3,"Oderland-Spree",2004
"1203",0.77576,5,9,3,"Oderland-Spree",2005
"1203",0.79221,5,9,3,"Oderland-Spree",2006
"1203",0.81453,5,9,3,"Oderland-Spree",2007
"1203",0.8126,5,9,3,"Oderland-Spree",2008
"1203",0.77025,5,9,3,"Oderland-Spree",2009
"1203",0.75956,5,9,3,"Oderland-Spree",2010
"1203",0.74198,5,9,3,"Oderland-Spree",2011
"1203",0.79266,5,9,3,"Oderland-Spree",2012
"1203",0.7994,5,9,3,"Oderland-Spree",2013
"1203",0.82569,5,9,3,"Oderland-Spree",2014
"1203",0.82287,5,9,3,"Oderland-Spree",2015
"1203",0.7993,4,8,2,"Oderland-Spree",2016
"1203",0.80541,4,8,2,"Oderland-Spree",2017
"1203",0.7848,4,8,2,"Oderland-Spree",2018
"1203",0.78577,4,8,2,"Oderland-Spree",2019
"1203",0.74981,4,8,2,"Oderland-Spree",2020
"1203",0.7756,4,8,2,"Oderland-Spree",2021
"1204",0.82084,5,9,3,"Prignitz-Oberhavel",1998
"1204",0.86008,5,10,3,"Prignitz-Oberhavel",1999
"1204",0.7996,5,9,3,"Prignitz-Oberhavel",2000
"1204",0.80987,5,9,3,"Prignitz-Oberhavel",2001
"1204",0.76835,5,9,3,"Prignitz-Oberhavel",2002
"1204",0.76011,5,9,3,"Prignitz-Oberhavel",2003
"1204",0.80761,5,9,3,"Prignitz-Oberhavel",2004
"1204",0.80894,5,9,3,"Prignitz-Oberhavel",2005
"1204",0.84438,5,10,3,"Prignitz-Oberhavel",2006
"1204",0.8582,5,10,3,"Prignitz-Oberhavel",2007
"1204",0.86826,5,10,3,"Prignitz-Oberhavel",2008
"1204",0.82631,5,10,3,"Prignitz-Oberhavel",2009
"1204",0.82558,5,10,3,"Prignitz-Oberhavel",2010
"1204",0.84235,5,10,3,"Prignitz-Oberhavel",2011
"1204",0.84685,5,10,3,"Prignitz-Oberhavel",2012
"1204",0.8451,5,9,3,"Prignitz-Oberhavel",2013
"1204",0.87165,5,9,3,"Prignitz-Oberhavel",2014
"1204",0.8544,5,9,3,"Prignitz-Oberhavel",2015
"1204",0.87495,5,10,3,"Prignitz-Oberhavel",2016
"1204",0.86976,5,9,3,"Prignitz-Oberhavel",2017
"1204",0.81111,5,9,3,"Prignitz-Oberhavel",2018
"1204",0.83297,5,9,3,"Prignitz-Oberhavel",2019
"1204",0.80037,4,8,2,"Prignitz-Oberhavel",2020
"1204",0.83035,5,9,3,"Prignitz-Oberhavel",2021
"1205",0.85683,5,10,3,"Uckermark-Barnim",1998
"1205",0.90518,5,10,3,"Uckermark-Barnim",1999
"1205",0.8449,5,10,3,"Uckermark-Barnim",2000
"1205",0.83429,5,10,3,"Uckermark-Barnim",2001
"1205",0.81933,5,10,3,"Uckermark-Barnim",2002
"1205",0.79727,5,10,3,"Uckermark-Barnim",2003
"1205",0.83361,5,10,3,"Uckermark-Barnim",2004
"1205",0.82704,5,10,3,"Uckermark-Barnim",2005
"1205",0.85458,5,10,3,"Uckermark-Barnim",2006
"1205",0.88903,5,10,3,"Uckermark-Barnim",2007
"1205",0.87066,5,10,3,"Uckermark-Barnim",2008
"1205",0.82484,5,9,3,"Uckermark-Barnim",2009
"1205",0.79193,5,9,3,"Uckermark-Barnim",2010
"1205",0.8389,5,10,3,"Uckermark-Barnim",2011
"1205",0.87626,5,10,3,"Uckermark-Barnim",2012
"1205",0.8597,5,10,3,"Uckermark-Barnim",2013
"1205",0.90818,5,10,3,"Uckermark-Barnim",2014
"1205",0.8635,5,10,3,"Uckermark-Barnim",2015
"1205",0.86446,5,9,3,"Uckermark-Barnim",2016
"1205",0.87582,5,9,3,"Uckermark-Barnim",2017
"1205",0.83915,5,9,3,"Uckermark-Barnim",2018
"1205",0.83115,5,9,3,"Uckermark-Barnim",2019
"1205",0.81079,5,9,3,"Uckermark-Barnim",2020
"1205",0.84016,5,9,3,"Uckermark-Barnim",2021
"1301",0.88252,5,10,3,"Mecklenburgische Seenplatte",1998
"1301",0.90816,5,10,3,"Mecklenburgische Seenplatte",1999
"1301",0.87002,5,10,3,"Mecklenburgische Seenplatte",2000
"1301",0.93921,5,10,3,"Mecklenburgische Seenplatte",2001
"1301",0.88503,5,10,3,"Mecklenburgische Seenplatte",2002
"1301",0.85621,5,10,3,"Mecklenburgische Seenplatte",2003
"1301",0.90415,5,10,3,"Mecklenburgische Seenplatte",2004
"1301",0.913,5,10,3,"Mecklenburgische Seenplatte",2005
"1301",0.93886,5,10,3,"Mecklenburgische Seenplatte",2006
"1301",0.97061,5,10,3,"Mecklenburgische Seenplatte",2007
"1301",0.96613,5,10,3,"Mecklenburgische Seenplatte",2008
"1301",0.9777,5,10,3,"Mecklenburgische Seenplatte",2009
"1301",0.97394,5,10,3,"Mecklenburgische Seenplatte",2010
"1301",1,5,10,3,"Mecklenburgische Seenplatte",2011
"1301",0.99229,5,10,3,"Mecklenburgische Seenplatte",2012
"1301",0.95777,5,10,3,"Mecklenburgische Seenplatte",2013
"1301",0.96347,5,10,3,"Mecklenburgische Seenplatte",2014
"1301",0.93583,5,10,3,"Mecklenburgische Seenplatte",2015
"1301",0.95924,5,10,3,"Mecklenburgische Seenplatte",2016
"1301",0.9658,5,10,3,"Mecklenburgische Seenplatte",2017
"1301",0.91543,5,10,3,"Mecklenburgische Seenplatte",2018
"1301",0.90657,5,10,3,"Mecklenburgische Seenplatte",2019
"1301",0.89054,5,10,3,"Mecklenburgische Seenplatte",2020
"1301",0.93594,5,10,3,"Mecklenburgische Seenplatte",2021
"1302",0.82111,5,10,3,"Mittleres Mecklenburg/Rostock",1998
"1302",0.83957,5,9,3,"Mittleres Mecklenburg/Rostock",1999
"1302",0.78445,5,9,3,"Mittleres Mecklenburg/Rostock",2000
"1302",0.8341,5,10,3,"Mittleres Mecklenburg/Rostock",2001
"1302",0.7799,5,9,3,"Mittleres Mecklenburg/Rostock",2002
"1302",0.77267,5,10,3,"Mittleres Mecklenburg/Rostock",2003
"1302",0.80881,5,10,3,"Mittleres Mecklenburg/Rostock",2004
"1302",0.8261,5,10,3,"Mittleres Mecklenburg/Rostock",2005
"1302",0.84545,5,10,3,"Mittleres Mecklenburg/Rostock",2006
"1302",0.84844,5,10,3,"Mittleres Mecklenburg/Rostock",2007
"1302",0.85299,5,10,3,"Mittleres Mecklenburg/Rostock",2008
"1302",0.86273,5,10,3,"Mittleres Mecklenburg/Rostock",2009
"1302",0.85167,5,10,3,"Mittleres Mecklenburg/Rostock",2010
"1302",0.83768,5,10,3,"Mittleres Mecklenburg/Rostock",2011
"1302",0.82417,5,9,3,"Mittleres Mecklenburg/Rostock",2012
"1302",0.84392,5,9,3,"Mittleres Mecklenburg/Rostock",2013
"1302",0.82159,4,8,2,"Mittleres Mecklenburg/Rostock",2014
"1302",0.80347,4,8,2,"Mittleres Mecklenburg/Rostock",2015
"1302",0.81982,5,9,3,"Mittleres Mecklenburg/Rostock",2016
"1302",0.82125,4,8,2,"Mittleres Mecklenburg/Rostock",2017
"1302",0.75391,4,8,2,"Mittleres Mecklenburg/Rostock",2018
"1302",0.79393,4,8,2,"Mittleres Mecklenburg/Rostock",2019
"1302",0.76883,4,8,2,"Mittleres Mecklenburg/Rostock",2020
"1302",0.7756,4,8,2,"Mittleres Mecklenburg/Rostock",2021
"1303",0.91433,5,10,3,"Vorpommern",1998
"1303",0.95055,5,10,3,"Vorpommern",1999
"1303",0.89381,5,10,3,"Vorpommern",2000
"1303",0.94732,5,10,3,"Vorpommern",2001
"1303",0.9094,5,10,3,"Vorpommern",2002
"1303",0.90516,5,10,3,"Vorpommern",2003
"1303",0.94877,5,10,3,"Vorpommern",2004
"1303",0.9504,5,10,3,"Vorpommern",2005
"1303",0.99201,5,10,3,"Vorpommern",2006
"1303",0.97126,5,10,3,"Vorpommern",2007
"1303",0.99332,5,10,3,"Vorpommern",2008
"1303",0.96778,5,10,3,"Vorpommern",2009
"1303",0.98144,5,10,3,"Vorpommern",2010
"1303",0.98485,5,10,3,"Vorpommern",2011
"1303",0.96201,5,10,3,"Vorpommern",2012
"1303",1,5,10,3,"Vorpommern",2013
"1303",0.99232,5,10,3,"Vorpommern",2014
"1303",0.96578,5,10,3,"Vorpommern",2015
"1303",0.96207,5,10,3,"Vorpommern",2016
"1303",0.95827,5,10,3,"Vorpommern",2017
"1303",0.92188,5,10,3,"Vorpommern",2018
"1303",0.91777,5,10,3,"Vorpommern",2019
"1303",0.91636,5,10,3,"Vorpommern",2020
"1303",0.96006,5,10,3,"Vorpommern",2021
"1304",0.86175,5,10,3,"Westmecklenburg",1998
"1304",0.89776,5,10,3,"Westmecklenburg",1999
"1304",0.85328,5,10,3,"Westmecklenburg",2000
"1304",0.86988,5,10,3,"Westmecklenburg",2001
"1304",0.81249,5,10,3,"Westmecklenburg",2002
"1304",0.8014,5,10,3,"Westmecklenburg",2003
"1304",0.82166,5,10,3,"Westmecklenburg",2004
"1304",0.84224,5,10,3,"Westmecklenburg",2005
"1304",0.88645,5,10,3,"Westmecklenburg",2006
"1304",0.91101,5,10,3,"Westmecklenburg",2007
"1304",0.90939,5,10,3,"Westmecklenburg",2008
"1304",0.92343,5,10,3,"Westmecklenburg",2009
"1304",0.93614,5,10,3,"Westmecklenburg",2010
"1304",0.94142,5,10,3,"Westmecklenburg",2011
"1304",0.88004,5,10,3,"Westmecklenburg",2012
"1304",0.88375,5,10,3,"Westmecklenburg",2013
"1304",0.88014,5,10,3,"Westmecklenburg",2014
"1304",0.87393,5,10,3,"Westmecklenburg",2015
"1304",0.87351,5,10,3,"Westmecklenburg",2016
"1304",0.88834,5,10,3,"Westmecklenburg",2017
"1304",0.85506,5,10,3,"Westmecklenburg",2018
"1304",0.85522,5,9,3,"Westmecklenburg",2019
"1304",0.85585,5,9,3,"Westmecklenburg",2020
"1304",0.89878,5,10,3,"Westmecklenburg",2021
"1401",0.58419,4,7,2,"Oberes Elbtal/Osterzgebirge",1998
"1401",0.62248,4,7,2,"Oberes Elbtal/Osterzgebirge",1999
"1401",0.61958,4,8,2,"Oberes Elbtal/Osterzgebirge",2000
"1401",0.61388,4,8,2,"Oberes Elbtal/Osterzgebirge",2001
"1401",0.54413,4,7,2,"Oberes Elbtal/Osterzgebirge",2002
"1401",0.51531,4,7,2,"Oberes Elbtal/Osterzgebirge",2003
"1401",0.51106,4,7,2,"Oberes Elbtal/Osterzgebirge",2004
"1401",0.52422,3,6,2,"Oberes Elbtal/Osterzgebirge",2005
"1401",0.54253,3,6,2,"Oberes Elbtal/Osterzgebirge",2006
"1401",0.54999,3,6,2,"Oberes Elbtal/Osterzgebirge",2007
"1401",0.56277,3,6,2,"Oberes Elbtal/Osterzgebirge",2008
"1401",0.55526,3,6,2,"Oberes Elbtal/Osterzgebirge",2009
"1401",0.56613,3,6,2,"Oberes Elbtal/Osterzgebirge",2010
"1401",0.54888,3,6,2,"Oberes Elbtal/Osterzgebirge",2011
"1401",0.56969,3,6,2,"Oberes Elbtal/Osterzgebirge",2012
"1401",0.58994,3,6,2,"Oberes Elbtal/Osterzgebirge",2013
"1401",0.60053,3,5,2,"Oberes Elbtal/Osterzgebirge",2014
"1401",0.57901,3,5,2,"Oberes Elbtal/Osterzgebirge",2015
"1401",0.56409,3,5,2,"Oberes Elbtal/Osterzgebirge",2016
"1401",0.5942,3,5,2,"Oberes Elbtal/Osterzgebirge",2017
"1401",0.55621,3,5,2,"Oberes Elbtal/Osterzgebirge",2018
"1401",0.56647,3,5,2,"Oberes Elbtal/Osterzgebirge",2019
"1401",0.56574,2,4,2,"Oberes Elbtal/Osterzgebirge",2020
"1401",0.57588,2,4,2,"Oberes Elbtal/Osterzgebirge",2021
"1402",0.79659,5,9,3,"Oberlausitz-Niederschlesien",1998
"1402",0.85613,5,9,3,"Oberlausitz-Niederschlesien",1999
"1402",0.82584,5,10,3,"Oberlausitz-Niederschlesien",2000
"1402",0.81621,5,9,3,"Oberlausitz-Niederschlesien",2001
"1402",0.79609,5,10,3,"Oberlausitz-Niederschlesien",2002
"1402",0.7592,5,9,3,"Oberlausitz-Niederschlesien",2003
"1402",0.771,5,9,3,"Oberlausitz-Niederschlesien",2004
"1402",0.76084,5,9,3,"Oberlausitz-Niederschlesien",2005
"1402",0.77419,5,9,3,"Oberlausitz-Niederschlesien",2006
"1402",0.79387,5,9,3,"Oberlausitz-Niederschlesien",2007
"1402",0.79902,5,9,3,"Oberlausitz-Niederschlesien",2008
"1402",0.78944,5,9,3,"Oberlausitz-Niederschlesien",2009
"1402",0.77202,5,9,3,"Oberlausitz-Niederschlesien",2010
"1402",0.76998,5,9,3,"Oberlausitz-Niederschlesien",2011
"1402",0.81626,5,9,3,"Oberlausitz-Niederschlesien",2012
"1402",0.81684,5,9,3,"Oberlausitz-Niederschlesien",2013
"1402",0.79488,4,8,2,"Oberlausitz-Niederschlesien",2014
"1402",0.80512,5,9,3,"Oberlausitz-Niederschlesien",2015
"1402",0.80792,4,8,2,"Oberlausitz-Niederschlesien",2016
"1402",0.79689,4,8,2,"Oberlausitz-Niederschlesien",2017
"1402",0.76831,4,8,2,"Oberlausitz-Niederschlesien",2018
"1402",0.76493,4,8,2,"Oberlausitz-Niederschlesien",2019
"1402",0.78103,4,8,2,"Oberlausitz-Niederschlesien",2020
"1402",0.82073,4,8,2,"Oberlausitz-Niederschlesien",2021
"1403",0.74072,5,9,3,"Südsachsen",1998
"1403",0.80885,5,9,3,"Südsachsen",1999
"1403",0.75764,5,9,3,"Südsachsen",2000
"1403",0.75863,5,9,3,"Südsachsen",2001
"1403",0.71819,5,9,3,"Südsachsen",2002
"1403",0.68851,5,9,3,"Südsachsen",2003
"1403",0.68006,4,8,2,"Südsachsen",2004
"1403",0.69361,4,8,2,"Südsachsen",2005
"1403",0.69261,4,8,2,"Südsachsen",2006
"1403",0.71218,4,8,2,"Südsachsen",2007
"1403",0.71619,4,8,2,"Südsachsen",2008
"1403",0.7176,4,8,2,"Südsachsen",2009
"1403",0.70978,4,8,2,"Südsachsen",2010
"1403",0.69397,4,8,2,"Südsachsen",2011
"1403",0.718,4,8,2,"Südsachsen",2012
"1403",0.75297,4,8,2,"Südsachsen",2013
"1403",0.7615,4,8,2,"Südsachsen",2014
"1403",0.74536,4,8,2,"Südsachsen",2015
"1403",0.74154,4,8,2,"Südsachsen",2016
"1403",0.76042,4,7,2,"Südsachsen",2017
"1403",0.72655,4,7,2,"Südsachsen",2018
"1403",0.73812,4,7,2,"Südsachsen",2019
"1403",0.75301,4,8,2,"Südsachsen",2020
"1403",0.79191,4,8,2,"Südsachsen",2021
"1404",0.77249,5,9,3,"Westsachsen",1998
"1404",0.80999,5,9,3,"Westsachsen",1999
"1404",0.77494,5,9,3,"Westsachsen",2000
"1404",0.78469,5,9,3,"Westsachsen",2001
"1404",0.7371,5,9,3,"Westsachsen",2002
"1404",0.70681,5,9,3,"Westsachsen",2003
"1404",0.71988,5,9,3,"Westsachsen",2004
"1404",0.73295,5,9,3,"Westsachsen",2005
"1404",0.75048,5,9,3,"Westsachsen",2006
"1404",0.77503,5,9,3,"Westsachsen",2007
"1404",0.7771,5,9,3,"Westsachsen",2008
"1404",0.75483,5,9,3,"Westsachsen",2009
"1404",0.78438,5,9,3,"Westsachsen",2010
"1404",0.77916,5,9,3,"Westsachsen",2011
"1404",0.76859,4,8,2,"Westsachsen",2012
"1404",0.79146,5,9,3,"Westsachsen",2013
"1404",0.78171,4,8,2,"Westsachsen",2014
"1404",0.7396,4,7,2,"Westsachsen",2015
"1404",0.73814,4,7,2,"Westsachsen",2016
"1404",0.7317,4,7,2,"Westsachsen",2017
"1404",0.71053,4,7,2,"Westsachsen",2018
"1404",0.71632,4,7,2,"Westsachsen",2019
"1404",0.71064,3,6,2,"Westsachsen",2020
"1404",0.73825,4,7,2,"Westsachsen",2021
"1501",1,5,10,3,"Altmark",1998
"1501",1,5,10,3,"Altmark",1999
"1501",1,5,10,3,"Altmark",2000
"1501",1,5,10,3,"Altmark",2001
"1501",1,5,10,3,"Altmark",2002
"1501",1,5,10,3,"Altmark",2003
"1501",1,5,10,3,"Altmark",2004
"1501",1,5,10,3,"Altmark",2005
"1501",1,5,10,3,"Altmark",2006
"1501",1,5,10,3,"Altmark",2007
"1501",1,5,10,3,"Altmark",2008
"1501",1,5,10,3,"Altmark",2009
"1501",1,5,10,3,"Altmark",2010
"1501",0.99829,5,10,3,"Altmark",2011
"1501",1,5,10,3,"Altmark",2012
"1501",0.9841,5,10,3,"Altmark",2013
"1501",1,5,10,3,"Altmark",2014
"1501",1,5,10,3,"Altmark",2015
"1501",1,5,10,3,"Altmark",2016
"1501",1,5,10,3,"Altmark",2017
"1501",1,5,10,3,"Altmark",2018
"1501",1,5,10,3,"Altmark",2019
"1501",1,5,10,3,"Altmark",2020
"1501",1,5,10,3,"Altmark",2021
"1502",0.90147,5,10,3,"Anhalt-Bitterfeld-Wittenberg",1998
"1502",0.92075,5,10,3,"Anhalt-Bitterfeld-Wittenberg",1999
"1502",0.90213,5,10,3,"Anhalt-Bitterfeld-Wittenberg",2000
"1502",0.9242,5,10,3,"Anhalt-Bitterfeld-Wittenberg",2001
"1502",0.87212,5,10,3,"Anhalt-Bitterfeld-Wittenberg",2002
"1502",0.83468,5,10,3,"Anhalt-Bitterfeld-Wittenberg",2003
"1502",0.85838,5,10,3,"Anhalt-Bitterfeld-Wittenberg",2004
"1502",0.83053,5,10,3,"Anhalt-Bitterfeld-Wittenberg",2005
"1502",0.84246,5,10,3,"Anhalt-Bitterfeld-Wittenberg",2006
"1502",0.84405,5,9,3,"Anhalt-Bitterfeld-Wittenberg",2007
"1502",0.86103,5,10,3,"Anhalt-Bitterfeld-Wittenberg",2008
"1502",0.84243,5,10,3,"Anhalt-Bitterfeld-Wittenberg",2009
"1502",0.85956,5,10,3,"Anhalt-Bitterfeld-Wittenberg",2010
"1502",0.85459,5,10,3,"Anhalt-Bitterfeld-Wittenberg",2011
"1502",0.87558,5,10,3,"Anhalt-Bitterfeld-Wittenberg",2012
"1502",0.9104,5,10,3,"Anhalt-Bitterfeld-Wittenberg",2013
"1502",0.91476,5,10,3,"Anhalt-Bitterfeld-Wittenberg",2014
"1502",0.90116,5,10,3,"Anhalt-Bitterfeld-Wittenberg",2015
"1502",0.8984,5,10,3,"Anhalt-Bitterfeld-Wittenberg",2016
"1502",0.92353,5,10,3,"Anhalt-Bitterfeld-Wittenberg",2017
"1502",0.89388,5,10,3,"Anhalt-Bitterfeld-Wittenberg",2018
"1502",0.89768,5,10,3,"Anhalt-Bitterfeld-Wittenberg",2019
"1502",0.90871,5,10,3,"Anhalt-Bitterfeld-Wittenberg",2020
"1502",0.92184,5,10,3,"Anhalt-Bitterfeld-Wittenberg",2021
"1503",0.92019,5,10,3,"Halle/S.",1998
"1503",0.94218,5,10,3,"Halle/S.",1999
"1503",0.91525,5,10,3,"Halle/S.",2000
"1503",0.93765,5,10,3,"Halle/S.",2001
"1503",0.89252,5,10,3,"Halle/S.",2002
"1503",0.89648,5,10,3,"Halle/S.",2003
"1503",0.88943,5,10,3,"Halle/S.",2004
"1503",0.8772,5,10,3,"Halle/S.",2005
"1503",0.87917,5,10,3,"Halle/S.",2006
"1503",0.89865,5,10,3,"Halle/S.",2007
"1503",0.92957,5,10,3,"Halle/S.",2008
"1503",0.90332,5,10,3,"Halle/S.",2009
"1503",0.91345,5,10,3,"Halle/S.",2010
"1503",0.90859,5,10,3,"Halle/S.",2011
"1503",0.91823,5,10,3,"Halle/S.",2012
"1503",0.94016,5,10,3,"Halle/S.",2013
"1503",0.95417,5,10,3,"Halle/S.",2014
"1503",0.96519,5,10,3,"Halle/S.",2015
"1503",0.92605,5,10,3,"Halle/S.",2016
"1503",0.95146,5,10,3,"Halle/S.",2017
"1503",0.91356,5,10,3,"Halle/S.",2018
"1503",0.92408,5,10,3,"Halle/S.",2019
"1503",0.91612,5,10,3,"Halle/S.",2020
"1503",0.93034,5,10,3,"Halle/S.",2021
"1504",0.89823,5,10,3,"Magdeburg",1998
"1504",0.9398,5,10,3,"Magdeburg",1999
"1504",0.90246,5,10,3,"Magdeburg",2000
"1504",0.89955,5,10,3,"Magdeburg",2001
"1504",0.89208,5,10,3,"Magdeburg",2002
"1504",0.85945,5,10,3,"Magdeburg",2003
"1504",0.86707,5,10,3,"Magdeburg",2004
"1504",0.84699,5,10,3,"Magdeburg",2005
"1504",0.84523,5,10,3,"Magdeburg",2006
"1504",0.85511,5,10,3,"Magdeburg",2007
"1504",0.86828,5,10,3,"Magdeburg",2008
"1504",0.84901,5,10,3,"Magdeburg",2009
"1504",0.8664,5,10,3,"Magdeburg",2010
"1504",0.85848,5,10,3,"Magdeburg",2011
"1504",0.8601,5,10,3,"Magdeburg",2012
"1504",0.87586,5,10,3,"Magdeburg",2013
"1504",0.89884,5,10,3,"Magdeburg",2014
"1504",0.89462,5,10,3,"Magdeburg",2015
"1504",0.8788,5,10,3,"Magdeburg",2016
"1504",0.89687,5,10,3,"Magdeburg",2017
"1504",0.86899,5,10,3,"Magdeburg",2018
"1504",0.87737,5,10,3,"Magdeburg",2019
"1504",0.8736,5,10,3,"Magdeburg",2020
"1504",0.8845,5,10,3,"Magdeburg",2021
"1601",0.80811,5,9,3,"Mittelthüringen",1998
"1601",0.80646,5,9,3,"Mittelthüringen",1999
"1601",0.7757,5,9,3,"Mittelthüringen",2000
"1601",0.76506,5,9,3,"Mittelthüringen",2001
"1601",0.70717,5,9,3,"Mittelthüringen",2002
"1601",0.66041,4,8,2,"Mittelthüringen",2003
"1601",0.7237,5,9,3,"Mittelthüringen",2004
"1601",0.71186,5,9,3,"Mittelthüringen",2005
"1601",0.73087,5,9,3,"Mittelthüringen",2006
"1601",0.72406,4,8,2,"Mittelthüringen",2007
"1601",0.70869,4,8,2,"Mittelthüringen",2008
"1601",0.7024,4,8,2,"Mittelthüringen",2009
"1601",0.71747,4,8,2,"Mittelthüringen",2010
"1601",0.70609,4,8,2,"Mittelthüringen",2011
"1601",0.71128,4,8,2,"Mittelthüringen",2012
"1601",0.72669,4,8,2,"Mittelthüringen",2013
"1601",0.73621,4,8,2,"Mittelthüringen",2014
"1601",0.73968,4,7,2,"Mittelthüringen",2015
"1601",0.73551,4,7,2,"Mittelthüringen",2016
"1601",0.78199,4,8,2,"Mittelthüringen",2017
"1601",0.7601,4,8,2,"Mittelthüringen",2018
"1601",0.76833,4,8,2,"Mittelthüringen",2019
"1601",0.76673,4,8,2,"Mittelthüringen",2020
"1601",0.79908,4,8,2,"Mittelthüringen",2021
"1602",0.88458,5,10,3,"Nordthüringen",1998
"1602",0.88092,5,10,3,"Nordthüringen",1999
"1602",0.84567,5,10,3,"Nordthüringen",2000
"1602",0.85691,5,10,3,"Nordthüringen",2001
"1602",0.84333,5,10,3,"Nordthüringen",2002
"1602",0.77981,5,10,3,"Nordthüringen",2003
"1602",0.81407,5,10,3,"Nordthüringen",2004
"1602",0.81187,5,10,3,"Nordthüringen",2005
"1602",0.84173,5,9,3,"Nordthüringen",2006
"1602",0.84613,5,10,3,"Nordthüringen",2007
"1602",0.82151,5,9,3,"Nordthüringen",2008
"1602",0.83238,5,10,3,"Nordthüringen",2009
"1602",0.84782,5,10,3,"Nordthüringen",2010
"1602",0.81993,5,9,3,"Nordthüringen",2011
"1602",0.84872,5,10,3,"Nordthüringen",2012
"1602",0.88809,5,10,3,"Nordthüringen",2013
"1602",0.88188,5,10,3,"Nordthüringen",2014
"1602",0.88089,5,10,3,"Nordthüringen",2015
"1602",0.87458,5,10,3,"Nordthüringen",2016
"1602",0.88708,5,9,3,"Nordthüringen",2017
"1602",0.8651,5,10,3,"Nordthüringen",2018
"1602",0.88206,5,10,3,"Nordthüringen",2019
"1602",0.8688,5,10,3,"Nordthüringen",2020
"1602",0.88915,5,10,3,"Nordthüringen",2021
"1603",0.73157,4,8,2,"Ostthüringen",1998
"1603",0.75007,4,8,2,"Ostthüringen",1999
"1603",0.70589,5,9,3,"Ostthüringen",2000
"1603",0.71217,5,9,3,"Ostthüringen",2001
"1603",0.66157,4,8,2,"Ostthüringen",2002
"1603",0.62349,4,8,2,"Ostthüringen",2003
"1603",0.65181,4,8,2,"Ostthüringen",2004
"1603",0.65763,4,8,2,"Ostthüringen",2005
"1603",0.65261,4,8,2,"Ostthüringen",2006
"1603",0.65975,4,8,2,"Ostthüringen",2007
"1603",0.67984,4,8,2,"Ostthüringen",2008
"1603",0.68001,4,8,2,"Ostthüringen",2009
"1603",0.66924,4,7,2,"Ostthüringen",2010
"1603",0.66273,4,7,2,"Ostthüringen",2011
"1603",0.67554,4,7,2,"Ostthüringen",2012
"1603",0.69124,4,7,2,"Ostthüringen",2013
"1603",0.71395,4,7,2,"Ostthüringen",2014
"1603",0.70687,4,7,2,"Ostthüringen",2015
"1603",0.70777,4,7,2,"Ostthüringen",2016
"1603",0.71291,4,7,2,"Ostthüringen",2017
"1603",0.70117,4,7,2,"Ostthüringen",2018
"1603",0.71821,4,7,2,"Ostthüringen",2019
"1603",0.71666,4,7,2,"Ostthüringen",2020
"1603",0.74593,4,7,2,"Ostthüringen",2021
"1604",0.76529,5,9,3,"Südthüringen",1998
"1604",0.78279,5,9,3,"Südthüringen",1999
"1604",0.75858,5,9,3,"Südthüringen",2000
"1604",0.74611,5,9,3,"Südthüringen",2001
"1604",0.70193,5,9,3,"Südthüringen",2002
"1604",0.65677,4,8,2,"Südthüringen",2003
"1604",0.6952,5,9,3,"Südthüringen",2004
"1604",0.69375,4,8,2,"Südthüringen",2005
"1604",0.70508,5,9,3,"Südthüringen",2006
"1604",0.68266,4,8,2,"Südthüringen",2007
"1604",0.69686,4,8,2,"Südthüringen",2008
"1604",0.70727,4,8,2,"Südthüringen",2009
"1604",0.693,4,8,2,"Südthüringen",2010
"1604",0.66416,4,8,2,"Südthüringen",2011
"1604",0.68574,4,8,2,"Südthüringen",2012
"1604",0.71685,4,8,2,"Südthüringen",2013
"1604",0.73314,4,7,2,"Südthüringen",2014
"1604",0.734,4,7,2,"Südthüringen",2015
"1604",0.73638,4,7,2,"Südthüringen",2016
"1604",0.78649,4,8,2,"Südthüringen",2017
"1604",0.75867,4,8,2,"Südthüringen",2018
"1604",0.7775,4,8,2,"Südthüringen",2019
"1604",0.72602,4,7,2,"Südthüringen",2020
"1604",0.7414,4,7,2,"Südthüringen",2021
