"year","PLZ2","gisd_score","population","gisd_5","gisd_10","gisd_k"
1998,1,0.675298,1242943,4,8,2
1998,2,0.870262,427271,5,10,3
1998,3,0.805823,294995,5,9,3
1998,4,0.847226,1227112,5,9,3
1998,6,1,1276724,5,10,3
1998,7,0.773166,562704,5,9,3
1998,8,0.796689,577243,5,9,3
1998,9,0.808412,788063,5,9,3
1998,10,0.849006,414467,5,9,3
1998,12,0.847703,1377942,5,9,3
1998,13,0.848982,1173394,5,9,3
1998,14,0.770747,1264837,5,9,3
1998,15,0.788426,627638,5,9,3
1998,16,0.889397,598413,5,10,3
1998,17,0.988637,582175,5,10,3
1998,18,0.916496,603349,5,10,3
1998,19,0.926557,401381,5,10,3
1998,20,0.340104,123873,1,2,1
1998,21,0.389039,1597996,2,3,2
1998,22,0.335558,1103442,1,2,1
1998,23,0.666763,733238,4,8,2
1998,24,0.63956,1095349,4,7,2
1998,25,0.531313,694669,3,6,2
1998,26,0.717563,1174940,4,8,2
1998,27,0.698473,860141,4,8,2
1998,28,0.555354,738878,3,6,2
1998,29,0.713169,522068,4,8,2
1998,30,0.46086,912461,3,5,2
1998,31,0.579253,987374,4,7,2
1998,32,0.488416,885607,3,5,2
1998,33,0.479678,1082569,3,5,2
1998,34,0.532625,771997,3,6,2
1998,35,0.485863,912547,3,5,2
1998,36,0.486254,522085,3,5,2
1998,37,0.672514,433234,4,8,2
1998,38,0.573046,1141969,4,7,2
1998,39,0.98041,783323,5,10,3
1998,40,0.252482,991992,1,1,1
1998,41,0.4988,952282,3,6,2
1998,42,0.566607,878888,3,6,2
1998,44,0.642403,1267494,4,8,2
1998,45,0.582895,1559154,4,7,2
1998,46,0.593328,894580,4,7,2
1998,47,0.692614,1313713,4,8,2
1998,48,0.387374,1189935,2,3,2
1998,49,0.598093,1228129,4,7,2
1998,50,0.410493,1084177,2,4,2
1998,51,0.39238,1079789,2,4,2
1998,52,0.614877,941131,4,7,2
1998,53,0.381473,1265468,2,3,2
1998,54,0.579003,516542,4,7,2
1998,55,0.42768,795458,2,4,2
1998,56,0.572119,849197,3,6,2
1998,57,0.489715,598580,3,5,2
1998,58,0.606944,930406,4,7,2
1998,59,0.550969,1145053,3,6,2
1998,60,0.268865,619157,1,2,1
1998,61,0.080013,451016,1,1,1
1998,63,0.406569,1268561,2,4,2
1998,64,0.297839,792590,1,2,1
1998,65,0.266665,1081648,1,2,1
1998,66,0.697069,1248759,4,8,2
1998,67,0.590214,1033467,4,7,2
1998,68,0.40175,601445,2,4,2
1998,69,0.225201,508949,1,1,1
1998,70,0.162292,821650,1,1,1
1998,71,0.182974,1000158,1,1,1
1998,72,0.360661,1056260,2,3,2
1998,73,0.281645,1006392,1,2,1
1998,74,0.361552,1057532,2,3,2
1998,75,0.391426,484410,2,4,2
1998,76,0.323941,1139769,1,2,1
1998,77,0.431105,478943,2,4,2
1998,78,0.480645,741488,3,5,2
1998,79,0.449517,1040371,2,4,2
1998,80,0.000302,626238,1,1,1
1998,81,0,814923,1,1,1
1998,82,0.048143,735553,1,1,1
1998,83,0.286112,762163,1,2,1
1998,84,0.371239,684830,2,3,2
1998,85,0.094486,1114901,1,1,1
1998,86,0.384033,1164100,2,3,2
1998,87,0.393737,522875,2,4,2
1998,88,0.313192,846572,1,2,1
1998,89,0.367919,763761,2,3,2
1998,90,0.454641,892793,3,5,2
1998,91,0.3226,999919,1,2,1
1998,92,0.489907,516635,3,6,2
1998,93,0.386308,590817,2,3,2
1998,94,0.531158,705807,3,6,2
1998,95,0.512386,497496,3,6,2
1998,96,0.489284,552316,3,5,2
1998,97,0.41386,1061351,2,4,2
1998,98,0.858101,242064,5,10,3
1998,99,0.900959,831356,5,10,3
1999,1,0.707253,1242943,4,8,2
1999,2,0.916484,427271,5,10,3
1999,3,0.820643,294995,5,9,3
1999,4,0.869924,1227112,5,9,3
1999,6,1,1276724,5,10,3
1999,7,0.773683,562704,5,9,3
1999,8,0.876241,577243,5,10,3
1999,9,0.846354,788063,5,9,3
1999,10,0.844821,414467,5,9,3
1999,12,0.844019,1377942,5,9,3
1999,13,0.844818,1173394,5,9,3
1999,14,0.788021,1264837,5,9,3
1999,15,0.820849,627638,5,9,3
1999,16,0.91226,598413,5,10,3
1999,17,0.999276,582175,5,10,3
1999,18,0.920457,603349,5,10,3
1999,19,0.942273,401381,5,10,3
1999,20,0.370958,123873,1,2,1
1999,21,0.4221,1597996,2,4,2
1999,22,0.364613,1103442,1,2,1
1999,23,0.685955,733238,4,8,2
1999,24,0.637999,1095349,4,7,2
1999,25,0.559718,694669,3,6,2
1999,26,0.724008,1174940,4,8,2
1999,27,0.702221,860141,4,8,2
1999,28,0.54636,738878,3,6,2
1999,29,0.711404,522068,4,8,2
1999,30,0.484986,912461,3,5,2
1999,31,0.582522,987374,3,6,2
1999,32,0.513476,885607,3,5,2
1999,33,0.504802,1082569,3,5,2
1999,34,0.546157,771997,3,6,2
1999,35,0.499126,912547,3,5,2
1999,36,0.518125,522085,3,6,2
1999,37,0.683918,433234,4,8,2
1999,38,0.563838,1141969,3,6,2
1999,39,0.992894,783323,5,10,3
1999,40,0.283498,991992,1,1,1
1999,41,0.509876,952282,3,5,2
1999,42,0.581494,878888,3,6,2
1999,44,0.649439,1267494,4,8,2
1999,45,0.601343,1559154,4,7,2
1999,46,0.611662,894580,4,7,2
1999,47,0.69509,1313713,4,8,2
1999,48,0.428579,1189935,2,4,2
1999,49,0.604767,1228129,4,7,2
1999,50,0.422908,1084177,2,4,2
1999,51,0.411036,1079789,2,3,2
1999,52,0.61835,941131,4,7,2
1999,53,0.407351,1265468,2,3,2
1999,54,0.602541,516542,4,7,2
1999,55,0.448367,795458,2,4,2
1999,56,0.59291,849197,4,7,2
1999,57,0.514316,598580,3,5,2
1999,58,0.611611,930406,4,7,2
1999,59,0.583,1145053,4,7,2
1999,60,0.307367,619157,1,2,1
1999,61,0.142777,451016,1,1,1
1999,63,0.443408,1268561,2,4,2
1999,64,0.350608,792590,1,2,1
1999,65,0.31004,1081648,1,2,1
1999,66,0.708524,1248759,4,8,2
1999,67,0.606573,1033467,4,7,2
1999,68,0.443393,601445,2,4,2
1999,69,0.254939,508949,1,1,1
1999,70,0.182312,821650,1,1,1
1999,71,0.223654,1000158,1,1,1
1999,72,0.38173,1056260,2,3,2
1999,73,0.3055,1006392,1,2,1
1999,74,0.387256,1057532,2,3,2
1999,75,0.412957,484410,2,3,2
1999,76,0.352716,1139769,1,2,1
1999,77,0.458655,478943,2,4,2
1999,78,0.498889,741488,3,5,2
1999,79,0.488838,1040371,3,5,2
1999,80,0.000188,626238,1,1,1
1999,81,0,814923,1,1,1
1999,82,0.086095,735553,1,1,1
1999,83,0.327919,762163,1,2,1
1999,84,0.409711,684830,2,3,2
1999,85,0.129335,1114901,1,1,1
1999,86,0.387176,1164100,2,3,2
1999,87,0.413796,522875,2,4,2
1999,88,0.326794,846572,1,2,1
1999,89,0.38117,763761,2,3,2
1999,90,0.464372,892793,2,4,2
1999,91,0.345267,999919,1,2,1
1999,92,0.514861,516635,3,6,2
1999,93,0.409056,590817,2,3,2
1999,94,0.555434,705807,3,6,2
1999,95,0.529402,497496,3,6,2
1999,96,0.513927,552316,3,5,2
1999,97,0.415572,1061351,2,4,2
1999,98,0.84523,242064,5,9,3
1999,99,0.884607,831356,5,10,3
2000,1,0.717606,1242943,4,8,2
2000,2,0.914936,427271,5,10,3
2000,3,0.800951,294995,5,9,3
2000,4,0.853743,1227112,5,9,3
2000,6,1,1276724,5,10,3
2000,7,0.752161,562704,5,9,3
2000,8,0.832058,577243,5,9,3
2000,9,0.827272,788063,5,9,3
2000,10,0.749945,414467,5,9,3
2000,12,0.749228,1377942,5,9,3
2000,13,0.749977,1173394,5,9,3
2000,14,0.738839,1264837,5,9,3
2000,15,0.796061,627638,5,9,3
2000,16,0.873588,598413,5,10,3
2000,17,0.979777,582175,5,10,3
2000,18,0.882922,603349,5,10,3
2000,19,0.919269,401381,5,10,3
2000,20,0.354451,123873,1,2,1
2000,21,0.410423,1597996,2,4,2
2000,22,0.341109,1103442,1,2,1
2000,23,0.650488,733238,4,8,2
2000,24,0.583871,1095349,4,8,2
2000,25,0.526125,694669,3,6,2
2000,26,0.689471,1174940,4,8,2
2000,27,0.648337,860141,4,8,2
2000,28,0.513643,738878,3,6,2
2000,29,0.689541,522068,4,8,2
2000,30,0.431126,912461,2,4,2
2000,31,0.539674,987374,3,6,2
2000,32,0.463865,885607,3,5,2
2000,33,0.460353,1082569,3,5,2
2000,34,0.551401,771997,4,7,2
2000,35,0.463767,912547,3,5,2
2000,36,0.509414,522085,3,6,2
2000,37,0.638489,433234,4,8,2
2000,38,0.560207,1141969,4,7,2
2000,39,0.9863,783323,5,10,3
2000,40,0.251816,991992,1,1,1
2000,41,0.458563,952282,3,5,2
2000,42,0.521577,878888,3,6,2
2000,44,0.579272,1267494,4,7,2
2000,45,0.546761,1559154,4,7,2
2000,46,0.55342,894580,4,7,2
2000,47,0.616623,1313713,4,8,2
2000,48,0.403857,1189935,2,4,2
2000,49,0.578479,1228129,4,7,2
2000,50,0.368872,1084177,2,3,2
2000,51,0.366273,1079789,2,3,2
2000,52,0.559468,941131,4,7,2
2000,53,0.370655,1265468,2,3,2
2000,54,0.583274,516542,4,7,2
2000,55,0.415776,795458,2,4,2
2000,56,0.544593,849197,3,6,2
2000,57,0.498752,598580,3,6,2
2000,58,0.563388,930406,4,7,2
2000,59,0.53877,1145053,3,6,2
2000,60,0.282494,619157,1,2,1
2000,61,0.144015,451016,1,1,1
2000,63,0.423224,1268561,2,4,2
2000,64,0.338238,792590,1,2,1
2000,65,0.293026,1081648,1,2,1
2000,66,0.645432,1248759,4,8,2
2000,67,0.562852,1033467,4,7,2
2000,68,0.421728,601445,2,4,2
2000,69,0.231027,508949,1,1,1
2000,70,0.177228,821650,1,1,1
2000,71,0.197589,1000158,1,1,1
2000,72,0.374842,1056260,2,3,2
2000,73,0.303176,1006392,1,2,1
2000,74,0.402089,1057532,2,4,2
2000,75,0.384266,484410,2,3,2
2000,76,0.340398,1139769,1,2,1
2000,77,0.435056,478943,3,5,2
2000,78,0.490168,741488,3,5,2
2000,79,0.451705,1040371,3,5,2
2000,80,0.000067,626238,1,1,1
2000,81,0,814923,1,1,1
2000,82,0.098284,735553,1,1,1
2000,83,0.311787,762163,1,2,1
2000,84,0.395958,684830,2,3,2
2000,85,0.154394,1114901,1,1,1
2000,86,0.375856,1164100,2,3,2
2000,87,0.397847,522875,2,4,2
2000,88,0.365443,846572,1,2,1
2000,89,0.372983,763761,2,3,2
2000,90,0.427849,892793,2,4,2
2000,91,0.334224,999919,1,2,1
2000,92,0.483008,516635,3,5,2
2000,93,0.402,590817,2,4,2
2000,94,0.528657,705807,3,6,2
2000,95,0.502147,497496,3,6,2
2000,96,0.477887,552316,3,5,2
2000,97,0.396293,1061351,2,3,2
2000,98,0.858765,242064,5,10,3
2000,99,0.867293,831356,5,10,3
2001,1,0.683821,1242943,4,8,2
2001,2,0.890107,427271,5,10,3
2001,3,0.789595,294995,5,9,3
2001,4,0.83676,1227112,5,10,3
2001,6,0.989333,1276724,5,10,3
2001,7,0.734014,562704,5,9,3
2001,8,0.814589,577243,5,9,3
2001,9,0.786504,788063,5,9,3
2001,10,0.715512,414467,5,9,3
2001,12,0.714379,1377942,5,9,3
2001,13,0.715514,1173394,5,9,3
2001,14,0.703587,1264837,5,9,3
2001,15,0.768361,627638,5,9,3
2001,16,0.846079,598413,5,10,3
2001,17,1,582175,5,10,3
2001,18,0.910052,603349,5,10,3
2001,19,0.906099,401381,5,10,3
2001,20,0.319562,123873,1,2,1
2001,21,0.376147,1597996,2,4,2
2001,22,0.307728,1103442,1,2,1
2001,23,0.644211,733238,4,8,2
2001,24,0.57284,1095349,4,8,2
2001,25,0.520593,694669,3,6,2
2001,26,0.667276,1174940,4,8,2
2001,27,0.621038,860141,4,8,2
2001,28,0.471838,738878,3,5,2
2001,29,0.660334,522068,4,8,2
2001,30,0.44134,912461,3,5,2
2001,31,0.523287,987374,4,7,2
2001,32,0.457379,885607,3,5,2
2001,33,0.447318,1082569,3,5,2
2001,34,0.499455,771997,3,6,2
2001,35,0.430386,912547,3,5,2
2001,36,0.475119,522085,3,6,2
2001,37,0.628996,433234,4,8,2
2001,38,0.516913,1141969,3,6,2
2001,39,0.95686,783323,5,10,3
2001,40,0.243361,991992,1,2,1
2001,41,0.463114,952282,3,5,2
2001,42,0.512652,878888,3,6,2
2001,44,0.572247,1267494,4,7,2
2001,45,0.541579,1559154,4,7,2
2001,46,0.549008,894580,4,7,2
2001,47,0.606316,1313713,4,8,2
2001,48,0.388058,1189935,2,4,2
2001,49,0.545667,1228129,4,7,2
2001,50,0.355673,1084177,2,3,2
2001,51,0.342768,1079789,2,3,2
2001,52,0.550049,941131,4,7,2
2001,53,0.346178,1265468,2,3,2
2001,54,0.558593,516542,4,7,2
2001,55,0.369281,795458,2,3,2
2001,56,0.518475,849197,3,6,2
2001,57,0.477994,598580,3,6,2
2001,58,0.547331,930406,4,7,2
2001,59,0.53167,1145053,4,7,2
2001,60,0.223544,619157,1,1,1
2001,61,0.085826,451016,1,1,1
2001,63,0.372298,1268561,2,4,2
2001,64,0.294878,792590,1,2,1
2001,65,0.24361,1081648,1,2,1
2001,66,0.615127,1248759,4,8,2
2001,67,0.54091,1033467,4,7,2
2001,68,0.383479,601445,2,4,2
2001,69,0.200968,508949,1,1,1
2001,70,0.150765,821650,1,1,1
2001,71,0.171373,1000158,1,1,1
2001,72,0.334778,1056260,2,3,2
2001,73,0.270172,1006392,1,2,1
2001,74,0.37148,1057532,2,3,2
2001,75,0.34004,484410,2,3,2
2001,76,0.29622,1139769,1,2,1
2001,77,0.411661,478943,2,4,2
2001,78,0.447939,741488,3,5,2
2001,79,0.432269,1040371,3,5,2
2001,80,0.000091,626238,1,1,1
2001,81,0,814923,1,1,1
2001,82,0.087385,735553,1,1,1
2001,83,0.321162,762163,1,2,1
2001,84,0.387597,684830,2,4,2
2001,85,0.127542,1114901,1,1,1
2001,86,0.348932,1164100,2,3,2
2001,87,0.375831,522875,2,4,2
2001,88,0.314309,846572,1,2,1
2001,89,0.343409,763761,2,3,2
2001,90,0.410726,892793,2,4,2
2001,91,0.305463,999919,1,2,1
2001,92,0.474916,516635,3,6,2
2001,93,0.396562,590817,2,4,2
2001,94,0.506149,705807,3,6,2
2001,95,0.491189,497496,3,6,2
2001,96,0.443459,552316,3,5,2
2001,97,0.380457,1061351,2,4,2
2001,98,0.813912,242064,5,9,3
2001,99,0.832612,831356,5,10,3
2002,1,0.645971,1242943,4,8,2
2002,2,0.908059,427271,5,10,3
2002,3,0.766894,294995,5,9,3
2002,4,0.826315,1227112,5,10,3
2002,6,0.989743,1276724,5,10,3
2002,7,0.7061,562704,5,9,3
2002,8,0.809728,577243,5,9,3
2002,9,0.778165,788063,5,9,3
2002,10,0.752699,414467,5,9,3
2002,12,0.751426,1377942,5,9,3
2002,13,0.752669,1173394,5,9,3
2002,14,0.719732,1264837,5,9,3
2002,15,0.760777,627638,5,9,3
2002,16,0.852121,598413,5,10,3
2002,17,1,582175,5,10,3
2002,18,0.902161,603349,5,10,3
2002,19,0.880953,401381,5,10,3
2002,20,0.350338,123873,1,2,1
2002,21,0.399132,1597996,2,4,2
2002,22,0.331052,1103442,1,2,1
2002,23,0.660296,733238,4,8,2
2002,24,0.589003,1095349,4,7,2
2002,25,0.524259,694669,3,6,2
2002,26,0.702711,1174940,4,8,2
2002,27,0.650246,860141,4,8,2
2002,28,0.482916,738878,3,5,2
2002,29,0.694139,522068,4,8,2
2002,30,0.475115,912461,3,5,2
2002,31,0.547985,987374,3,6,2
2002,32,0.496356,885607,3,5,2
2002,33,0.469526,1082569,3,5,2
2002,34,0.526972,771997,3,6,2
2002,35,0.445585,912547,2,4,2
2002,36,0.474232,522085,3,5,2
2002,37,0.656448,433234,4,8,2
2002,38,0.583989,1141969,4,7,2
2002,39,0.990952,783323,5,10,3
2002,40,0.278998,991992,1,2,1
2002,41,0.496128,952282,3,5,2
2002,42,0.535184,878888,3,6,2
2002,44,0.58855,1267494,4,7,2
2002,45,0.558666,1559154,3,6,2
2002,46,0.570094,894580,4,7,2
2002,47,0.637864,1313713,4,8,2
2002,48,0.408139,1189935,2,4,2
2002,49,0.591544,1228129,4,7,2
2002,50,0.396326,1084177,2,3,2
2002,51,0.389717,1079789,2,3,2
2002,52,0.586356,941131,4,7,2
2002,53,0.380812,1265468,2,3,2
2002,54,0.60189,516542,4,8,2
2002,55,0.39052,795458,2,3,2
2002,56,0.560325,849197,3,6,2
2002,57,0.520691,598580,3,6,2
2002,58,0.580326,930406,4,7,2
2002,59,0.573392,1145053,4,7,2
2002,60,0.229899,619157,1,1,1
2002,61,0.090367,451016,1,1,1
2002,63,0.392102,1268561,2,3,2
2002,64,0.289838,792590,1,2,1
2002,65,0.242358,1081648,1,2,1
2002,66,0.619923,1248759,4,8,2
2002,67,0.564733,1033467,3,6,2
2002,68,0.395545,601445,2,3,2
2002,69,0.210852,508949,1,1,1
2002,70,0.199115,821650,1,1,1
2002,71,0.216782,1000158,1,1,1
2002,72,0.395668,1056260,2,3,2
2002,73,0.313551,1006392,1,2,1
2002,74,0.413729,1057532,2,4,2
2002,75,0.397858,484410,2,4,2
2002,76,0.327631,1139769,1,2,1
2002,77,0.462959,478943,3,5,2
2002,78,0.506714,741488,3,5,2
2002,79,0.456898,1040371,3,5,2
2002,80,0.000167,626238,1,1,1
2002,81,0,814923,1,1,1
2002,82,0.072213,735553,1,1,1
2002,83,0.344689,762163,1,2,1
2002,84,0.429009,684830,2,4,2
2002,85,0.14458,1114901,1,1,1
2002,86,0.394846,1164100,2,3,2
2002,87,0.411031,522875,2,4,2
2002,88,0.362092,846572,1,2,1
2002,89,0.385221,763761,2,3,2
2002,90,0.451891,892793,2,4,2
2002,91,0.34286,999919,1,2,1
2002,92,0.521673,516635,3,6,2
2002,93,0.423946,590817,2,4,2
2002,94,0.591935,705807,4,7,2
2002,95,0.570671,497496,4,7,2
2002,96,0.529129,552316,3,6,2
2002,97,0.431122,1061351,2,4,2
2002,98,0.790819,242064,5,9,3
2002,99,0.819635,831356,5,10,3
2003,1,0.619668,1242943,4,8,2
2003,2,0.884308,427271,5,10,3
2003,3,0.772533,294995,5,9,3
2003,4,0.805179,1227112,5,10,3
2003,6,0.995462,1276724,5,10,3
2003,7,0.679181,562704,4,8,2
2003,8,0.790394,577243,5,10,3
2003,9,0.754578,788063,5,9,3
2003,10,0.772372,414467,5,9,3
2003,12,0.77011,1377942,5,9,3
2003,13,0.772287,1173394,5,9,3
2003,14,0.724161,1264837,5,9,3
2003,15,0.757452,627638,5,9,3
2003,16,0.843879,598413,5,10,3
2003,17,1,582175,5,10,3
2003,18,0.91462,603349,5,10,3
2003,19,0.892715,401381,5,10,3
2003,20,0.321583,123873,1,2,1
2003,21,0.366606,1597996,2,3,2
2003,22,0.302426,1103442,1,2,1
2003,23,0.635546,733238,4,8,2
2003,24,0.584407,1095349,4,7,2
2003,25,0.501791,694669,3,6,2
2003,26,0.696787,1174940,4,8,2
2003,27,0.654001,860141,4,8,2
2003,28,0.473042,738878,3,5,2
2003,29,0.701681,522068,5,9,3
2003,30,0.47463,912461,3,5,2
2003,31,0.559963,987374,4,7,2
2003,32,0.482294,885607,3,5,2
2003,33,0.462879,1082569,3,5,2
2003,34,0.518385,771997,3,6,2
2003,35,0.448872,912547,3,5,2
2003,36,0.457569,522085,3,5,2
2003,37,0.657484,433234,4,8,2
2003,38,0.568138,1141969,4,7,2
2003,39,0.980371,783323,5,10,3
2003,40,0.249655,991992,1,2,1
2003,41,0.476846,952282,3,5,2
2003,42,0.531545,878888,3,6,2
2003,44,0.588024,1267494,4,8,2
2003,45,0.550741,1559154,3,6,2
2003,46,0.560785,894580,4,7,2
2003,47,0.625745,1313713,4,8,2
2003,48,0.388693,1189935,2,4,2
2003,49,0.58042,1228129,4,7,2
2003,50,0.378777,1084177,2,3,2
2003,51,0.376613,1079789,2,3,2
2003,52,0.576037,941131,4,7,2
2003,53,0.361047,1265468,2,3,2
2003,54,0.558143,516542,4,7,2
2003,55,0.374429,795458,2,3,2
2003,56,0.545002,849197,3,6,2
2003,57,0.498398,598580,3,6,2
2003,58,0.574972,930406,4,7,2
2003,59,0.564356,1145053,4,7,2
2003,60,0.237939,619157,1,2,1
2003,61,0.072008,451016,1,1,1
2003,63,0.386093,1268561,2,4,2
2003,64,0.273478,792590,1,2,1
2003,65,0.23535,1081648,1,1,1
2003,66,0.599797,1248759,4,8,2
2003,67,0.552497,1033467,3,6,2
2003,68,0.373677,601445,2,3,2
2003,69,0.178487,508949,1,1,1
2003,70,0.143898,821650,1,1,1
2003,71,0.174744,1000158,1,1,1
2003,72,0.363351,1056260,2,3,2
2003,73,0.28363,1006392,1,2,1
2003,74,0.383811,1057532,2,4,2
2003,75,0.384496,484410,2,4,2
2003,76,0.301177,1139769,1,2,1
2003,77,0.428911,478943,2,4,2
2003,78,0.47541,741488,3,5,2
2003,79,0.425236,1040371,2,4,2
2003,80,0.000279,626238,1,1,1
2003,81,0,814923,1,1,1
2003,82,0.041246,735553,1,1,1
2003,83,0.313154,762163,1,2,1
2003,84,0.384688,684830,2,4,2
2003,85,0.102427,1114901,1,1,1
2003,86,0.371004,1164100,2,3,2
2003,87,0.397978,522875,2,4,2
2003,88,0.324486,846572,1,2,1
2003,89,0.345207,763761,2,3,2
2003,90,0.442304,892793,3,5,2
2003,91,0.326036,999919,1,2,1
2003,92,0.514741,516635,3,6,2
2003,93,0.387919,590817,2,4,2
2003,94,0.556962,705807,3,6,2
2003,95,0.559496,497496,4,7,2
2003,96,0.499548,552316,3,6,2
2003,97,0.423069,1061351,2,4,2
2003,98,0.749844,242064,5,9,3
2003,99,0.774334,831356,5,9,3
2004,1,0.589265,1242943,4,8,2
2004,2,0.854796,427271,5,10,3
2004,3,0.778309,294995,5,9,3
2004,4,0.780287,1227112,5,10,3
2004,6,0.947137,1276724,5,10,3
2004,7,0.674737,562704,5,9,3
2004,8,0.733529,577243,5,9,3
2004,9,0.713695,788063,5,9,3
2004,10,0.748515,414467,5,9,3
2004,12,0.74657,1377942,5,9,3
2004,13,0.748449,1173394,5,9,3
2004,14,0.719322,1264837,5,9,3
2004,15,0.760315,627638,5,9,3
2004,16,0.844993,598413,5,10,3
2004,17,1,582175,5,10,3
2004,18,0.905213,603349,5,10,3
2004,19,0.872672,401381,5,10,3
2004,20,0.316906,123873,1,2,1
2004,21,0.354919,1597996,2,3,2
2004,22,0.300321,1103442,1,2,1
2004,23,0.614594,733238,4,8,2
2004,24,0.573047,1095349,4,8,2
2004,25,0.505893,694669,3,6,2
2004,26,0.653355,1174940,4,8,2
2004,27,0.6054,860141,4,8,2
2004,28,0.470328,738878,3,6,2
2004,29,0.663191,522068,4,8,2
2004,30,0.40212,912461,2,4,2
2004,31,0.493584,987374,3,6,2
2004,32,0.454288,885607,3,5,2
2004,33,0.437728,1082569,3,5,2
2004,34,0.484173,771997,3,6,2
2004,35,0.421665,912547,3,5,2
2004,36,0.444552,522085,3,5,2
2004,37,0.61087,433234,4,8,2
2004,38,0.506983,1141969,3,6,2
2004,39,0.939236,783323,5,10,3
2004,40,0.226177,991992,1,2,1
2004,41,0.456879,952282,3,5,2
2004,42,0.501478,878888,3,6,2
2004,44,0.572618,1267494,4,8,2
2004,45,0.541467,1559154,4,7,2
2004,46,0.55205,894580,4,7,2
2004,47,0.596607,1313713,4,8,2
2004,48,0.371682,1189935,2,4,2
2004,49,0.514463,1228129,4,7,2
2004,50,0.363598,1084177,2,4,2
2004,51,0.355273,1079789,2,3,2
2004,52,0.560621,941131,4,7,2
2004,53,0.343815,1265468,2,3,2
2004,54,0.538591,516542,4,7,2
2004,55,0.341558,795458,2,3,2
2004,56,0.510421,849197,3,6,2
2004,57,0.469332,598580,3,6,2
2004,58,0.54486,930406,4,7,2
2004,59,0.546082,1145053,4,7,2
2004,60,0.224367,619157,1,1,1
2004,61,0.055037,451016,1,1,1
2004,63,0.37972,1268561,2,4,2
2004,64,0.270013,792590,1,2,1
2004,65,0.225351,1081648,1,2,1
2004,66,0.564233,1248759,4,7,2
2004,67,0.513667,1033467,4,7,2
2004,68,0.356543,601445,2,4,2
2004,69,0.172766,508949,1,1,1
2004,70,0.112035,821650,1,1,1
2004,71,0.14842,1000158,1,1,1
2004,72,0.337202,1056260,2,3,2
2004,73,0.254312,1006392,1,2,1
2004,74,0.353415,1057532,2,3,2
2004,75,0.349274,484410,2,3,2
2004,76,0.276861,1139769,1,2,1
2004,77,0.389987,478943,2,4,2
2004,78,0.443121,741488,3,5,2
2004,79,0.412006,1040371,3,5,2
2004,80,0.000203,626238,1,1,1
2004,81,0,814923,1,1,1
2004,82,0.051552,735553,1,1,1
2004,83,0.300257,762163,1,2,1
2004,84,0.365248,684830,2,4,2
2004,85,0.097653,1114901,1,1,1
2004,86,0.352407,1164100,2,3,2
2004,87,0.366041,522875,2,4,2
2004,88,0.305934,846572,1,2,1
2004,89,0.33348,763761,2,3,2
2004,90,0.430336,892793,3,5,2
2004,91,0.304898,999919,1,2,1
2004,92,0.468174,516635,3,5,2
2004,93,0.358755,590817,2,4,2
2004,94,0.516439,705807,4,7,2
2004,95,0.510152,497496,3,6,2
2004,96,0.47116,552316,3,6,2
2004,97,0.377847,1061351,2,4,2
2004,98,0.756867,242064,5,9,3
2004,99,0.795757,831356,5,10,3
2005,1,0.590519,1242943,4,8,2
2005,2,0.828012,427271,5,10,3
2005,3,0.789469,294995,5,10,3
2005,4,0.781515,1227112,5,10,3
2005,6,0.917127,1276724,5,10,3
2005,7,0.666717,562704,4,8,2
2005,8,0.73792,577243,5,9,3
2005,9,0.714271,788063,5,9,3
2005,10,0.749799,414467,5,9,3
2005,12,0.748005,1377942,5,9,3
2005,13,0.749716,1173394,5,9,3
2005,14,0.714972,1264837,5,9,3
2005,15,0.75668,627638,5,9,3
2005,16,0.827021,598413,5,10,3
2005,17,1,582175,5,10,3
2005,18,0.902456,603349,5,10,3
2005,19,0.887061,401381,5,10,3
2005,20,0.316806,123873,2,3,2
2005,21,0.366069,1597996,2,4,2
2005,22,0.299483,1103442,1,2,1
2005,23,0.636195,733238,4,8,2
2005,24,0.585574,1095349,4,8,2
2005,25,0.508209,694669,3,6,2
2005,26,0.685719,1174940,4,8,2
2005,27,0.636275,860141,4,8,2
2005,28,0.468544,738878,3,6,2
2005,29,0.694426,522068,5,9,3
2005,30,0.463268,912461,3,5,2
2005,31,0.537458,987374,4,7,2
2005,32,0.467379,885607,3,6,2
2005,33,0.441053,1082569,3,5,2
2005,34,0.485394,771997,3,6,2
2005,35,0.411977,912547,3,5,2
2005,36,0.415679,522085,3,5,2
2005,37,0.618284,433234,4,8,2
2005,38,0.530143,1141969,4,7,2
2005,39,0.907627,783323,5,10,3
2005,40,0.248487,991992,1,2,1
2005,41,0.466078,952282,3,5,2
2005,42,0.515138,878888,3,6,2
2005,44,0.585556,1267494,4,7,2
2005,45,0.561139,1559154,4,7,2
2005,46,0.551682,894580,4,7,2
2005,47,0.617137,1313713,4,8,2
2005,48,0.367664,1189935,2,4,2
2005,49,0.537814,1228129,4,7,2
2005,50,0.388692,1084177,2,4,2
2005,51,0.376706,1079789,2,4,2
2005,52,0.589883,941131,4,8,2
2005,53,0.344255,1265468,2,4,2
2005,54,0.526929,516542,4,7,2
2005,55,0.33637,795458,2,3,2
2005,56,0.516876,849197,3,6,2
2005,57,0.479257,598580,3,6,2
2005,58,0.532077,930406,4,7,2
2005,59,0.546604,1145053,4,7,2
2005,60,0.225126,619157,1,2,1
2005,61,0.051783,451016,1,1,1
2005,63,0.366,1268561,2,4,2
2005,64,0.270489,792590,1,2,1
2005,65,0.223504,1081648,1,1,1
2005,66,0.552662,1248759,4,7,2
2005,67,0.486895,1033467,3,6,2
2005,68,0.343262,601445,2,3,2
2005,69,0.171684,508949,1,1,1
2005,70,0.09368,821650,1,1,1
2005,71,0.12606,1000158,1,1,1
2005,72,0.314072,1056260,2,3,2
2005,73,0.234848,1006392,1,2,1
2005,74,0.324954,1057532,2,3,2
2005,75,0.332891,484410,2,3,2
2005,76,0.251468,1139769,1,2,1
2005,77,0.365945,478943,2,4,2
2005,78,0.412546,741488,3,5,2
2005,79,0.394494,1040371,2,4,2
2005,80,0.000295,626238,1,1,1
2005,81,0,814923,1,1,1
2005,82,0.019416,735553,1,1,1
2005,83,0.279511,762163,1,2,1
2005,84,0.338245,684830,2,3,2
2005,85,0.061707,1114901,1,1,1
2005,86,0.343991,1164100,2,3,2
2005,87,0.351288,522875,2,4,2
2005,88,0.282442,846572,1,2,1
2005,89,0.30758,763761,1,2,1
2005,90,0.405392,892793,3,5,2
2005,91,0.277122,999919,1,2,1
2005,92,0.455416,516635,3,5,2
2005,93,0.328418,590817,2,3,2
2005,94,0.495548,705807,3,6,2
2005,95,0.49405,497496,3,6,2
2005,96,0.454814,552316,3,5,2
2005,97,0.357814,1061351,2,4,2
2005,98,0.744608,242064,5,9,3
2005,99,0.775865,831356,5,9,3
2006,1,0.590354,1242943,4,7,2
2006,2,0.826762,427271,5,10,3
2006,3,0.801623,294995,5,10,3
2006,4,0.777128,1227112,5,10,3
2006,6,0.900065,1276724,5,10,3
2006,7,0.641577,562704,4,8,2
2006,8,0.728575,577243,5,9,3
2006,9,0.687397,788063,5,9,3
2006,10,0.758003,414467,5,9,3
2006,12,0.756111,1377942,5,9,3
2006,13,0.75791,1173394,5,9,3
2006,14,0.722704,1264837,5,9,3
2006,15,0.755409,627638,5,9,3
2006,16,0.841894,598413,5,10,3
2006,17,1,582175,5,10,3
2006,18,0.915551,603349,5,10,3
2006,19,0.907606,401381,5,10,3
2006,20,0.337207,123873,2,3,2
2006,21,0.370603,1597996,2,4,2
2006,22,0.320403,1103442,2,3,2
2006,23,0.649187,733238,4,8,2
2006,24,0.59369,1095349,4,8,2
2006,25,0.503337,694669,3,6,2
2006,26,0.679506,1174940,5,9,3
2006,27,0.618972,860141,4,8,2
2006,28,0.445015,738878,3,5,2
2006,29,0.67424,522068,4,8,2
2006,30,0.443608,912461,3,5,2
2006,31,0.526393,987374,4,7,2
2006,32,0.46645,885607,3,6,2
2006,33,0.440025,1082569,3,5,2
2006,34,0.484752,771997,3,6,2
2006,35,0.4223,912547,3,5,2
2006,36,0.415099,522085,3,5,2
2006,37,0.615502,433234,4,8,2
2006,38,0.520491,1141969,3,6,2
2006,39,0.88688,783323,5,10,3
2006,40,0.253317,991992,1,2,1
2006,41,0.484383,952282,3,6,2
2006,42,0.553053,878888,4,7,2
2006,44,0.620192,1267494,4,8,2
2006,45,0.578399,1559154,4,7,2
2006,46,0.581986,894580,4,7,2
2006,47,0.643829,1313713,4,8,2
2006,48,0.379221,1189935,2,4,2
2006,49,0.532887,1228129,4,7,2
2006,50,0.411283,1084177,3,5,2
2006,51,0.389755,1079789,2,4,2
2006,52,0.607901,941131,4,8,2
2006,53,0.363932,1265468,2,4,2
2006,54,0.523109,516542,4,7,2
2006,55,0.346509,795458,2,4,2
2006,56,0.509388,849197,3,6,2
2006,57,0.462296,598580,3,6,2
2006,58,0.555925,930406,4,7,2
2006,59,0.561288,1145053,4,7,2
2006,60,0.242085,619157,1,2,1
2006,61,0.024981,451016,1,1,1
2006,63,0.362646,1268561,2,4,2
2006,64,0.266854,792590,1,2,1
2006,65,0.224369,1081648,1,2,1
2006,66,0.565525,1248759,4,7,2
2006,67,0.510332,1033467,3,6,2
2006,68,0.334219,601445,2,3,2
2006,69,0.146611,508949,1,1,1
2006,70,0.081987,821650,1,1,1
2006,71,0.112187,1000158,1,1,1
2006,72,0.306125,1056260,1,2,1
2006,73,0.218122,1006392,1,1,1
2006,74,0.312006,1057532,2,3,2
2006,75,0.324659,484410,2,3,2
2006,76,0.250709,1139769,1,2,1
2006,77,0.361667,478943,2,4,2
2006,78,0.398732,741488,2,4,2
2006,79,0.388462,1040371,2,4,2
2006,80,0.000315,626238,1,1,1
2006,81,0,814923,1,1,1
2006,82,0.012746,735553,1,1,1
2006,83,0.254431,762163,1,2,1
2006,84,0.31942,684830,2,3,2
2006,85,0.046782,1114901,1,1,1
2006,86,0.33054,1164100,2,3,2
2006,87,0.333496,522875,2,3,2
2006,88,0.266661,846572,1,2,1
2006,89,0.287058,763761,1,2,1
2006,90,0.399864,892793,3,5,2
2006,91,0.261715,999919,1,2,1
2006,92,0.435661,516635,3,5,2
2006,93,0.309976,590817,2,3,2
2006,94,0.484888,705807,3,6,2
2006,95,0.481484,497496,3,6,2
2006,96,0.449115,552316,3,5,2
2006,97,0.351304,1061351,2,4,2
2006,98,0.753801,242064,5,9,3
2006,99,0.775739,831356,5,9,3
2007,1,0.591118,1242943,4,7,2
2007,2,0.840401,427271,5,10,3
2007,3,0.809268,294995,5,10,3
2007,4,0.792324,1227112,5,9,3
2007,6,0.90071,1276724,5,10,3
2007,7,0.641439,562704,4,8,2
2007,8,0.738453,577243,5,9,3
2007,9,0.697518,788063,5,9,3
2007,10,0.79609,414467,5,10,3
2007,12,0.794025,1377942,5,9,3
2007,13,0.79598,1173394,5,9,3
2007,14,0.738769,1264837,5,9,3
2007,15,0.763619,627638,5,9,3
2007,16,0.854417,598413,5,10,3
2007,17,1,582175,5,10,3
2007,18,0.889347,603349,5,10,3
2007,19,0.92023,401381,5,10,3
2007,20,0.351054,123873,2,3,2
2007,21,0.391463,1597996,2,4,2
2007,22,0.331743,1103442,2,3,2
2007,23,0.648709,733238,4,8,2
2007,24,0.617728,1095349,4,7,2
2007,25,0.52167,694669,3,6,2
2007,26,0.679289,1174940,4,8,2
2007,27,0.647002,860141,4,8,2
2007,28,0.476881,738878,3,6,2
2007,29,0.67755,522068,4,8,2
2007,30,0.457964,912461,3,5,2
2007,31,0.543448,987374,4,7,2
2007,32,0.500452,885607,3,6,2
2007,33,0.470923,1082569,3,5,2
2007,34,0.495557,771997,3,6,2
2007,35,0.447988,912547,3,5,2
2007,36,0.43344,522085,3,5,2
2007,37,0.624209,433234,4,8,2
2007,38,0.490398,1141969,3,6,2
2007,39,0.876515,783323,5,10,3
2007,40,0.297975,991992,1,2,1
2007,41,0.531312,952282,3,6,2
2007,42,0.596863,878888,4,7,2
2007,44,0.655598,1267494,4,8,2
2007,45,0.626473,1559154,4,8,2
2007,46,0.61009,894580,4,7,2
2007,47,0.685114,1313713,5,9,3
2007,48,0.403036,1189935,2,4,2
2007,49,0.55712,1228129,4,7,2
2007,50,0.459349,1084177,3,5,2
2007,51,0.425315,1079789,3,5,2
2007,52,0.640235,941131,4,8,2
2007,53,0.398867,1265468,2,4,2
2007,54,0.56081,516542,4,7,2
2007,55,0.372407,795458,2,4,2
2007,56,0.536283,849197,3,6,2
2007,57,0.486014,598580,3,6,2
2007,58,0.576901,930406,4,7,2
2007,59,0.580251,1145053,4,7,2
2007,60,0.264143,619157,1,2,1
2007,61,0.03874,451016,1,1,1
2007,63,0.387024,1268561,2,4,2
2007,64,0.285105,792590,1,2,1
2007,65,0.246362,1081648,1,2,1
2007,66,0.595989,1248759,4,7,2
2007,67,0.53428,1033467,3,6,2
2007,68,0.35095,601445,2,3,2
2007,69,0.163285,508949,1,1,1
2007,70,0.065265,821650,1,1,1
2007,71,0.115764,1000158,1,1,1
2007,72,0.307543,1056260,1,2,1
2007,73,0.226105,1006392,1,1,1
2007,74,0.318326,1057532,2,3,2
2007,75,0.32336,484410,2,3,2
2007,76,0.263076,1139769,1,2,1
2007,77,0.369748,478943,2,4,2
2007,78,0.421679,741488,2,4,2
2007,79,0.424017,1040371,2,4,2
2007,80,0.000261,626238,1,1,1
2007,81,0,814923,1,1,1
2007,82,0.033971,735553,1,1,1
2007,83,0.261425,762163,1,2,1
2007,84,0.324495,684830,2,3,2
2007,85,0.072057,1114901,1,1,1
2007,86,0.337991,1164100,2,3,2
2007,87,0.327161,522875,2,3,2
2007,88,0.282423,846572,1,2,1
2007,89,0.292465,763761,1,2,1
2007,90,0.401472,892793,2,4,2
2007,91,0.271734,999919,1,2,1
2007,92,0.433579,516635,3,5,2
2007,93,0.310728,590817,2,3,2
2007,94,0.470654,705807,3,5,2
2007,95,0.488242,497496,3,6,2
2007,96,0.434548,552316,3,5,2
2007,97,0.355647,1061351,2,4,2
2007,98,0.720687,242064,5,9,3
2007,99,0.765471,831356,5,9,3
2008,1,0.601665,1242943,4,7,2
2008,2,0.839267,427271,5,10,3
2008,3,0.812569,294995,5,10,3
2008,4,0.793627,1227112,5,9,3
2008,6,0.91773,1276724,5,10,3
2008,7,0.657999,562704,4,8,2
2008,8,0.730863,577243,5,9,3
2008,9,0.70225,788063,4,8,2
2008,10,0.810909,414467,5,10,3
2008,12,0.808717,1377942,5,9,3
2008,13,0.810811,1173394,5,9,3
2008,14,0.741959,1264837,5,9,3
2008,15,0.756923,627638,5,9,3
2008,16,0.848569,598413,5,10,3
2008,17,1,582175,5,10,3
2008,18,0.891726,603349,5,10,3
2008,19,0.908205,401381,5,10,3
2008,20,0.35227,123873,2,3,2
2008,21,0.412118,1597996,2,4,2
2008,22,0.345741,1103442,2,3,2
2008,23,0.679845,733238,4,8,2
2008,24,0.650336,1095349,4,7,2
2008,25,0.559587,694669,3,6,2
2008,26,0.722345,1174940,5,9,3
2008,27,0.666253,860141,4,8,2
2008,28,0.485887,738878,3,5,2
2008,29,0.679471,522068,4,8,2
2008,30,0.493461,912461,3,5,2
2008,31,0.57162,987374,4,7,2
2008,32,0.525426,885607,3,6,2
2008,33,0.502517,1082569,3,6,2
2008,34,0.500664,771997,3,5,2
2008,35,0.480156,912547,3,5,2
2008,36,0.465633,522085,3,5,2
2008,37,0.645208,433234,4,7,2
2008,38,0.523066,1141969,3,6,2
2008,39,0.881733,783323,5,10,3
2008,40,0.315938,991992,1,2,1
2008,41,0.557092,952282,3,6,2
2008,42,0.626583,878888,4,7,2
2008,44,0.682399,1267494,4,8,2
2008,45,0.653508,1559154,4,8,2
2008,46,0.651377,894580,4,8,2
2008,47,0.714604,1313713,5,9,3
2008,48,0.433026,1189935,2,4,2
2008,49,0.581525,1228129,4,7,2
2008,50,0.466799,1084177,3,5,2
2008,51,0.44427,1079789,2,4,2
2008,52,0.660266,941131,4,8,2
2008,53,0.44745,1265468,2,4,2
2008,54,0.606829,516542,4,7,2
2008,55,0.401389,795458,2,4,2
2008,56,0.570765,849197,3,6,2
2008,57,0.502598,598580,3,6,2
2008,58,0.622785,930406,4,7,2
2008,59,0.604809,1145053,4,7,2
2008,60,0.23525,619157,1,1,1
2008,61,0.103648,451016,1,1,1
2008,63,0.411672,1268561,2,4,2
2008,64,0.332182,792590,1,2,1
2008,65,0.270973,1081648,1,2,1
2008,66,0.6243,1248759,4,7,2
2008,67,0.56569,1033467,3,6,2
2008,68,0.376656,601445,2,3,2
2008,69,0.196502,508949,1,1,1
2008,70,0.114344,821650,1,1,1
2008,71,0.163354,1000158,1,1,1
2008,72,0.343165,1056260,1,2,1
2008,73,0.268047,1006392,1,2,1
2008,74,0.347954,1057532,2,3,2
2008,75,0.383966,484410,2,3,2
2008,76,0.302316,1139769,1,2,1
2008,77,0.408822,478943,2,4,2
2008,78,0.448416,741488,2,4,2
2008,79,0.448992,1040371,3,5,2
2008,80,0.00028,626238,1,1,1
2008,81,0,814923,1,1,1
2008,82,0.05511,735553,1,1,1
2008,83,0.3089,762163,1,2,1
2008,84,0.36715,684830,2,3,2
2008,85,0.086796,1114901,1,1,1
2008,86,0.359125,1164100,2,3,2
2008,87,0.37399,522875,2,3,2
2008,88,0.302509,846572,1,2,1
2008,89,0.322315,763761,1,2,1
2008,90,0.413486,892793,2,4,2
2008,91,0.306789,999919,1,2,1
2008,92,0.487719,516635,3,5,2
2008,93,0.344592,590817,2,3,2
2008,94,0.536527,705807,3,6,2
2008,95,0.52458,497496,3,6,2
2008,96,0.469574,552316,3,5,2
2008,97,0.398698,1061351,2,4,2
2008,98,0.720978,242064,5,9,3
2008,99,0.751064,831356,5,9,3
2009,1,0.596551,1242943,4,7,2
2009,2,0.830563,427271,5,10,3
2009,3,0.760444,294995,5,9,3
2009,4,0.776445,1227112,5,9,3
2009,6,0.899422,1276724,5,10,3
2009,7,0.66228,562704,4,8,2
2009,8,0.746362,577243,5,9,3
2009,9,0.700397,788063,4,8,2
2009,10,0.794953,414467,5,10,3
2009,12,0.792523,1377942,5,9,3
2009,13,0.794847,1173394,5,10,3
2009,14,0.717374,1264837,5,9,3
2009,15,0.72361,627638,5,9,3
2009,16,0.806423,598413,5,10,3
2009,17,1,582175,5,10,3
2009,18,0.891107,603349,5,10,3
2009,19,0.905643,401381,5,10,3
2009,20,0.344981,123873,1,2,1
2009,21,0.397521,1597996,2,4,2
2009,22,0.335743,1103442,1,2,1
2009,23,0.673945,733238,4,8,2
2009,24,0.634158,1095349,4,7,2
2009,25,0.54334,694669,3,6,2
2009,26,0.706988,1174940,5,9,3
2009,27,0.672481,860141,4,8,2
2009,28,0.493695,738878,3,5,2
2009,29,0.689686,522068,4,8,2
2009,30,0.461524,912461,3,5,2
2009,31,0.559696,987374,3,6,2
2009,32,0.575799,885607,4,7,2
2009,33,0.534431,1082569,3,6,2
2009,34,0.516106,771997,3,5,2
2009,35,0.48117,912547,3,5,2
2009,36,0.484769,522085,3,5,2
2009,37,0.655231,433234,4,7,2
2009,38,0.511504,1141969,3,5,2
2009,39,0.874151,783323,5,10,3
2009,40,0.3227,991992,1,2,1
2009,41,0.566511,952282,3,6,2
2009,42,0.646122,878888,4,7,2
2009,44,0.70444,1267494,4,8,2
2009,45,0.658788,1559154,4,8,2
2009,46,0.654467,894580,4,7,2
2009,47,0.721943,1313713,5,9,3
2009,48,0.453067,1189935,2,4,2
2009,49,0.586343,1228129,4,7,2
2009,50,0.45859,1084177,2,4,2
2009,51,0.442899,1079789,2,4,2
2009,52,0.663027,941131,4,8,2
2009,53,0.435114,1265468,2,4,2
2009,54,0.622774,516542,4,7,2
2009,55,0.385785,795458,2,3,2
2009,56,0.564516,849197,3,6,2
2009,57,0.538821,598580,3,6,2
2009,58,0.661138,930406,4,8,2
2009,59,0.624264,1145053,4,7,2
2009,60,0.227299,619157,1,1,1
2009,61,0.086805,451016,1,1,1
2009,63,0.410108,1268561,2,4,2
2009,64,0.315543,792590,1,2,1
2009,65,0.267322,1081648,1,2,1
2009,66,0.637543,1248759,4,7,2
2009,67,0.553574,1033467,3,6,2
2009,68,0.391858,601445,2,3,2
2009,69,0.209443,508949,1,1,1
2009,70,0.139043,821650,1,1,1
2009,71,0.190299,1000158,1,1,1
2009,72,0.380352,1056260,2,3,2
2009,73,0.305421,1006392,1,2,1
2009,74,0.389835,1057532,2,3,2
2009,75,0.409898,484410,2,4,2
2009,76,0.320425,1139769,1,2,1
2009,77,0.452296,478943,2,4,2
2009,78,0.49054,741488,3,5,2
2009,79,0.476201,1040371,3,5,2
2009,80,0.000301,626238,1,1,1
2009,81,0,814923,1,1,1
2009,82,0.051918,735553,1,1,1
2009,83,0.329347,762163,1,2,1
2009,84,0.379328,684830,2,3,2
2009,85,0.076453,1114901,1,1,1
2009,86,0.371977,1164100,2,3,2
2009,87,0.387781,522875,2,3,2
2009,88,0.328654,846572,1,2,1
2009,89,0.352082,763761,2,3,2
2009,90,0.411327,892793,2,4,2
2009,91,0.318275,999919,1,2,1
2009,92,0.516803,516635,3,6,2
2009,93,0.368693,590817,2,3,2
2009,94,0.555036,705807,3,6,2
2009,95,0.529424,497496,3,6,2
2009,96,0.483063,552316,3,5,2
2009,97,0.400933,1061351,2,4,2
2009,98,0.737638,242064,5,9,3
2009,99,0.748992,831356,5,9,3
2010,1,0.605766,1242943,4,7,2
2010,2,0.816036,427271,5,10,3
2010,3,0.747659,294995,5,9,3
2010,4,0.799496,1227112,5,9,3
2010,6,0.916612,1276724,5,10,3
2010,7,0.65013,562704,4,7,2
2010,8,0.733425,577243,5,9,3
2010,9,0.697095,788063,4,8,2
2010,10,0.806373,414467,5,10,3
2010,12,0.803846,1377942,5,10,3
2010,13,0.806254,1173394,5,10,3
2010,14,0.721269,1264837,5,9,3
2010,15,0.713529,627638,5,9,3
2010,16,0.790781,598413,5,9,3
2010,17,1,582175,5,10,3
2010,18,0.893972,603349,5,10,3
2010,19,0.935556,401381,5,10,3
2010,20,0.352084,123873,2,3,2
2010,21,0.407209,1597996,2,4,2
2010,22,0.344523,1103442,1,2,1
2010,23,0.681183,733238,4,8,2
2010,24,0.651132,1095349,4,7,2
2010,25,0.55999,694669,3,6,2
2010,26,0.710748,1174940,5,9,3
2010,27,0.665969,860141,4,8,2
2010,28,0.500576,738878,3,5,2
2010,29,0.702132,522068,4,8,2
2010,30,0.474497,912461,3,5,2
2010,31,0.563829,987374,3,6,2
2010,32,0.562124,885607,3,6,2
2010,33,0.530198,1082569,3,6,2
2010,34,0.499553,771997,3,5,2
2010,35,0.47682,912547,3,5,2
2010,36,0.461883,522085,3,5,2
2010,37,0.65089,433234,4,7,2
2010,38,0.50485,1141969,3,6,2
2010,39,0.885028,783323,5,10,3
2010,40,0.313106,991992,1,2,1
2010,41,0.571914,952282,4,7,2
2010,42,0.646036,878888,4,7,2
2010,44,0.703001,1267494,4,8,2
2010,45,0.674317,1559154,4,8,2
2010,46,0.656562,894580,4,8,2
2010,47,0.731842,1313713,5,9,3
2010,48,0.447698,1189935,2,4,2
2010,49,0.598277,1228129,4,7,2
2010,50,0.470217,1084177,3,5,2
2010,51,0.447499,1079789,2,4,2
2010,52,0.675572,941131,4,8,2
2010,53,0.423604,1265468,2,4,2
2010,54,0.619908,516542,4,7,2
2010,55,0.376396,795458,2,3,2
2010,56,0.571426,849197,3,6,2
2010,57,0.542768,598580,3,6,2
2010,58,0.655642,930406,4,8,2
2010,59,0.630741,1145053,4,7,2
2010,60,0.229925,619157,1,1,1
2010,61,0.092569,451016,1,1,1
2010,63,0.407918,1268561,2,4,2
2010,64,0.32498,792590,1,2,1
2010,65,0.264822,1081648,1,2,1
2010,66,0.620914,1248759,4,7,2
2010,67,0.559477,1033467,3,6,2
2010,68,0.380163,601445,2,3,2
2010,69,0.217027,508949,1,1,1
2010,70,0.136803,821650,1,1,1
2010,71,0.19004,1000158,1,1,1
2010,72,0.369603,1056260,2,3,2
2010,73,0.301238,1006392,1,2,1
2010,74,0.371132,1057532,2,3,2
2010,75,0.417775,484410,2,4,2
2010,76,0.320469,1139769,1,2,1
2010,77,0.441866,478943,2,4,2
2010,78,0.478247,741488,3,5,2
2010,79,0.458934,1040371,2,4,2
2010,80,0.000317,626238,1,1,1
2010,81,0,814923,1,1,1
2010,82,0.0479,735553,1,1,1
2010,83,0.332716,762163,1,2,1
2010,84,0.367206,684830,2,3,2
2010,85,0.064903,1114901,1,1,1
2010,86,0.365497,1164100,2,3,2
2010,87,0.381253,522875,2,3,2
2010,88,0.322256,846572,1,2,1
2010,89,0.333898,763761,1,2,1
2010,90,0.409354,892793,2,4,2
2010,91,0.304683,999919,1,2,1
2010,92,0.492026,516635,3,5,2
2010,93,0.35078,590817,2,3,2
2010,94,0.54797,705807,3,6,2
2010,95,0.514725,497496,3,6,2
2010,96,0.464192,552316,3,5,2
2010,97,0.390724,1061351,2,4,2
2010,98,0.725354,242064,5,9,3
2010,99,0.769484,831356,5,9,3
2011,1,0.580863,1242943,4,7,2
2011,2,0.805732,427271,5,10,3
2011,3,0.747622,294995,5,9,3
2011,4,0.78302,1227112,5,10,3
2011,6,0.892753,1276724,5,10,3
2011,7,0.638648,562704,4,7,2
2011,8,0.704116,577243,5,9,3
2011,9,0.676142,788063,4,8,2
2011,10,0.773647,414467,5,10,3
2011,12,0.7712,1377942,5,9,3
2011,13,0.773557,1173394,5,9,3
2011,14,0.697895,1264837,5,9,3
2011,15,0.690065,627638,4,8,2
2011,16,0.806358,598413,5,10,3
2011,17,1,582175,5,10,3
2011,18,0.873632,603349,5,10,3
2011,19,0.921692,401381,5,10,3
2011,20,0.315177,123873,1,2,1
2011,21,0.390038,1597996,2,4,2
2011,22,0.319354,1103442,1,2,1
2011,23,0.695127,733238,4,8,2
2011,24,0.63915,1095349,4,7,2
2011,25,0.570538,694669,3,6,2
2011,26,0.702417,1174940,5,9,3
2011,27,0.673043,860141,4,8,2
2011,28,0.525203,738878,3,6,2
2011,29,0.697375,522068,5,9,3
2011,30,0.466168,912461,3,5,2
2011,31,0.573461,987374,3,6,2
2011,32,0.561945,885607,3,6,2
2011,33,0.526814,1082569,3,6,2
2011,34,0.496416,771997,3,5,2
2011,35,0.466562,912547,3,5,2
2011,36,0.439126,522085,2,4,2
2011,37,0.640786,433234,4,8,2
2011,38,0.509548,1141969,3,5,2
2011,39,0.875776,783323,5,10,3
2011,40,0.305481,991992,1,2,1
2011,41,0.568153,952282,3,6,2
2011,42,0.624487,878888,4,7,2
2011,44,0.702613,1267494,5,9,3
2011,45,0.672569,1559154,4,8,2
2011,46,0.658271,894580,4,8,2
2011,47,0.718858,1313713,5,9,3
2011,48,0.451453,1189935,3,5,2
2011,49,0.578362,1228129,4,7,2
2011,50,0.466927,1084177,3,5,2
2011,51,0.440331,1079789,2,4,2
2011,52,0.641395,941131,4,8,2
2011,53,0.418696,1265468,2,4,2
2011,54,0.637874,516542,4,7,2
2011,55,0.394648,795458,2,4,2
2011,56,0.57977,849197,4,7,2
2011,57,0.519991,598580,3,6,2
2011,58,0.634807,930406,4,7,2
2011,59,0.619281,1145053,4,7,2
2011,60,0.216882,619157,1,1,1
2011,61,0.093658,451016,1,1,1
2011,63,0.399866,1268561,2,4,2
2011,64,0.327089,792590,2,3,2
2011,65,0.272417,1081648,1,2,1
2011,66,0.61226,1248759,4,7,2
2011,67,0.557001,1033467,3,6,2
2011,68,0.352836,601445,2,3,2
2011,69,0.198577,508949,1,1,1
2011,70,0.109458,821650,1,1,1
2011,71,0.163981,1000158,1,1,1
2011,72,0.336981,1056260,2,3,2
2011,73,0.282308,1006392,1,2,1
2011,74,0.341007,1057532,2,3,2
2011,75,0.37951,484410,2,3,2
2011,76,0.310525,1139769,1,2,1
2011,77,0.410002,478943,2,4,2
2011,78,0.443676,741488,3,5,2
2011,79,0.441969,1040371,2,4,2
2011,80,0.000257,626238,1,1,1
2011,81,0,814923,1,1,1
2011,82,0.059938,735553,1,1,1
2011,83,0.325561,762163,1,2,1
2011,84,0.36528,684830,2,3,2
2011,85,0.079086,1114901,1,1,1
2011,86,0.360614,1164100,2,3,2
2011,87,0.387643,522875,2,4,2
2011,88,0.286171,846572,1,2,1
2011,89,0.308678,763761,1,2,1
2011,90,0.377896,892793,2,3,2
2011,91,0.301613,999919,1,2,1
2011,92,0.491419,516635,3,5,2
2011,93,0.34294,590817,2,3,2
2011,94,0.529107,705807,3,6,2
2011,95,0.517665,497496,3,6,2
2011,96,0.458347,552316,3,5,2
2011,97,0.383702,1061351,2,4,2
2011,98,0.693718,242064,4,8,2
2011,99,0.739833,831356,5,9,3
2012,1,0.6173,1242943,4,7,2
2012,2,0.86404,427271,5,10,3
2012,3,0.805848,294995,5,10,3
2012,4,0.788676,1227112,5,10,3
2012,6,0.916639,1276724,5,10,3
2012,7,0.663927,562704,4,7,2
2012,8,0.729848,577243,5,9,3
2012,9,0.719027,788063,4,8,2
2012,10,0.749292,414467,5,9,3
2012,12,0.747976,1377942,5,9,3
2012,13,0.749235,1173394,5,9,3
2012,14,0.708412,1264837,4,8,2
2012,15,0.749839,627638,5,9,3
2012,16,0.83642,598413,5,10,3
2012,17,1,582175,5,10,3
2012,18,0.864303,603349,5,10,3
2012,19,0.886791,401381,5,10,3
2012,20,0.304176,123873,1,2,1
2012,21,0.40431,1597996,2,3,2
2012,22,0.32388,1103442,1,2,1
2012,23,0.730887,733238,5,9,3
2012,24,0.6834,1095349,4,8,2
2012,25,0.622035,694669,4,7,2
2012,26,0.716963,1174940,4,8,2
2012,27,0.690794,860141,4,8,2
2012,28,0.547882,738878,3,6,2
2012,29,0.721121,522068,5,9,3
2012,30,0.492424,912461,3,5,2
2012,31,0.600652,987374,3,6,2
2012,32,0.598075,885607,3,6,2
2012,33,0.558775,1082569,3,6,2
2012,34,0.54363,771997,3,6,2
2012,35,0.496619,912547,3,5,2
2012,36,0.489966,522085,3,5,2
2012,37,0.684599,433234,4,8,2
2012,38,0.494865,1141969,3,5,2
2012,39,0.883496,783323,5,10,3
2012,40,0.312821,991992,1,2,1
2012,41,0.596888,952282,3,6,2
2012,42,0.665458,878888,4,7,2
2012,44,0.735643,1267494,5,9,3
2012,45,0.690258,1559154,4,8,2
2012,46,0.686763,894580,4,8,2
2012,47,0.7522,1313713,5,9,3
2012,48,0.486646,1189935,2,4,2
2012,49,0.611443,1228129,3,6,2
2012,50,0.473371,1084177,2,4,2
2012,51,0.450722,1079789,2,4,2
2012,52,0.646686,941131,4,7,2
2012,53,0.456719,1265468,2,4,2
2012,54,0.682767,516542,4,7,2
2012,55,0.436218,795458,2,4,2
2012,56,0.61788,849197,4,7,2
2012,57,0.54714,598580,3,6,2
2012,58,0.657887,930406,4,7,2
2012,59,0.647268,1145053,4,7,2
2012,60,0.227448,619157,1,1,1
2012,61,0.157489,451016,1,1,1
2012,63,0.443566,1268561,2,4,2
2012,64,0.371287,792590,1,2,1
2012,65,0.312968,1081648,1,2,1
2012,66,0.675093,1248759,4,7,2
2012,67,0.582842,1033467,3,6,2
2012,68,0.392397,601445,2,3,2
2012,69,0.241872,508949,1,1,1
2012,70,0.182204,821650,1,1,1
2012,71,0.24762,1000158,1,1,1
2012,72,0.402683,1056260,2,3,2
2012,73,0.351595,1006392,1,2,1
2012,74,0.398467,1057532,2,3,2
2012,75,0.459699,484410,2,4,2
2012,76,0.37924,1139769,2,3,2
2012,77,0.477892,478943,2,4,2
2012,78,0.510934,741488,3,5,2
2012,79,0.501342,1040371,3,5,2
2012,80,0.000113,626238,1,1,1
2012,81,0,814923,1,1,1
2012,82,0.102188,735553,1,1,1
2012,83,0.358109,762163,1,2,1
2012,84,0.37787,684830,2,3,2
2012,85,0.115533,1114901,1,1,1
2012,86,0.382269,1164100,2,3,2
2012,87,0.397985,522875,2,3,2
2012,88,0.354013,846572,1,2,1
2012,89,0.376438,763761,2,3,2
2012,90,0.407474,892793,2,4,2
2012,91,0.336064,999919,1,2,1
2012,92,0.493552,516635,3,5,2
2012,93,0.357824,590817,1,2,1
2012,94,0.53377,705807,3,5,2
2012,95,0.537508,497496,3,6,2
2012,96,0.487478,552316,3,5,2
2012,97,0.41524,1061351,2,4,2
2012,98,0.717672,242064,4,8,2
2012,99,0.767457,831356,5,9,3
2013,1,0.637342,1242943,3,6,2
2013,2,0.869671,427271,5,10,3
2013,3,0.830034,294995,5,10,3
2013,4,0.813401,1227112,5,10,3
2013,6,0.94334,1276724,5,10,3
2013,7,0.683408,562704,4,7,2
2013,8,0.766428,577243,5,9,3
2013,9,0.75682,788063,5,9,3
2013,10,0.767453,414467,5,9,3
2013,12,0.766258,1377942,5,9,3
2013,13,0.767381,1173394,5,9,3
2013,14,0.719237,1264837,4,8,2
2013,15,0.766488,627638,5,9,3
2013,16,0.830802,598413,5,10,3
2013,17,1,582175,5,10,3
2013,18,0.894243,603349,5,10,3
2013,19,0.898683,401381,5,10,3
2013,20,0.294672,123873,1,2,1
2013,21,0.412776,1597996,2,3,2
2013,22,0.322787,1103442,1,2,1
2013,23,0.749501,733238,4,8,2
2013,24,0.728663,1095349,4,8,2
2013,25,0.642024,694669,3,6,2
2013,26,0.741694,1174940,4,8,2
2013,27,0.715768,860141,4,8,2
2013,28,0.571043,738878,3,6,2
2013,29,0.734518,522068,4,8,2
2013,30,0.519222,912461,3,5,2
2013,31,0.62791,987374,3,6,2
2013,32,0.644778,885607,4,7,2
2013,33,0.611436,1082569,3,6,2
2013,34,0.574375,771997,3,6,2
2013,35,0.541846,912547,3,5,2
2013,36,0.515096,522085,3,5,2
2013,37,0.705693,433234,4,7,2
2013,38,0.51153,1141969,3,5,2
2013,39,0.894545,783323,5,10,3
2013,40,0.36055,991992,1,2,1
2013,41,0.659067,952282,4,7,2
2013,42,0.719322,878888,4,8,2
2013,44,0.79143,1267494,5,9,3
2013,45,0.759478,1559154,5,9,3
2013,46,0.740263,894580,4,8,2
2013,47,0.810337,1313713,5,9,3
2013,48,0.528706,1189935,3,5,2
2013,49,0.624678,1228129,3,6,2
2013,50,0.515226,1084177,3,5,2
2013,51,0.506943,1079789,2,4,2
2013,52,0.7045,941131,4,7,2
2013,53,0.509287,1265468,3,5,2
2013,54,0.71513,516542,4,7,2
2013,55,0.464655,795458,2,4,2
2013,56,0.652459,849197,4,7,2
2013,57,0.597975,598580,3,6,2
2013,58,0.71349,930406,4,7,2
2013,59,0.689477,1145053,4,7,2
2013,60,0.276156,619157,1,1,1
2013,61,0.198651,451016,1,1,1
2013,63,0.475565,1268561,2,4,2
2013,64,0.40761,792590,2,3,2
2013,65,0.356209,1081648,1,2,1
2013,66,0.705339,1248759,4,7,2
2013,67,0.620767,1033467,3,6,2
2013,68,0.410184,601445,2,3,2
2013,69,0.246674,508949,1,1,1
2013,70,0.18431,821650,1,1,1
2013,71,0.25029,1000158,1,1,1
2013,72,0.417583,1056260,2,3,2
2013,73,0.347261,1006392,1,2,1
2013,74,0.397376,1057532,2,3,2
2013,75,0.46817,484410,2,4,2
2013,76,0.384501,1139769,1,2,1
2013,77,0.48531,478943,2,4,2
2013,78,0.53416,741488,3,5,2
2013,79,0.506721,1040371,2,4,2
2013,80,0.000083,626238,1,1,1
2013,81,0,814923,1,1,1
2013,82,0.124538,735553,1,1,1
2013,83,0.369485,762163,1,2,1
2013,84,0.400917,684830,2,3,2
2013,85,0.129408,1114901,1,1,1
2013,86,0.402761,1164100,2,3,2
2013,87,0.430975,522875,2,3,2
2013,88,0.360995,846572,1,2,1
2013,89,0.398556,763761,2,3,2
2013,90,0.436625,892793,2,4,2
2013,91,0.359657,999919,1,2,1
2013,92,0.506084,516635,2,4,2
2013,93,0.382922,590817,1,2,1
2013,94,0.546014,705807,3,5,2
2013,95,0.558645,497496,3,6,2
2013,96,0.503869,552316,2,4,2
2013,97,0.432381,1061351,2,4,2
2013,98,0.752467,242064,4,8,2
2013,99,0.793721,831356,5,9,3
2014,1,0.649801,1242943,3,6,2
2014,2,0.84861,427271,5,10,3
2014,3,0.87614,294995,5,10,3
2014,4,0.810619,1227112,5,9,3
2014,6,0.952253,1276724,5,10,3
2014,7,0.703943,562704,4,7,2
2014,8,0.770741,577243,4,8,2
2014,9,0.77088,788063,5,9,3
2014,10,0.804116,414467,5,9,3
2014,12,0.802666,1377942,5,9,3
2014,13,0.804053,1173394,5,9,3
2014,14,0.756751,1264837,4,8,2
2014,15,0.791999,627638,5,9,3
2014,16,0.86542,598413,5,10,3
2014,17,1,582175,5,10,3
2014,18,0.879405,603349,5,10,3
2014,19,0.896038,401381,5,10,3
2014,20,0.345688,123873,1,2,1
2014,21,0.450839,1597996,2,3,2
2014,22,0.375617,1103442,1,2,1
2014,23,0.79215,733238,5,9,3
2014,24,0.764274,1095349,4,8,2
2014,25,0.700245,694669,4,7,2
2014,26,0.768541,1174940,4,8,2
2014,27,0.749147,860141,4,7,2
2014,28,0.615095,738878,3,6,2
2014,29,0.755381,522068,4,8,2
2014,30,0.550906,912461,3,5,2
2014,31,0.661453,987374,3,6,2
2014,32,0.677863,885607,3,6,2
2014,33,0.649036,1082569,3,6,2
2014,34,0.60637,771997,3,6,2
2014,35,0.568743,912547,3,5,2
2014,36,0.545373,522085,3,5,2
2014,37,0.734789,433234,4,7,2
2014,38,0.53878,1141969,2,4,2
2014,39,0.916128,783323,5,10,3
2014,40,0.389255,991992,1,2,1
2014,41,0.684369,952282,4,7,2
2014,42,0.757513,878888,4,8,2
2014,44,0.827576,1267494,5,9,3
2014,45,0.817503,1559154,5,9,3
2014,46,0.769226,894580,4,8,2
2014,47,0.850277,1313713,5,10,3
2014,48,0.560258,1189935,3,5,2
2014,49,0.666305,1228129,3,6,2
2014,50,0.549675,1084177,3,5,2
2014,51,0.528817,1079789,2,4,2
2014,52,0.732197,941131,4,7,2
2014,53,0.53616,1265468,2,4,2
2014,54,0.759815,516542,4,8,2
2014,55,0.511438,795458,2,4,2
2014,56,0.68694,849197,4,7,2
2014,57,0.616992,598580,3,6,2
2014,58,0.745134,930406,4,7,2
2014,59,0.71483,1145053,4,7,2
2014,60,0.284621,619157,1,1,1
2014,61,0.211259,451016,1,1,1
2014,63,0.507558,1268561,2,4,2
2014,64,0.438383,792590,2,3,2
2014,65,0.382397,1081648,1,2,1
2014,66,0.748314,1248759,4,7,2
2014,67,0.671989,1033467,3,6,2
2014,68,0.467921,601445,2,4,2
2014,69,0.313264,508949,1,1,1
2014,70,0.226256,821650,1,1,1
2014,71,0.296147,1000158,1,1,1
2014,72,0.450404,1056260,2,3,2
2014,73,0.392469,1006392,1,2,1
2014,74,0.444094,1057532,2,3,2
2014,75,0.508533,484410,2,4,2
2014,76,0.435647,1139769,2,3,2
2014,77,0.529931,478943,2,4,2
2014,78,0.57856,741488,3,5,2
2014,79,0.556397,1040371,3,5,2
2014,80,0,626238,1,1,1
2014,81,0.000038,814923,1,1,1
2014,82,0.165486,735553,1,1,1
2014,83,0.402272,762163,1,2,1
2014,84,0.445449,684830,2,3,2
2014,85,0.1574,1114901,1,1,1
2014,86,0.431792,1164100,2,3,2
2014,87,0.466954,522875,2,3,2
2014,88,0.392548,846572,1,2,1
2014,89,0.422269,763761,1,2,1
2014,90,0.481159,892793,2,4,2
2014,91,0.396645,999919,1,2,1
2014,92,0.533449,516635,2,4,2
2014,93,0.408222,590817,1,2,1
2014,94,0.577873,705807,3,5,2
2014,95,0.578916,497496,3,6,2
2014,96,0.540664,552316,3,5,2
2014,97,0.46331,1061351,2,3,2
2014,98,0.765158,242064,4,8,2
2014,99,0.797942,831356,5,9,3
2015,1,0.653999,1242943,3,6,2
2015,2,0.880892,427271,5,10,3
2015,3,0.86151,294995,5,10,3
2015,4,0.797658,1227112,4,8,2
2015,6,0.98325,1276724,5,10,3
2015,7,0.72353,562704,4,7,2
2015,8,0.781762,577243,4,8,2
2015,9,0.780153,788063,4,8,2
2015,10,0.811205,414467,5,9,3
2015,12,0.809854,1377942,5,9,3
2015,13,0.811123,1173394,5,9,3
2015,14,0.757526,1264837,4,7,2
2015,15,0.808034,627638,5,9,3
2015,16,0.864491,598413,5,10,3
2015,17,1,582175,5,10,3
2015,18,0.891898,603349,5,10,3
2015,19,0.921515,401381,5,10,3
2015,20,0.343763,123873,1,2,1
2015,21,0.459352,1597996,2,3,2
2015,22,0.374061,1103442,1,2,1
2015,23,0.804089,733238,5,9,3
2015,24,0.785604,1095349,4,8,2
2015,25,0.714199,694669,4,7,2
2015,26,0.790535,1174940,4,8,2
2015,27,0.779361,860141,4,7,2
2015,28,0.633682,738878,3,6,2
2015,29,0.791701,522068,4,8,2
2015,30,0.565052,912461,3,5,2
2015,31,0.684083,987374,3,6,2
2015,32,0.712912,885607,4,7,2
2015,33,0.668474,1082569,3,6,2
2015,34,0.609845,771997,3,6,2
2015,35,0.593189,912547,3,5,2
2015,36,0.571528,522085,3,5,2
2015,37,0.763211,433234,4,7,2
2015,38,0.555193,1141969,3,5,2
2015,39,0.942086,783323,5,10,3
2015,40,0.37302,991992,1,2,1
2015,41,0.69805,952282,3,6,2
2015,42,0.780106,878888,4,8,2
2015,44,0.858306,1267494,5,9,3
2015,45,0.839305,1559154,5,9,3
2015,46,0.807825,894580,5,9,3
2015,47,0.880972,1313713,5,10,3
2015,48,0.589817,1189935,3,5,2
2015,49,0.701965,1228129,3,6,2
2015,50,0.549596,1084177,3,5,2
2015,51,0.548262,1079789,2,4,2
2015,52,0.7654,941131,4,7,2
2015,53,0.548182,1265468,2,4,2
2015,54,0.809944,516542,5,9,3
2015,55,0.532025,795458,2,4,2
2015,56,0.714157,849197,4,7,2
2015,57,0.661888,598580,3,6,2
2015,58,0.781927,930406,4,8,2
2015,59,0.750921,1145053,4,7,2
2015,60,0.270674,619157,1,1,1
2015,61,0.214646,451016,1,1,1
2015,63,0.524949,1268561,2,4,2
2015,64,0.449794,792590,2,3,2
2015,65,0.385971,1081648,1,2,1
2015,66,0.770205,1248759,4,7,2
2015,67,0.685485,1033467,3,6,2
2015,68,0.474278,601445,2,3,2
2015,69,0.30956,508949,1,1,1
2015,70,0.226082,821650,1,1,1
2015,71,0.298288,1000158,1,1,1
2015,72,0.460821,1056260,2,3,2
2015,73,0.408171,1006392,1,2,1
2015,74,0.450396,1057532,2,3,2
2015,75,0.539004,484410,2,4,2
2015,76,0.449538,1139769,2,3,2
2015,77,0.542892,478943,2,4,2
2015,78,0.578771,741488,3,5,2
2015,79,0.555181,1040371,3,5,2
2015,80,0,626238,1,1,1
2015,81,0.000014,814923,1,1,1
2015,82,0.168172,735553,1,1,1
2015,83,0.41567,762163,1,2,1
2015,84,0.458921,684830,2,3,2
2015,85,0.153928,1114901,1,1,1
2015,86,0.449123,1164100,1,2,1
2015,87,0.482776,522875,2,4,2
2015,88,0.440959,846572,1,2,1
2015,89,0.466772,763761,2,3,2
2015,90,0.474938,892793,2,3,2
2015,91,0.408066,999919,1,2,1
2015,92,0.547014,516635,2,4,2
2015,93,0.422197,590817,1,2,1
2015,94,0.601547,705807,3,5,2
2015,95,0.608807,497496,3,6,2
2015,96,0.543846,552316,2,4,2
2015,97,0.480103,1061351,2,4,2
2015,98,0.784079,242064,4,8,2
2015,99,0.828352,831356,5,9,3
2016,1,0.649367,1242943,3,6,2
2016,2,0.87746,427271,5,10,3
2016,3,0.848725,294995,5,9,3
2016,4,0.79265,1227112,4,8,2
2016,6,0.948997,1276724,5,10,3
2016,7,0.732623,562704,4,7,2
2016,8,0.779967,577243,4,8,2
2016,9,0.775083,788063,4,8,2
2016,10,0.766531,414467,4,7,2
2016,12,0.765622,1377942,4,7,2
2016,13,0.766493,1173394,4,7,2
2016,14,0.736455,1264837,4,7,2
2016,15,0.790491,627638,4,8,2
2016,16,0.867516,598413,5,10,3
2016,17,1,582175,5,10,3
2016,18,0.894074,603349,5,10,3
2016,19,0.917223,401381,5,10,3
2016,20,0.370998,123873,1,2,1
2016,21,0.49361,1597996,2,3,2
2016,22,0.408161,1103442,1,2,1
2016,23,0.80871,733238,5,9,3
2016,24,0.803831,1095349,5,9,3
2016,25,0.750301,694669,4,7,2
2016,26,0.796159,1174940,5,9,3
2016,27,0.795182,860141,4,8,2
2016,28,0.657467,738878,3,6,2
2016,29,0.802716,522068,5,9,3
2016,30,0.589486,912461,3,5,2
2016,31,0.688784,987374,3,6,2
2016,32,0.713966,885607,3,6,2
2016,33,0.680513,1082569,3,6,2
2016,34,0.647502,771997,3,6,2
2016,35,0.621181,912547,3,5,2
2016,36,0.607217,522085,3,5,2
2016,37,0.758755,433234,4,7,2
2016,38,0.580538,1141969,3,5,2
2016,39,0.927539,783323,5,10,3
2016,40,0.402834,991992,1,2,1
2016,41,0.707055,952282,3,6,2
2016,42,0.774591,878888,4,8,2
2016,44,0.848664,1267494,5,9,3
2016,45,0.85546,1559154,5,10,3
2016,46,0.809741,894580,5,9,3
2016,47,0.89004,1313713,5,10,3
2016,48,0.61206,1189935,3,5,2
2016,49,0.710223,1228129,3,6,2
2016,50,0.573611,1084177,2,4,2
2016,51,0.571089,1079789,2,4,2
2016,52,0.760416,941131,4,7,2
2016,53,0.569212,1265468,2,4,2
2016,54,0.806736,516542,5,9,3
2016,55,0.557122,795458,2,4,2
2016,56,0.718879,849197,4,7,2
2016,57,0.670387,598580,3,6,2
2016,58,0.788282,930406,4,8,2
2016,59,0.771266,1145053,4,8,2
2016,60,0.321102,619157,1,1,1
2016,61,0.265485,451016,1,1,1
2016,63,0.567485,1268561,2,4,2
2016,64,0.485578,792590,2,3,2
2016,65,0.434999,1081648,1,2,1
2016,66,0.803898,1248759,5,9,3
2016,67,0.718806,1033467,4,7,2
2016,68,0.50538,601445,2,3,2
2016,69,0.35523,508949,1,1,1
2016,70,0.269175,821650,1,1,1
2016,71,0.338746,1000158,1,1,1
2016,72,0.495423,1056260,2,3,2
2016,73,0.457543,1006392,1,2,1
2016,74,0.479701,1057532,1,2,1
2016,75,0.577929,484410,3,5,2
2016,76,0.480571,1139769,2,3,2
2016,77,0.556893,478943,2,4,2
2016,78,0.60664,741488,3,5,2
2016,79,0.587428,1040371,3,5,2
2016,80,0,626238,1,1,1
2016,81,0.000235,814923,1,1,1
2016,82,0.232562,735553,1,1,1
2016,83,0.444435,762163,1,2,1
2016,84,0.499442,684830,2,3,2
2016,85,0.211426,1114901,1,1,1
2016,86,0.480243,1164100,2,3,2
2016,87,0.518957,522875,2,4,2
2016,88,0.453362,846572,1,2,1
2016,89,0.507547,763761,2,3,2
2016,90,0.507864,892793,2,3,2
2016,91,0.455292,999919,1,2,1
2016,92,0.57321,516635,2,4,2
2016,93,0.45504,590817,1,2,1
2016,94,0.634516,705807,3,6,2
2016,95,0.629732,497496,3,5,2
2016,96,0.571644,552316,2,4,2
2016,97,0.5228,1061351,2,4,2
2016,98,0.793231,242064,4,8,2
2016,99,0.816979,831356,5,9,3
2017,1,0.668933,1242943,3,6,2
2017,2,0.864701,427271,5,9,3
2017,3,0.866515,294995,5,9,3
2017,4,0.789922,1227112,4,8,2
2017,6,0.965395,1276724,5,10,3
2017,7,0.730909,562704,3,6,2
2017,8,0.781858,577243,4,8,2
2017,9,0.800183,788063,4,8,2
2017,10,0.779623,414467,4,7,2
2017,12,0.778478,1377942,4,7,2
2017,13,0.779581,1173394,4,7,2
2017,14,0.742882,1264837,4,7,2
2017,15,0.792536,627638,4,8,2
2017,16,0.868437,598413,5,10,3
2017,17,1,582175,5,10,3
2017,18,0.885384,603349,5,10,3
2017,19,0.919139,401381,5,10,3
2017,20,0.372437,123873,1,1,1
2017,21,0.496944,1597996,2,3,2
2017,22,0.408104,1103442,1,2,1
2017,23,0.814212,733238,4,8,2
2017,24,0.815099,1095349,4,8,2
2017,25,0.755041,694669,4,7,2
2017,26,0.826218,1174940,5,9,3
2017,27,0.825223,860141,5,9,3
2017,28,0.70239,738878,3,6,2
2017,29,0.833751,522068,5,9,3
2017,30,0.601006,912461,2,4,2
2017,31,0.712641,987374,3,6,2
2017,32,0.735065,885607,3,6,2
2017,33,0.7073,1082569,3,6,2
2017,34,0.647469,771997,3,6,2
2017,35,0.628188,912547,3,5,2
2017,36,0.612841,522085,3,5,2
2017,37,0.770971,433234,4,7,2
2017,38,0.603535,1141969,2,4,2
2017,39,0.935137,783323,5,10,3
2017,40,0.399047,991992,1,2,1
2017,41,0.724982,952282,3,6,2
2017,42,0.808644,878888,4,8,2
2017,44,0.886979,1267494,5,10,3
2017,45,0.880204,1559154,5,10,3
2017,46,0.834574,894580,5,9,3
2017,47,0.920092,1313713,5,10,3
2017,48,0.631395,1189935,3,5,2
2017,49,0.739404,1228129,4,7,2
2017,50,0.572478,1084177,2,4,2
2017,51,0.569407,1079789,2,4,2
2017,52,0.772583,941131,4,7,2
2017,53,0.582048,1265468,2,4,2
2017,54,0.823191,516542,5,9,3
2017,55,0.577448,795458,2,4,2
2017,56,0.7361,849197,4,7,2
2017,57,0.668523,598580,3,6,2
2017,58,0.814225,930406,4,8,2
2017,59,0.788051,1145053,4,8,2
2017,60,0.309879,619157,1,1,1
2017,61,0.268873,451016,1,1,1
2017,63,0.565949,1268561,2,4,2
2017,64,0.484625,792590,1,2,1
2017,65,0.447677,1081648,1,2,1
2017,66,0.818347,1248759,5,9,3
2017,67,0.748408,1033467,4,7,2
2017,68,0.520388,601445,2,3,2
2017,69,0.385825,508949,1,2,1
2017,70,0.263986,821650,1,1,1
2017,71,0.373556,1000158,1,1,1
2017,72,0.510774,1056260,2,3,2
2017,73,0.470234,1006392,1,2,1
2017,74,0.491845,1057532,1,2,1
2017,75,0.631333,484410,3,5,2
2017,76,0.499947,1139769,2,3,2
2017,77,0.58931,478943,2,4,2
2017,78,0.64058,741488,3,5,2
2017,79,0.627519,1040371,3,5,2
2017,80,0,626238,1,1,1
2017,81,0.000265,814923,1,1,1
2017,82,0.234381,735553,1,1,1
2017,83,0.456681,762163,1,2,1
2017,84,0.514003,684830,2,3,2
2017,85,0.241429,1114901,1,1,1
2017,86,0.508115,1164100,2,3,2
2017,87,0.545762,522875,2,4,2
2017,88,0.485647,846572,1,2,1
2017,89,0.54171,763761,2,4,2
2017,90,0.531148,892793,2,3,2
2017,91,0.470685,999919,1,2,1
2017,92,0.607577,516635,3,5,2
2017,93,0.494365,590817,2,3,2
2017,94,0.646473,705807,3,6,2
2017,95,0.636462,497496,3,5,2
2017,96,0.605981,552316,3,5,2
2017,97,0.541227,1061351,2,3,2
2017,98,0.820254,242064,5,9,3
2017,99,0.85611,831356,5,9,3
2018,1,0.66008,1242943,3,6,2
2018,2,0.87556,427271,5,10,3
2018,3,0.880064,294995,5,10,3
2018,4,0.798385,1227112,4,8,2
2018,6,0.976197,1276724,5,10,3
2018,7,0.756167,562704,4,7,2
2018,8,0.793243,577243,4,8,2
2018,9,0.796897,788063,4,8,2
2018,10,0.75761,414467,4,7,2
2018,12,0.757035,1377942,4,7,2
2018,13,0.757575,1173394,4,7,2
2018,14,0.726012,1264837,3,6,2
2018,15,0.807088,627638,4,8,2
2018,16,0.860978,598413,5,9,3
2018,17,1,582175,5,10,3
2018,18,0.873859,603349,5,9,3
2018,19,0.935445,401381,5,10,3
2018,20,0.384767,123873,1,2,1
2018,21,0.513142,1597996,2,3,2
2018,22,0.4196,1103442,1,2,1
2018,23,0.817747,733238,4,8,2
2018,24,0.825048,1095349,5,9,3
2018,25,0.761523,694669,4,7,2
2018,26,0.819088,1174940,4,8,2
2018,27,0.82921,860141,5,9,3
2018,28,0.70917,738878,3,6,2
2018,29,0.835905,522068,5,9,3
2018,30,0.607265,912461,3,5,2
2018,31,0.730141,987374,3,6,2
2018,32,0.730356,885607,3,6,2
2018,33,0.69877,1082569,3,6,2
2018,34,0.645471,771997,3,6,2
2018,35,0.635389,912547,3,5,2
2018,36,0.619121,522085,3,5,2
2018,37,0.782637,433234,4,7,2
2018,38,0.608537,1141969,3,5,2
2018,39,0.958488,783323,5,10,3
2018,40,0.400355,991992,1,2,1
2018,41,0.73405,952282,4,7,2
2018,42,0.804042,878888,4,8,2
2018,44,0.88753,1267494,5,10,3
2018,45,0.875597,1559154,5,10,3
2018,46,0.836461,894580,5,9,3
2018,47,0.930749,1313713,5,10,3
2018,48,0.620198,1189935,3,5,2
2018,49,0.7306,1228129,3,6,2
2018,50,0.578231,1084177,2,4,2
2018,51,0.575186,1079789,2,4,2
2018,52,0.794684,941131,4,8,2
2018,53,0.581183,1265468,2,4,2
2018,54,0.821777,516542,4,8,2
2018,55,0.581476,795458,2,4,2
2018,56,0.74306,849197,4,7,2
2018,57,0.672068,598580,3,6,2
2018,58,0.830652,930406,5,9,3
2018,59,0.782622,1145053,4,7,2
2018,60,0.294998,619157,1,1,1
2018,61,0.279695,451016,1,1,1
2018,63,0.574987,1268561,2,4,2
2018,64,0.49339,792590,2,3,2
2018,65,0.458704,1081648,1,2,1
2018,66,0.824318,1248759,5,9,3
2018,67,0.751763,1033467,4,7,2
2018,68,0.535672,601445,2,4,2
2018,69,0.378708,508949,1,1,1
2018,70,0.25825,821650,1,1,1
2018,71,0.350462,1000158,1,1,1
2018,72,0.51348,1056260,2,3,2
2018,73,0.465928,1006392,1,2,1
2018,74,0.500834,1057532,2,3,2
2018,75,0.617479,484410,3,5,2
2018,76,0.502884,1139769,2,3,2
2018,77,0.598642,478943,2,4,2
2018,78,0.630331,741488,3,5,2
2018,79,0.611057,1040371,3,5,2
2018,80,0,626238,1,1,1
2018,81,0.000242,814923,1,1,1
2018,82,0.232584,735553,1,1,1
2018,83,0.448717,762163,1,2,1
2018,84,0.512631,684830,2,3,2
2018,85,0.233892,1114901,1,1,1
2018,86,0.492233,1164100,1,2,1
2018,87,0.51579,522875,2,3,2
2018,88,0.478034,846572,1,2,1
2018,89,0.517965,763761,2,3,2
2018,90,0.539249,892793,2,4,2
2018,91,0.465614,999919,1,2,1
2018,92,0.584057,516635,2,4,2
2018,93,0.470775,590817,1,2,1
2018,94,0.631589,705807,3,5,2
2018,95,0.640376,497496,3,6,2
2018,96,0.594461,552316,2,4,2
2018,97,0.52404,1061351,2,3,2
2018,98,0.840689,242064,5,9,3
2018,99,0.873692,831356,5,9,3
2019,1,0.673853,1242943,3,6,2
2019,2,0.874577,427271,5,9,3
2019,3,0.869267,294995,5,9,3
2019,4,0.808828,1227112,4,8,2
2019,6,0.985539,1276724,5,10,3
2019,7,0.773097,562704,4,7,2
2019,8,0.814937,577243,4,8,2
2019,9,0.808157,788063,4,8,2
2019,10,0.738202,414467,3,6,2
2019,12,0.73791,1377942,3,6,2
2019,13,0.738197,1173394,3,6,2
2019,14,0.727658,1264837,3,6,2
2019,15,0.808783,627638,4,8,2
2019,16,0.871152,598413,5,9,3
2019,17,1,582175,5,10,3
2019,18,0.898386,603349,5,10,3
2019,19,0.947596,401381,5,10,3
2019,20,0.391322,123873,1,2,1
2019,21,0.525038,1597996,2,3,2
2019,22,0.430933,1103442,1,2,1
2019,23,0.828403,733238,4,8,2
2019,24,0.838645,1095349,4,8,2
2019,25,0.783791,694669,4,7,2
2019,26,0.841803,1174940,4,8,2
2019,27,0.857918,860141,5,9,3
2019,28,0.744281,738878,3,6,2
2019,29,0.845851,522068,5,9,3
2019,30,0.612473,912461,2,4,2
2019,31,0.749468,987374,4,7,2
2019,32,0.751292,885607,4,7,2
2019,33,0.71601,1082569,3,6,2
2019,34,0.663984,771997,3,6,2
2019,35,0.657074,912547,3,6,2
2019,36,0.645333,522085,3,5,2
2019,37,0.809168,433234,4,8,2
2019,38,0.620001,1141969,3,5,2
2019,39,0.968096,783323,5,10,3
2019,40,0.405437,991992,1,2,1
2019,41,0.745746,952282,4,7,2
2019,42,0.833029,878888,4,8,2
2019,44,0.910304,1267494,5,10,3
2019,45,0.89163,1559154,5,10,3
2019,46,0.849713,894580,5,9,3
2019,47,0.949208,1313713,5,10,3
2019,48,0.636626,1189935,3,5,2
2019,49,0.757222,1228129,4,7,2
2019,50,0.590038,1084177,2,4,2
2019,51,0.590973,1079789,2,4,2
2019,52,0.801972,941131,4,7,2
2019,53,0.604844,1265468,2,4,2
2019,54,0.856517,516542,5,9,3
2019,55,0.615078,795458,3,5,2
2019,56,0.763836,849197,4,7,2
2019,57,0.686855,598580,3,6,2
2019,58,0.852047,930406,5,9,3
2019,59,0.793131,1145053,4,7,2
2019,60,0.328519,619157,1,1,1
2019,61,0.30821,451016,1,1,1
2019,63,0.590469,1268561,2,4,2
2019,64,0.517559,792590,2,3,2
2019,65,0.472991,1081648,1,2,1
2019,66,0.850423,1248759,5,9,3
2019,67,0.781783,1033467,4,7,2
2019,68,0.538422,601445,2,4,2
2019,69,0.369886,508949,1,1,1
2019,70,0.254585,821650,1,1,1
2019,71,0.355067,1000158,1,1,1
2019,72,0.524206,1056260,2,3,2
2019,73,0.477296,1006392,1,2,1
2019,74,0.500202,1057532,1,2,1
2019,75,0.634881,484410,3,5,2
2019,76,0.509486,1139769,2,3,2
2019,77,0.612335,478943,2,4,2
2019,78,0.635647,741488,3,5,2
2019,79,0.619896,1040371,3,5,2
2019,80,0,626238,1,1,1
2019,81,0.000255,814923,1,1,1
2019,82,0.243259,735553,1,1,1
2019,83,0.449905,762163,1,2,1
2019,84,0.52603,684830,2,3,2
2019,85,0.245502,1114901,1,1,1
2019,86,0.509922,1164100,2,3,2
2019,87,0.519798,522875,2,3,2
2019,88,0.49763,846572,1,2,1
2019,89,0.527723,763761,2,3,2
2019,90,0.543518,892793,2,4,2
2019,91,0.480129,999919,1,2,1
2019,92,0.591942,516635,2,4,2
2019,93,0.494267,590817,1,2,1
2019,94,0.644251,705807,3,5,2
2019,95,0.655185,497496,3,5,2
2019,96,0.607419,552316,2,4,2
2019,97,0.532244,1061351,2,3,2
2019,98,0.860752,242064,5,9,3
2019,99,0.879758,831356,5,10,3
