"","Kreiskennziffer","Name des Kreises","Bev�lkerung","GISD_Score","GISD_5","GISD_10","GISD_k"
"1",13003,"Rostock",204167,0.76646,1,1,1
"2",13004,"Schwerin",92138,0.802072,1,2,1
"3",13071,"Mecklenburgische Seenplatte",261733,0.848783,4,7,2
"4",13072,"Landkreis Rostock",211878,0.812246,3,5,2
"5",13073,"Vorpommern-R�gen",223470,0.854964,5,9,3
"6",13074,"Nordwestmecklenburg",155424,0.835005,3,6,2
"7",13075,"Vorpommern-Greifswald",237697,0.87515,5,10,3
"8",13076,"Ludwigslust-Parchim",212631,0.809151,2,4,2
