"","Kreiskennziffer","Name des Kreises","Bev�lkerung","GISD_Score","GISD_5","GISD_10","GISD_k"
"1",13003,"Rostock",204167,0.802842,1,1,1
"2",13004,"Schwerin",92138,0.839872,1,2,1
"3",13071,"Mecklenburgische Seenplatte",261733,0.959135,5,10,3
"4",13072,"Landkreis Rostock",211878,0.85693,2,4,2
"5",13073,"Vorpommern-R�gen",223470,0.937578,3,6,2
"6",13074,"Nordwestmecklenburg",155424,0.940455,5,9,3
"7",13075,"Vorpommern-Greifswald",237697,0.939387,4,7,2
"8",13076,"Ludwigslust-Parchim",212631,0.922361,3,5,2
