"","Kreiskennziffer","Name des Kreises","Bev�lkerung","GISD_Score","GISD_5","GISD_10","GISD_k"
"1",13003,"Rostock",204167,0.746394,1,1,1
"2",13004,"Schwerin",92138,0.77083,1,2,1
"3",13071,"Mecklenburgische Seenplatte",261733,0.855463,5,9,3
"4",13072,"Landkreis Rostock",211878,0.821149,3,5,2
"5",13073,"Vorpommern-R�gen",223470,0.827736,3,6,2
"6",13074,"Nordwestmecklenburg",155424,0.851415,4,7,2
"7",13075,"Vorpommern-Greifswald",237697,0.863224,5,10,3
"8",13076,"Ludwigslust-Parchim",212631,0.779681,2,4,2
