"","Kreiskennziffer","Name des Kreises","Bev�lkerung","GISD_Score","GISD_5","GISD_10","GISD_k"
"1",13003,"Rostock",204167,0.827995,1,1,1
"2",13004,"Schwerin",92138,0.876847,2,4,2
"3",13071,"Mecklenburgische Seenplatte",261733,0.913433,4,7,2
"4",13072,"Landkreis Rostock",211878,0.878098,3,5,2
"5",13073,"Vorpommern-R�gen",223470,0.95746,5,10,3
"6",13074,"Nordwestmecklenburg",155424,0.898916,3,6,2
"7",13075,"Vorpommern-Greifswald",237697,0.948341,5,9,3
"8",13076,"Ludwigslust-Parchim",212631,0.870935,1,2,1
