"","Kreiskennziffer","Name des Kreises","Bev�lkerung","GISD_Score","GISD_5","GISD_10","GISD_k"
"1",13003,"Rostock",204167,0.763526,1,1,1
"2",13004,"Schwerin",92138,0.769586,1,2,1
"3",13071,"Mecklenburgische Seenplatte",261733,0.85626,4,7,2
"4",13072,"Landkreis Rostock",211878,0.832733,3,6,2
"5",13073,"Vorpommern-R�gen",223470,0.887363,5,10,3
"6",13074,"Nordwestmecklenburg",155424,0.830766,3,5,2
"7",13075,"Vorpommern-Greifswald",237697,0.872284,5,9,3
"8",13076,"Ludwigslust-Parchim",212631,0.808139,2,4,2
