"gisd_score","kreis_id","kreis_name","year"
0.08685,"08111","Stuttgart, Stadt",1998
0.05361,"08111","Stuttgart, Stadt",1999
0.11671,"08111","Stuttgart, Stadt",2000
0.09765,"08111","Stuttgart, Stadt",2001
0.17666,"08111","Stuttgart, Stadt",2002
0.14683,"08111","Stuttgart, Stadt",2003
0.06247,"08111","Stuttgart, Stadt",2004
0.05277,"08111","Stuttgart, Stadt",2005
0.0846,"08111","Stuttgart, Stadt",2006
0.04923,"08111","Stuttgart, Stadt",2007
0.05491,"08111","Stuttgart, Stadt",2008
0.08741,"08111","Stuttgart, Stadt",2009
0.05587,"08111","Stuttgart, Stadt",2010
0.05216,"08111","Stuttgart, Stadt",2011
0.12629,"08111","Stuttgart, Stadt",2012
0.14822,"08111","Stuttgart, Stadt",2013
0.10069,"08111","Stuttgart, Stadt",2014
0.10202,"08111","Stuttgart, Stadt",2015
0.10377,"08111","Stuttgart, Stadt",2016
0,"08111","Stuttgart, Stadt",2017
0.06841,"08111","Stuttgart, Stadt",2018
0.03029,"08111","Stuttgart, Stadt",2019
0,"08115","Böblingen",1998
0.02263,"08115","Böblingen",1999
0.03069,"08115","Böblingen",2000
0.0027,"08115","Böblingen",2001
0.09706,"08115","Böblingen",2002
0.10653,"08115","Böblingen",2003
0.01886,"08115","Böblingen",2004
0,"08115","Böblingen",2005
0,"08115","Böblingen",2006
0,"08115","Böblingen",2007
0,"08115","Böblingen",2008
0.04269,"08115","Böblingen",2009
0.01325,"08115","Böblingen",2010
0,"08115","Böblingen",2011
0.12131,"08115","Böblingen",2012
0.12884,"08115","Böblingen",2013
0.09899,"08115","Böblingen",2014
0.09621,"08115","Böblingen",2015
0.1121,"08115","Böblingen",2016
0.08911,"08115","Böblingen",2017
0.12273,"08115","Böblingen",2018
0.08781,"08115","Böblingen",2019
0.05689,"08116","Esslingen",1998
0.08004,"08116","Esslingen",1999
0.16846,"08116","Esslingen",2000
0.12496,"08116","Esslingen",2001
0.14806,"08116","Esslingen",2002
0.16395,"08116","Esslingen",2003
0.09429,"08116","Esslingen",2004
0.06589,"08116","Esslingen",2005
0.09697,"08116","Esslingen",2006
0.11373,"08116","Esslingen",2007
0.11676,"08116","Esslingen",2008
0.15343,"08116","Esslingen",2009
0.13281,"08116","Esslingen",2010
0.16747,"08116","Esslingen",2011
0.24034,"08116","Esslingen",2012
0.25762,"08116","Esslingen",2013
0.22715,"08116","Esslingen",2014
0.21727,"08116","Esslingen",2015
0.24515,"08116","Esslingen",2016
0.18357,"08116","Esslingen",2017
0.24531,"08116","Esslingen",2018
0.21279,"08116","Esslingen",2019
0.53169,"08117","Göppingen",1998
0.44602,"08117","Göppingen",1999
0.50772,"08117","Göppingen",2000
0.51919,"08117","Göppingen",2001
0.56569,"08117","Göppingen",2002
0.55473,"08117","Göppingen",2003
0.50708,"08117","Göppingen",2004
0.50048,"08117","Göppingen",2005
0.51293,"08117","Göppingen",2006
0.55071,"08117","Göppingen",2007
0.53804,"08117","Göppingen",2008
0.58186,"08117","Göppingen",2009
0.53758,"08117","Göppingen",2010
0.54027,"08117","Göppingen",2011
0.5882,"08117","Göppingen",2012
0.59431,"08117","Göppingen",2013
0.55395,"08117","Göppingen",2014
0.55713,"08117","Göppingen",2015
0.56044,"08117","Göppingen",2016
0.55149,"08117","Göppingen",2017
0.56401,"08117","Göppingen",2018
0.56213,"08117","Göppingen",2019
0.12591,"08118","Ludwigsburg",1998
0.14176,"08118","Ludwigsburg",1999
0.19215,"08118","Ludwigsburg",2000
0.17753,"08118","Ludwigsburg",2001
0.21847,"08118","Ludwigsburg",2002
0.19385,"08118","Ludwigsburg",2003
0.13996,"08118","Ludwigsburg",2004
0.1156,"08118","Ludwigsburg",2005
0.14669,"08118","Ludwigsburg",2006
0.18252,"08118","Ludwigsburg",2007
0.19121,"08118","Ludwigsburg",2008
0.21857,"08118","Ludwigsburg",2009
0.2041,"08118","Ludwigsburg",2010
0.20722,"08118","Ludwigsburg",2011
0.26775,"08118","Ludwigsburg",2012
0.29764,"08118","Ludwigsburg",2013
0.2613,"08118","Ludwigsburg",2014
0.23363,"08118","Ludwigsburg",2015
0.21597,"08118","Ludwigsburg",2016
0.18886,"08118","Ludwigsburg",2017
0.21712,"08118","Ludwigsburg",2018
0.18682,"08118","Ludwigsburg",2019
0.32022,"08119","Rems-Murr-Kreis",1998
0.34399,"08119","Rems-Murr-Kreis",1999
0.35089,"08119","Rems-Murr-Kreis",2000
0.30282,"08119","Rems-Murr-Kreis",2001
0.33707,"08119","Rems-Murr-Kreis",2002
0.34303,"08119","Rems-Murr-Kreis",2003
0.29446,"08119","Rems-Murr-Kreis",2004
0.29192,"08119","Rems-Murr-Kreis",2005
0.36006,"08119","Rems-Murr-Kreis",2006
0.35996,"08119","Rems-Murr-Kreis",2007
0.34234,"08119","Rems-Murr-Kreis",2008
0.35999,"08119","Rems-Murr-Kreis",2009
0.32575,"08119","Rems-Murr-Kreis",2010
0.37653,"08119","Rems-Murr-Kreis",2011
0.43528,"08119","Rems-Murr-Kreis",2012
0.46072,"08119","Rems-Murr-Kreis",2013
0.41774,"08119","Rems-Murr-Kreis",2014
0.43067,"08119","Rems-Murr-Kreis",2015
0.43954,"08119","Rems-Murr-Kreis",2016
0.40239,"08119","Rems-Murr-Kreis",2017
0.41842,"08119","Rems-Murr-Kreis",2018
0.41026,"08119","Rems-Murr-Kreis",2019
0.65925,"08121","Heilbronn, Stadt",1998
0.66202,"08121","Heilbronn, Stadt",1999
0.96782,"08121","Heilbronn, Stadt",2000
0.8819,"08121","Heilbronn, Stadt",2001
0.95852,"08121","Heilbronn, Stadt",2002
0.89801,"08121","Heilbronn, Stadt",2003
0.77556,"08121","Heilbronn, Stadt",2004
0.7544,"08121","Heilbronn, Stadt",2005
0.73198,"08121","Heilbronn, Stadt",2006
0.67516,"08121","Heilbronn, Stadt",2007
0.58738,"08121","Heilbronn, Stadt",2008
0.58164,"08121","Heilbronn, Stadt",2009
0.51751,"08121","Heilbronn, Stadt",2010
0.51797,"08121","Heilbronn, Stadt",2011
0.59973,"08121","Heilbronn, Stadt",2012
0.64232,"08121","Heilbronn, Stadt",2013
0.64082,"08121","Heilbronn, Stadt",2014
0.54361,"08121","Heilbronn, Stadt",2015
0.46368,"08121","Heilbronn, Stadt",2016
0.39357,"08121","Heilbronn, Stadt",2017
0.44651,"08121","Heilbronn, Stadt",2018
0.40639,"08121","Heilbronn, Stadt",2019
0.26912,"08125","Heilbronn",1998
0.27584,"08125","Heilbronn",1999
0.38235,"08125","Heilbronn",2000
0.36674,"08125","Heilbronn",2001
0.37966,"08125","Heilbronn",2002
0.39662,"08125","Heilbronn",2003
0.39998,"08125","Heilbronn",2004
0.35549,"08125","Heilbronn",2005
0.35566,"08125","Heilbronn",2006
0.37312,"08125","Heilbronn",2007
0.31429,"08125","Heilbronn",2008
0.38378,"08125","Heilbronn",2009
0.32839,"08125","Heilbronn",2010
0.30802,"08125","Heilbronn",2011
0.35761,"08125","Heilbronn",2012
0.36131,"08125","Heilbronn",2013
0.32547,"08125","Heilbronn",2014
0.32119,"08125","Heilbronn",2015
0.33105,"08125","Heilbronn",2016
0.29751,"08125","Heilbronn",2017
0.32999,"08125","Heilbronn",2018
0.3059,"08125","Heilbronn",2019
0.45011,"08126","Hohenlohekreis",1998
0.46846,"08126","Hohenlohekreis",1999
0.57921,"08126","Hohenlohekreis",2000
0.58808,"08126","Hohenlohekreis",2001
0.58789,"08126","Hohenlohekreis",2002
0.56917,"08126","Hohenlohekreis",2003
0.58131,"08126","Hohenlohekreis",2004
0.47197,"08126","Hohenlohekreis",2005
0.50268,"08126","Hohenlohekreis",2006
0.52098,"08126","Hohenlohekreis",2007
0.52619,"08126","Hohenlohekreis",2008
0.61175,"08126","Hohenlohekreis",2009
0.50415,"08126","Hohenlohekreis",2010
0.4773,"08126","Hohenlohekreis",2011
0.52601,"08126","Hohenlohekreis",2012
0.51974,"08126","Hohenlohekreis",2013
0.46707,"08126","Hohenlohekreis",2014
0.45872,"08126","Hohenlohekreis",2015
0.4554,"08126","Hohenlohekreis",2016
0.3557,"08126","Hohenlohekreis",2017
0.45238,"08126","Hohenlohekreis",2018
0.4251,"08126","Hohenlohekreis",2019
0.57607,"08127","Schwäbisch Hall",1998
0.66063,"08127","Schwäbisch Hall",1999
0.6866,"08127","Schwäbisch Hall",2000
0.72977,"08127","Schwäbisch Hall",2001
0.77122,"08127","Schwäbisch Hall",2002
0.71684,"08127","Schwäbisch Hall",2003
0.71329,"08127","Schwäbisch Hall",2004
0.70906,"08127","Schwäbisch Hall",2005
0.71843,"08127","Schwäbisch Hall",2006
0.71957,"08127","Schwäbisch Hall",2007
0.68576,"08127","Schwäbisch Hall",2008
0.72086,"08127","Schwäbisch Hall",2009
0.66096,"08127","Schwäbisch Hall",2010
0.67882,"08127","Schwäbisch Hall",2011
0.6083,"08127","Schwäbisch Hall",2012
0.60952,"08127","Schwäbisch Hall",2013
0.55551,"08127","Schwäbisch Hall",2014
0.57149,"08127","Schwäbisch Hall",2015
0.55122,"08127","Schwäbisch Hall",2016
0.50944,"08127","Schwäbisch Hall",2017
0.57299,"08127","Schwäbisch Hall",2018
0.54007,"08127","Schwäbisch Hall",2019
0.5762,"08128","Main-Tauber-Kreis",1998
0.51612,"08128","Main-Tauber-Kreis",1999
0.56333,"08128","Main-Tauber-Kreis",2000
0.6123,"08128","Main-Tauber-Kreis",2001
0.64792,"08128","Main-Tauber-Kreis",2002
0.63491,"08128","Main-Tauber-Kreis",2003
0.62678,"08128","Main-Tauber-Kreis",2004
0.59261,"08128","Main-Tauber-Kreis",2005
0.57208,"08128","Main-Tauber-Kreis",2006
0.61504,"08128","Main-Tauber-Kreis",2007
0.56669,"08128","Main-Tauber-Kreis",2008
0.5792,"08128","Main-Tauber-Kreis",2009
0.53387,"08128","Main-Tauber-Kreis",2010
0.53558,"08128","Main-Tauber-Kreis",2011
0.57811,"08128","Main-Tauber-Kreis",2012
0.61097,"08128","Main-Tauber-Kreis",2013
0.56281,"08128","Main-Tauber-Kreis",2014
0.5633,"08128","Main-Tauber-Kreis",2015
0.53705,"08128","Main-Tauber-Kreis",2016
0.51237,"08128","Main-Tauber-Kreis",2017
0.54545,"08128","Main-Tauber-Kreis",2018
0.50249,"08128","Main-Tauber-Kreis",2019
0.50093,"08135","Heidenheim",1998
0.5306,"08135","Heidenheim",1999
0.58508,"08135","Heidenheim",2000
0.54259,"08135","Heidenheim",2001
0.62369,"08135","Heidenheim",2002
0.58655,"08135","Heidenheim",2003
0.56448,"08135","Heidenheim",2004
0.53816,"08135","Heidenheim",2005
0.53093,"08135","Heidenheim",2006
0.55744,"08135","Heidenheim",2007
0.47458,"08135","Heidenheim",2008
0.5365,"08135","Heidenheim",2009
0.48634,"08135","Heidenheim",2010
0.49852,"08135","Heidenheim",2011
0.55974,"08135","Heidenheim",2012
0.55784,"08135","Heidenheim",2013
0.55412,"08135","Heidenheim",2014
0.59871,"08135","Heidenheim",2015
0.60794,"08135","Heidenheim",2016
0.591,"08135","Heidenheim",2017
0.5952,"08135","Heidenheim",2018
0.53543,"08135","Heidenheim",2019
0.35864,"08136","Ostalbkreis",1998
0.40281,"08136","Ostalbkreis",1999
0.48681,"08136","Ostalbkreis",2000
0.45712,"08136","Ostalbkreis",2001
0.51386,"08136","Ostalbkreis",2002
0.50192,"08136","Ostalbkreis",2003
0.49127,"08136","Ostalbkreis",2004
0.48733,"08136","Ostalbkreis",2005
0.44886,"08136","Ostalbkreis",2006
0.45611,"08136","Ostalbkreis",2007
0.42591,"08136","Ostalbkreis",2008
0.47299,"08136","Ostalbkreis",2009
0.42533,"08136","Ostalbkreis",2010
0.45585,"08136","Ostalbkreis",2011
0.46427,"08136","Ostalbkreis",2012
0.44339,"08136","Ostalbkreis",2013
0.4189,"08136","Ostalbkreis",2014
0.4168,"08136","Ostalbkreis",2015
0.44021,"08136","Ostalbkreis",2016
0.35454,"08136","Ostalbkreis",2017
0.40687,"08136","Ostalbkreis",2018
0.37891,"08136","Ostalbkreis",2019
0.12599,"08211","Baden-Baden, Stadt",1998
0.16959,"08211","Baden-Baden, Stadt",1999
0.14913,"08211","Baden-Baden, Stadt",2000
0.11177,"08211","Baden-Baden, Stadt",2001
0.22481,"08211","Baden-Baden, Stadt",2002
0.15202,"08211","Baden-Baden, Stadt",2003
0.2007,"08211","Baden-Baden, Stadt",2004
0.18864,"08211","Baden-Baden, Stadt",2005
0.258,"08211","Baden-Baden, Stadt",2006
0.22966,"08211","Baden-Baden, Stadt",2007
0.20793,"08211","Baden-Baden, Stadt",2008
0.28018,"08211","Baden-Baden, Stadt",2009
0.18945,"08211","Baden-Baden, Stadt",2010
0.18554,"08211","Baden-Baden, Stadt",2011
0.29693,"08211","Baden-Baden, Stadt",2012
0.37428,"08211","Baden-Baden, Stadt",2013
0.33989,"08211","Baden-Baden, Stadt",2014
0.3431,"08211","Baden-Baden, Stadt",2015
0.41097,"08211","Baden-Baden, Stadt",2016
0.34005,"08211","Baden-Baden, Stadt",2017
0.42988,"08211","Baden-Baden, Stadt",2018
0.42808,"08211","Baden-Baden, Stadt",2019
0.28542,"08212","Karlsruhe, Stadt",1998
0.30242,"08212","Karlsruhe, Stadt",1999
0.33985,"08212","Karlsruhe, Stadt",2000
0.24472,"08212","Karlsruhe, Stadt",2001
0.30826,"08212","Karlsruhe, Stadt",2002
0.2907,"08212","Karlsruhe, Stadt",2003
0.26195,"08212","Karlsruhe, Stadt",2004
0.26817,"08212","Karlsruhe, Stadt",2005
0.3182,"08212","Karlsruhe, Stadt",2006
0.32531,"08212","Karlsruhe, Stadt",2007
0.30762,"08212","Karlsruhe, Stadt",2008
0.29498,"08212","Karlsruhe, Stadt",2009
0.29548,"08212","Karlsruhe, Stadt",2010
0.34817,"08212","Karlsruhe, Stadt",2011
0.35056,"08212","Karlsruhe, Stadt",2012
0.37833,"08212","Karlsruhe, Stadt",2013
0.36462,"08212","Karlsruhe, Stadt",2014
0.34784,"08212","Karlsruhe, Stadt",2015
0.30912,"08212","Karlsruhe, Stadt",2016
0.28173,"08212","Karlsruhe, Stadt",2017
0.30372,"08212","Karlsruhe, Stadt",2018
0.25141,"08212","Karlsruhe, Stadt",2019
0.27295,"08215","Karlsruhe",1998
0.28758,"08215","Karlsruhe",1999
0.35474,"08215","Karlsruhe",2000
0.30532,"08215","Karlsruhe",2001
0.28367,"08215","Karlsruhe",2002
0.36377,"08215","Karlsruhe",2003
0.31472,"08215","Karlsruhe",2004
0.30397,"08215","Karlsruhe",2005
0.33065,"08215","Karlsruhe",2006
0.37093,"08215","Karlsruhe",2007
0.33681,"08215","Karlsruhe",2008
0.3717,"08215","Karlsruhe",2009
0.33012,"08215","Karlsruhe",2010
0.35658,"08215","Karlsruhe",2011
0.40788,"08215","Karlsruhe",2012
0.39891,"08215","Karlsruhe",2013
0.3723,"08215","Karlsruhe",2014
0.37527,"08215","Karlsruhe",2015
0.37742,"08215","Karlsruhe",2016
0.321,"08215","Karlsruhe",2017
0.41816,"08215","Karlsruhe",2018
0.41885,"08215","Karlsruhe",2019
0.33654,"08216","Rastatt",1998
0.33434,"08216","Rastatt",1999
0.39857,"08216","Rastatt",2000
0.40807,"08216","Rastatt",2001
0.37457,"08216","Rastatt",2002
0.36702,"08216","Rastatt",2003
0.3464,"08216","Rastatt",2004
0.29184,"08216","Rastatt",2005
0.29867,"08216","Rastatt",2006
0.34429,"08216","Rastatt",2007
0.326,"08216","Rastatt",2008
0.40719,"08216","Rastatt",2009
0.3407,"08216","Rastatt",2010
0.38947,"08216","Rastatt",2011
0.49312,"08216","Rastatt",2012
0.51261,"08216","Rastatt",2013
0.47473,"08216","Rastatt",2014
0.45164,"08216","Rastatt",2015
0.45678,"08216","Rastatt",2016
0.4247,"08216","Rastatt",2017
0.49454,"08216","Rastatt",2018
0.41778,"08216","Rastatt",2019
0.02861,"08221","Heidelberg, Stadt",1998
0,"08221","Heidelberg, Stadt",1999
0,"08221","Heidelberg, Stadt",2000
0,"08221","Heidelberg, Stadt",2001
0,"08221","Heidelberg, Stadt",2002
0,"08221","Heidelberg, Stadt",2003
0,"08221","Heidelberg, Stadt",2004
0.0597,"08221","Heidelberg, Stadt",2005
0.04585,"08221","Heidelberg, Stadt",2006
0.06402,"08221","Heidelberg, Stadt",2007
0.03396,"08221","Heidelberg, Stadt",2008
0,"08221","Heidelberg, Stadt",2009
0,"08221","Heidelberg, Stadt",2010
0.02365,"08221","Heidelberg, Stadt",2011
0,"08221","Heidelberg, Stadt",2012
0,"08221","Heidelberg, Stadt",2013
0,"08221","Heidelberg, Stadt",2014
0,"08221","Heidelberg, Stadt",2015
0,"08221","Heidelberg, Stadt",2016
0.04276,"08221","Heidelberg, Stadt",2017
0,"08221","Heidelberg, Stadt",2018
0,"08221","Heidelberg, Stadt",2019
0.72085,"08222","Mannheim, Stadt",1998
0.7921,"08222","Mannheim, Stadt",1999
0.82936,"08222","Mannheim, Stadt",2000
0.8206,"08222","Mannheim, Stadt",2001
0.78854,"08222","Mannheim, Stadt",2002
0.76188,"08222","Mannheim, Stadt",2003
0.78659,"08222","Mannheim, Stadt",2004
0.78941,"08222","Mannheim, Stadt",2005
0.78248,"08222","Mannheim, Stadt",2006
0.81039,"08222","Mannheim, Stadt",2007
0.73137,"08222","Mannheim, Stadt",2008
0.71001,"08222","Mannheim, Stadt",2009
0.63291,"08222","Mannheim, Stadt",2010
0.63064,"08222","Mannheim, Stadt",2011
0.58666,"08222","Mannheim, Stadt",2012
0.6197,"08222","Mannheim, Stadt",2013
0.61881,"08222","Mannheim, Stadt",2014
0.58817,"08222","Mannheim, Stadt",2015
0.57054,"08222","Mannheim, Stadt",2016
0.54478,"08222","Mannheim, Stadt",2017
0.58855,"08222","Mannheim, Stadt",2018
0.56463,"08222","Mannheim, Stadt",2019
0.76153,"08225","Neckar-Odenwald-Kreis",1998
0.71504,"08225","Neckar-Odenwald-Kreis",1999
0.84763,"08225","Neckar-Odenwald-Kreis",2000
0.85485,"08225","Neckar-Odenwald-Kreis",2001
0.8522,"08225","Neckar-Odenwald-Kreis",2002
0.84021,"08225","Neckar-Odenwald-Kreis",2003
0.83396,"08225","Neckar-Odenwald-Kreis",2004
0.85165,"08225","Neckar-Odenwald-Kreis",2005
0.84802,"08225","Neckar-Odenwald-Kreis",2006
0.88724,"08225","Neckar-Odenwald-Kreis",2007
0.84306,"08225","Neckar-Odenwald-Kreis",2008
0.856,"08225","Neckar-Odenwald-Kreis",2009
0.73076,"08225","Neckar-Odenwald-Kreis",2010
0.85537,"08225","Neckar-Odenwald-Kreis",2011
0.79504,"08225","Neckar-Odenwald-Kreis",2012
0.75053,"08225","Neckar-Odenwald-Kreis",2013
0.76896,"08225","Neckar-Odenwald-Kreis",2014
0.73195,"08225","Neckar-Odenwald-Kreis",2015
0.75138,"08225","Neckar-Odenwald-Kreis",2016
0.68175,"08225","Neckar-Odenwald-Kreis",2017
0.76562,"08225","Neckar-Odenwald-Kreis",2018
0.69318,"08225","Neckar-Odenwald-Kreis",2019
0.25071,"08226","Rhein-Neckar-Kreis",1998
0.26937,"08226","Rhein-Neckar-Kreis",1999
0.30807,"08226","Rhein-Neckar-Kreis",2000
0.27705,"08226","Rhein-Neckar-Kreis",2001
0.26984,"08226","Rhein-Neckar-Kreis",2002
0.28287,"08226","Rhein-Neckar-Kreis",2003
0.24065,"08226","Rhein-Neckar-Kreis",2004
0.24719,"08226","Rhein-Neckar-Kreis",2005
0.25094,"08226","Rhein-Neckar-Kreis",2006
0.28504,"08226","Rhein-Neckar-Kreis",2007
0.25964,"08226","Rhein-Neckar-Kreis",2008
0.29198,"08226","Rhein-Neckar-Kreis",2009
0.28039,"08226","Rhein-Neckar-Kreis",2010
0.29441,"08226","Rhein-Neckar-Kreis",2011
0.33208,"08226","Rhein-Neckar-Kreis",2012
0.36379,"08226","Rhein-Neckar-Kreis",2013
0.36377,"08226","Rhein-Neckar-Kreis",2014
0.33124,"08226","Rhein-Neckar-Kreis",2015
0.35001,"08226","Rhein-Neckar-Kreis",2016
0.28454,"08226","Rhein-Neckar-Kreis",2017
0.37429,"08226","Rhein-Neckar-Kreis",2018
0.30374,"08226","Rhein-Neckar-Kreis",2019
1,"08231","Pforzheim, Stadt",1998
1,"08231","Pforzheim, Stadt",1999
0.92301,"08231","Pforzheim, Stadt",2000
0.83365,"08231","Pforzheim, Stadt",2001
0.94859,"08231","Pforzheim, Stadt",2002
1,"08231","Pforzheim, Stadt",2003
0.96312,"08231","Pforzheim, Stadt",2004
0.99166,"08231","Pforzheim, Stadt",2005
1,"08231","Pforzheim, Stadt",2006
0.99286,"08231","Pforzheim, Stadt",2007
0.98124,"08231","Pforzheim, Stadt",2008
1,"08231","Pforzheim, Stadt",2009
1,"08231","Pforzheim, Stadt",2010
1,"08231","Pforzheim, Stadt",2011
1,"08231","Pforzheim, Stadt",2012
1,"08231","Pforzheim, Stadt",2013
1,"08231","Pforzheim, Stadt",2014
1,"08231","Pforzheim, Stadt",2015
1,"08231","Pforzheim, Stadt",2016
1,"08231","Pforzheim, Stadt",2017
1,"08231","Pforzheim, Stadt",2018
1,"08231","Pforzheim, Stadt",2019
0.54167,"08235","Calw",1998
0.5769,"08235","Calw",1999
0.63097,"08235","Calw",2000
0.5847,"08235","Calw",2001
0.68068,"08235","Calw",2002
0.64227,"08235","Calw",2003
0.61869,"08235","Calw",2004
0.60232,"08235","Calw",2005
0.63958,"08235","Calw",2006
0.57905,"08235","Calw",2007
0.58309,"08235","Calw",2008
0.61797,"08235","Calw",2009
0.54507,"08235","Calw",2010
0.55358,"08235","Calw",2011
0.59957,"08235","Calw",2012
0.63017,"08235","Calw",2013
0.62374,"08235","Calw",2014
0.60305,"08235","Calw",2015
0.58049,"08235","Calw",2016
0.57276,"08235","Calw",2017
0.59472,"08235","Calw",2018
0.56214,"08235","Calw",2019
0.2161,"08236","Enzkreis",1998
0.22785,"08236","Enzkreis",1999
0.28514,"08236","Enzkreis",2000
0.27692,"08236","Enzkreis",2001
0.30921,"08236","Enzkreis",2002
0.30013,"08236","Enzkreis",2003
0.26777,"08236","Enzkreis",2004
0.25448,"08236","Enzkreis",2005
0.26123,"08236","Enzkreis",2006
0.26825,"08236","Enzkreis",2007
0.33092,"08236","Enzkreis",2008
0.30903,"08236","Enzkreis",2009
0.31443,"08236","Enzkreis",2010
0.31228,"08236","Enzkreis",2011
0.39224,"08236","Enzkreis",2012
0.41885,"08236","Enzkreis",2013
0.34889,"08236","Enzkreis",2014
0.36877,"08236","Enzkreis",2015
0.39671,"08236","Enzkreis",2016
0.46012,"08236","Enzkreis",2017
0.43953,"08236","Enzkreis",2018
0.41217,"08236","Enzkreis",2019
0.47555,"08237","Freudenstadt",1998
0.48861,"08237","Freudenstadt",1999
0.5582,"08237","Freudenstadt",2000
0.5701,"08237","Freudenstadt",2001
0.63735,"08237","Freudenstadt",2002
0.60859,"08237","Freudenstadt",2003
0.61414,"08237","Freudenstadt",2004
0.71674,"08237","Freudenstadt",2005
0.667,"08237","Freudenstadt",2006
0.59103,"08237","Freudenstadt",2007
0.60642,"08237","Freudenstadt",2008
0.63796,"08237","Freudenstadt",2009
0.55559,"08237","Freudenstadt",2010
0.56114,"08237","Freudenstadt",2011
0.58789,"08237","Freudenstadt",2012
0.63924,"08237","Freudenstadt",2013
0.55465,"08237","Freudenstadt",2014
0.5394,"08237","Freudenstadt",2015
0.5724,"08237","Freudenstadt",2016
0.47646,"08237","Freudenstadt",2017
0.55065,"08237","Freudenstadt",2018
0.5321,"08237","Freudenstadt",2019
0.42074,"08311","Freiburg im Breisgau, Stadt",1998
0.47995,"08311","Freiburg im Breisgau, Stadt",1999
0.47123,"08311","Freiburg im Breisgau, Stadt",2000
0.51653,"08311","Freiburg im Breisgau, Stadt",2001
0.47075,"08311","Freiburg im Breisgau, Stadt",2002
0.45696,"08311","Freiburg im Breisgau, Stadt",2003
0.50725,"08311","Freiburg im Breisgau, Stadt",2004
0.55851,"08311","Freiburg im Breisgau, Stadt",2005
0.55249,"08311","Freiburg im Breisgau, Stadt",2006
0.6075,"08311","Freiburg im Breisgau, Stadt",2007
0.53242,"08311","Freiburg im Breisgau, Stadt",2008
0.50186,"08311","Freiburg im Breisgau, Stadt",2009
0.4341,"08311","Freiburg im Breisgau, Stadt",2010
0.44955,"08311","Freiburg im Breisgau, Stadt",2011
0.42874,"08311","Freiburg im Breisgau, Stadt",2012
0.47124,"08311","Freiburg im Breisgau, Stadt",2013
0.43331,"08311","Freiburg im Breisgau, Stadt",2014
0.41138,"08311","Freiburg im Breisgau, Stadt",2015
0.41694,"08311","Freiburg im Breisgau, Stadt",2016
0.4378,"08311","Freiburg im Breisgau, Stadt",2017
0.37306,"08311","Freiburg im Breisgau, Stadt",2018
0.37261,"08311","Freiburg im Breisgau, Stadt",2019
0.43042,"08315","Breisgau-Hochschwarzwald",1998
0.44792,"08315","Breisgau-Hochschwarzwald",1999
0.49237,"08315","Breisgau-Hochschwarzwald",2000
0.49561,"08315","Breisgau-Hochschwarzwald",2001
0.51607,"08315","Breisgau-Hochschwarzwald",2002
0.48724,"08315","Breisgau-Hochschwarzwald",2003
0.43566,"08315","Breisgau-Hochschwarzwald",2004
0.43816,"08315","Breisgau-Hochschwarzwald",2005
0.48716,"08315","Breisgau-Hochschwarzwald",2006
0.54649,"08315","Breisgau-Hochschwarzwald",2007
0.49012,"08315","Breisgau-Hochschwarzwald",2008
0.50737,"08315","Breisgau-Hochschwarzwald",2009
0.47721,"08315","Breisgau-Hochschwarzwald",2010
0.48832,"08315","Breisgau-Hochschwarzwald",2011
0.56078,"08315","Breisgau-Hochschwarzwald",2012
0.57195,"08315","Breisgau-Hochschwarzwald",2013
0.51527,"08315","Breisgau-Hochschwarzwald",2014
0.52222,"08315","Breisgau-Hochschwarzwald",2015
0.50589,"08315","Breisgau-Hochschwarzwald",2016
0.50585,"08315","Breisgau-Hochschwarzwald",2017
0.50186,"08315","Breisgau-Hochschwarzwald",2018
0.47273,"08315","Breisgau-Hochschwarzwald",2019
0.4804,"08316","Emmendingen",1998
0.55397,"08316","Emmendingen",1999
0.53791,"08316","Emmendingen",2000
0.55001,"08316","Emmendingen",2001
0.55317,"08316","Emmendingen",2002
0.55341,"08316","Emmendingen",2003
0.59666,"08316","Emmendingen",2004
0.57068,"08316","Emmendingen",2005
0.56755,"08316","Emmendingen",2006
0.6168,"08316","Emmendingen",2007
0.55717,"08316","Emmendingen",2008
0.6124,"08316","Emmendingen",2009
0.54394,"08316","Emmendingen",2010
0.62619,"08316","Emmendingen",2011
0.61167,"08316","Emmendingen",2012
0.63271,"08316","Emmendingen",2013
0.5943,"08316","Emmendingen",2014
0.54781,"08316","Emmendingen",2015
0.56636,"08316","Emmendingen",2016
0.51175,"08316","Emmendingen",2017
0.57863,"08316","Emmendingen",2018
0.52234,"08316","Emmendingen",2019
0.57972,"08317","Ortenaukreis",1998
0.61342,"08317","Ortenaukreis",1999
0.64904,"08317","Ortenaukreis",2000
0.66037,"08317","Ortenaukreis",2001
0.70604,"08317","Ortenaukreis",2002
0.67108,"08317","Ortenaukreis",2003
0.64213,"08317","Ortenaukreis",2004
0.62882,"08317","Ortenaukreis",2005
0.64681,"08317","Ortenaukreis",2006
0.65518,"08317","Ortenaukreis",2007
0.62874,"08317","Ortenaukreis",2008
0.66445,"08317","Ortenaukreis",2009
0.61429,"08317","Ortenaukreis",2010
0.62311,"08317","Ortenaukreis",2011
0.63529,"08317","Ortenaukreis",2012
0.64664,"08317","Ortenaukreis",2013
0.62055,"08317","Ortenaukreis",2014
0.599,"08317","Ortenaukreis",2015
0.56484,"08317","Ortenaukreis",2016
0.54907,"08317","Ortenaukreis",2017
0.59246,"08317","Ortenaukreis",2018
0.57777,"08317","Ortenaukreis",2019
0.51818,"08325","Rottweil",1998
0.56934,"08325","Rottweil",1999
0.63737,"08325","Rottweil",2000
0.67531,"08325","Rottweil",2001
0.69526,"08325","Rottweil",2002
0.61525,"08325","Rottweil",2003
0.62433,"08325","Rottweil",2004
0.55042,"08325","Rottweil",2005
0.58682,"08325","Rottweil",2006
0.59619,"08325","Rottweil",2007
0.55274,"08325","Rottweil",2008
0.62533,"08325","Rottweil",2009
0.56598,"08325","Rottweil",2010
0.55329,"08325","Rottweil",2011
0.62779,"08325","Rottweil",2012
0.61819,"08325","Rottweil",2013
0.64493,"08325","Rottweil",2014
0.55166,"08325","Rottweil",2015
0.57796,"08325","Rottweil",2016
0.52237,"08325","Rottweil",2017
0.55909,"08325","Rottweil",2018
0.512,"08325","Rottweil",2019
0.60943,"08326","Schwarzwald-Baar-Kreis",1998
0.60217,"08326","Schwarzwald-Baar-Kreis",1999
0.68105,"08326","Schwarzwald-Baar-Kreis",2000
0.60254,"08326","Schwarzwald-Baar-Kreis",2001
0.69905,"08326","Schwarzwald-Baar-Kreis",2002
0.68345,"08326","Schwarzwald-Baar-Kreis",2003
0.68608,"08326","Schwarzwald-Baar-Kreis",2004
0.65011,"08326","Schwarzwald-Baar-Kreis",2005
0.63197,"08326","Schwarzwald-Baar-Kreis",2006
0.64392,"08326","Schwarzwald-Baar-Kreis",2007
0.61214,"08326","Schwarzwald-Baar-Kreis",2008
0.65096,"08326","Schwarzwald-Baar-Kreis",2009
0.62234,"08326","Schwarzwald-Baar-Kreis",2010
0.62413,"08326","Schwarzwald-Baar-Kreis",2011
0.66013,"08326","Schwarzwald-Baar-Kreis",2012
0.72466,"08326","Schwarzwald-Baar-Kreis",2013
0.66308,"08326","Schwarzwald-Baar-Kreis",2014
0.63239,"08326","Schwarzwald-Baar-Kreis",2015
0.62104,"08326","Schwarzwald-Baar-Kreis",2016
0.64295,"08326","Schwarzwald-Baar-Kreis",2017
0.61106,"08326","Schwarzwald-Baar-Kreis",2018
0.59396,"08326","Schwarzwald-Baar-Kreis",2019
0.70706,"08327","Tuttlingen",1998
0.72942,"08327","Tuttlingen",1999
0.82011,"08327","Tuttlingen",2000
0.79136,"08327","Tuttlingen",2001
0.84738,"08327","Tuttlingen",2002
0.82914,"08327","Tuttlingen",2003
0.84999,"08327","Tuttlingen",2004
0.85556,"08327","Tuttlingen",2005
0.75099,"08327","Tuttlingen",2006
0.7756,"08327","Tuttlingen",2007
0.72901,"08327","Tuttlingen",2008
0.7708,"08327","Tuttlingen",2009
0.68679,"08327","Tuttlingen",2010
0.72977,"08327","Tuttlingen",2011
0.69083,"08327","Tuttlingen",2012
0.721,"08327","Tuttlingen",2013
0.67073,"08327","Tuttlingen",2014
0.65289,"08327","Tuttlingen",2015
0.67631,"08327","Tuttlingen",2016
0.63261,"08327","Tuttlingen",2017
0.70403,"08327","Tuttlingen",2018
0.63335,"08327","Tuttlingen",2019
0.67079,"08335","Konstanz",1998
0.6969,"08335","Konstanz",1999
0.74365,"08335","Konstanz",2000
0.74143,"08335","Konstanz",2001
0.75267,"08335","Konstanz",2002
0.70678,"08335","Konstanz",2003
0.67758,"08335","Konstanz",2004
0.65521,"08335","Konstanz",2005
0.68704,"08335","Konstanz",2006
0.75709,"08335","Konstanz",2007
0.69289,"08335","Konstanz",2008
0.70537,"08335","Konstanz",2009
0.64295,"08335","Konstanz",2010
0.65838,"08335","Konstanz",2011
0.67051,"08335","Konstanz",2012
0.70112,"08335","Konstanz",2013
0.69665,"08335","Konstanz",2014
0.64015,"08335","Konstanz",2015
0.60833,"08335","Konstanz",2016
0.60061,"08335","Konstanz",2017
0.61271,"08335","Konstanz",2018
0.58909,"08335","Konstanz",2019
0.73372,"08336","Lörrach",1998
0.79961,"08336","Lörrach",1999
0.83006,"08336","Lörrach",2000
0.85581,"08336","Lörrach",2001
0.8212,"08336","Lörrach",2002
0.74348,"08336","Lörrach",2003
0.80123,"08336","Lörrach",2004
0.73136,"08336","Lörrach",2005
0.75867,"08336","Lörrach",2006
0.84087,"08336","Lörrach",2007
0.7855,"08336","Lörrach",2008
0.81658,"08336","Lörrach",2009
0.73756,"08336","Lörrach",2010
0.79203,"08336","Lörrach",2011
0.79372,"08336","Lörrach",2012
0.75645,"08336","Lörrach",2013
0.80355,"08336","Lörrach",2014
0.70282,"08336","Lörrach",2015
0.70312,"08336","Lörrach",2016
0.67997,"08336","Lörrach",2017
0.72608,"08336","Lörrach",2018
0.68264,"08336","Lörrach",2019
0.92782,"08337","Waldshut",1998
0.99469,"08337","Waldshut",1999
1,"08337","Waldshut",2000
1,"08337","Waldshut",2001
0.97203,"08337","Waldshut",2002
0.96659,"08337","Waldshut",2003
0.98047,"08337","Waldshut",2004
1,"08337","Waldshut",2005
0.95959,"08337","Waldshut",2006
1,"08337","Waldshut",2007
1,"08337","Waldshut",2008
0.98209,"08337","Waldshut",2009
0.89901,"08337","Waldshut",2010
0.95423,"08337","Waldshut",2011
0.92762,"08337","Waldshut",2012
0.93385,"08337","Waldshut",2013
0.93358,"08337","Waldshut",2014
0.84706,"08337","Waldshut",2015
0.83455,"08337","Waldshut",2016
0.85867,"08337","Waldshut",2017
0.87085,"08337","Waldshut",2018
0.85208,"08337","Waldshut",2019
0.42074,"08415","Reutlingen",1998
0.43625,"08415","Reutlingen",1999
0.50765,"08415","Reutlingen",2000
0.42994,"08415","Reutlingen",2001
0.47833,"08415","Reutlingen",2002
0.46659,"08415","Reutlingen",2003
0.42622,"08415","Reutlingen",2004
0.39465,"08415","Reutlingen",2005
0.44592,"08415","Reutlingen",2006
0.45633,"08415","Reutlingen",2007
0.44142,"08415","Reutlingen",2008
0.48418,"08415","Reutlingen",2009
0.43794,"08415","Reutlingen",2010
0.43941,"08415","Reutlingen",2011
0.46249,"08415","Reutlingen",2012
0.50025,"08415","Reutlingen",2013
0.45482,"08415","Reutlingen",2014
0.43547,"08415","Reutlingen",2015
0.42805,"08415","Reutlingen",2016
0.39345,"08415","Reutlingen",2017
0.46828,"08415","Reutlingen",2018
0.43468,"08415","Reutlingen",2019
0.2622,"08416","Tübingen",1998
0.27551,"08416","Tübingen",1999
0.36691,"08416","Tübingen",2000
0.31648,"08416","Tübingen",2001
0.34515,"08416","Tübingen",2002
0.3431,"08416","Tübingen",2003
0.32107,"08416","Tübingen",2004
0.28028,"08416","Tübingen",2005
0.3126,"08416","Tübingen",2006
0.37201,"08416","Tübingen",2007
0.31416,"08416","Tübingen",2008
0.34337,"08416","Tübingen",2009
0.28199,"08416","Tübingen",2010
0.28254,"08416","Tübingen",2011
0.35033,"08416","Tübingen",2012
0.37814,"08416","Tübingen",2013
0.30183,"08416","Tübingen",2014
0.29099,"08416","Tübingen",2015
0.28208,"08416","Tübingen",2016
0.22095,"08416","Tübingen",2017
0.26556,"08416","Tübingen",2018
0.26495,"08416","Tübingen",2019
0.69266,"08417","Zollernalbkreis",1998
0.65808,"08417","Zollernalbkreis",1999
0.67058,"08417","Zollernalbkreis",2000
0.70109,"08417","Zollernalbkreis",2001
0.8371,"08417","Zollernalbkreis",2002
0.80385,"08417","Zollernalbkreis",2003
0.81936,"08417","Zollernalbkreis",2004
0.79758,"08417","Zollernalbkreis",2005
0.77432,"08417","Zollernalbkreis",2006
0.75936,"08417","Zollernalbkreis",2007
0.69639,"08417","Zollernalbkreis",2008
0.72146,"08417","Zollernalbkreis",2009
0.69685,"08417","Zollernalbkreis",2010
0.70832,"08417","Zollernalbkreis",2011
0.68606,"08417","Zollernalbkreis",2012
0.70931,"08417","Zollernalbkreis",2013
0.67418,"08417","Zollernalbkreis",2014
0.65766,"08417","Zollernalbkreis",2015
0.64363,"08417","Zollernalbkreis",2016
0.62228,"08417","Zollernalbkreis",2017
0.61868,"08417","Zollernalbkreis",2018
0.60073,"08417","Zollernalbkreis",2019
0.23936,"08421","Ulm, Stadt",1998
0.29113,"08421","Ulm, Stadt",1999
0.32503,"08421","Ulm, Stadt",2000
0.40005,"08421","Ulm, Stadt",2001
0.39018,"08421","Ulm, Stadt",2002
0.34085,"08421","Ulm, Stadt",2003
0.35458,"08421","Ulm, Stadt",2004
0.30017,"08421","Ulm, Stadt",2005
0.36282,"08421","Ulm, Stadt",2006
0.34361,"08421","Ulm, Stadt",2007
0.28664,"08421","Ulm, Stadt",2008
0.25601,"08421","Ulm, Stadt",2009
0.16864,"08421","Ulm, Stadt",2010
0.19706,"08421","Ulm, Stadt",2011
0.20958,"08421","Ulm, Stadt",2012
0.25765,"08421","Ulm, Stadt",2013
0.15646,"08421","Ulm, Stadt",2014
0.28413,"08421","Ulm, Stadt",2015
0.24086,"08421","Ulm, Stadt",2016
0.18855,"08421","Ulm, Stadt",2017
0.22159,"08421","Ulm, Stadt",2018
0.18596,"08421","Ulm, Stadt",2019
0.32573,"08425","Alb-Donau-Kreis",1998
0.35024,"08425","Alb-Donau-Kreis",1999
0.37415,"08425","Alb-Donau-Kreis",2000
0.33004,"08425","Alb-Donau-Kreis",2001
0.38103,"08425","Alb-Donau-Kreis",2002
0.39872,"08425","Alb-Donau-Kreis",2003
0.36207,"08425","Alb-Donau-Kreis",2004
0.33771,"08425","Alb-Donau-Kreis",2005
0.37568,"08425","Alb-Donau-Kreis",2006
0.4131,"08425","Alb-Donau-Kreis",2007
0.41826,"08425","Alb-Donau-Kreis",2008
0.42579,"08425","Alb-Donau-Kreis",2009
0.35947,"08425","Alb-Donau-Kreis",2010
0.36297,"08425","Alb-Donau-Kreis",2011
0.44885,"08425","Alb-Donau-Kreis",2012
0.4763,"08425","Alb-Donau-Kreis",2013
0.43494,"08425","Alb-Donau-Kreis",2014
0.43656,"08425","Alb-Donau-Kreis",2015
0.46205,"08425","Alb-Donau-Kreis",2016
0.4084,"08425","Alb-Donau-Kreis",2017
0.44735,"08425","Alb-Donau-Kreis",2018
0.44007,"08425","Alb-Donau-Kreis",2019
0.28643,"08426","Biberach",1998
0.26856,"08426","Biberach",1999
0.44782,"08426","Biberach",2000
0.39246,"08426","Biberach",2001
0.43452,"08426","Biberach",2002
0.4059,"08426","Biberach",2003
0.38378,"08426","Biberach",2004
0.36921,"08426","Biberach",2005
0.37475,"08426","Biberach",2006
0.40388,"08426","Biberach",2007
0.31982,"08426","Biberach",2008
0.36091,"08426","Biberach",2009
0.34127,"08426","Biberach",2010
0.34513,"08426","Biberach",2011
0.35829,"08426","Biberach",2012
0.39985,"08426","Biberach",2013
0.35482,"08426","Biberach",2014
0.37328,"08426","Biberach",2015
0.37563,"08426","Biberach",2016
0.33353,"08426","Biberach",2017
0.4036,"08426","Biberach",2018
0.40108,"08426","Biberach",2019
0.13021,"08435","Bodenseekreis",1998
0.09813,"08435","Bodenseekreis",1999
0.29807,"08435","Bodenseekreis",2000
0.23037,"08435","Bodenseekreis",2001
0.21742,"08435","Bodenseekreis",2002
0.20915,"08435","Bodenseekreis",2003
0.17082,"08435","Bodenseekreis",2004
0.17747,"08435","Bodenseekreis",2005
0.18165,"08435","Bodenseekreis",2006
0.21209,"08435","Bodenseekreis",2007
0.17333,"08435","Bodenseekreis",2008
0.18063,"08435","Bodenseekreis",2009
0.14651,"08435","Bodenseekreis",2010
0.13123,"08435","Bodenseekreis",2011
0.21483,"08435","Bodenseekreis",2012
0.22299,"08435","Bodenseekreis",2013
0.14501,"08435","Bodenseekreis",2014
0.19562,"08435","Bodenseekreis",2015
0.20551,"08435","Bodenseekreis",2016
0.19682,"08435","Bodenseekreis",2017
0.23129,"08435","Bodenseekreis",2018
0.21156,"08435","Bodenseekreis",2019
0.42473,"08436","Ravensburg",1998
0.44291,"08436","Ravensburg",1999
0.53454,"08436","Ravensburg",2000
0.5034,"08436","Ravensburg",2001
0.55528,"08436","Ravensburg",2002
0.54458,"08436","Ravensburg",2003
0.54019,"08436","Ravensburg",2004
0.47686,"08436","Ravensburg",2005
0.50003,"08436","Ravensburg",2006
0.52239,"08436","Ravensburg",2007
0.49751,"08436","Ravensburg",2008
0.51905,"08436","Ravensburg",2009
0.46351,"08436","Ravensburg",2010
0.46822,"08436","Ravensburg",2011
0.53277,"08436","Ravensburg",2012
0.53988,"08436","Ravensburg",2013
0.50295,"08436","Ravensburg",2014
0.57105,"08436","Ravensburg",2015
0.47121,"08436","Ravensburg",2016
0.45932,"08436","Ravensburg",2017
0.48745,"08436","Ravensburg",2018
0.47304,"08436","Ravensburg",2019
0.81242,"08437","Sigmaringen",1998
0.82507,"08437","Sigmaringen",1999
0.91974,"08437","Sigmaringen",2000
0.9077,"08437","Sigmaringen",2001
1,"08437","Sigmaringen",2002
0.93642,"08437","Sigmaringen",2003
1,"08437","Sigmaringen",2004
0.96605,"08437","Sigmaringen",2005
0.92376,"08437","Sigmaringen",2006
0.89282,"08437","Sigmaringen",2007
0.83684,"08437","Sigmaringen",2008
0.85835,"08437","Sigmaringen",2009
0.81765,"08437","Sigmaringen",2010
0.80701,"08437","Sigmaringen",2011
0.80378,"08437","Sigmaringen",2012
0.80143,"08437","Sigmaringen",2013
0.7881,"08437","Sigmaringen",2014
0.79704,"08437","Sigmaringen",2015
0.75291,"08437","Sigmaringen",2016
0.71881,"08437","Sigmaringen",2017
0.73253,"08437","Sigmaringen",2018
0.69987,"08437","Sigmaringen",2019
