"gisd_score","kreis_id","kreis_name","year"
1,"12051","Brandenburg an der Havel, Stadt",1998
1,"12051","Brandenburg an der Havel, Stadt",1999
1,"12051","Brandenburg an der Havel, Stadt",2000
0.92264,"12051","Brandenburg an der Havel, Stadt",2001
0.94708,"12051","Brandenburg an der Havel, Stadt",2002
0.90341,"12051","Brandenburg an der Havel, Stadt",2003
0.82395,"12051","Brandenburg an der Havel, Stadt",2004
0.81672,"12051","Brandenburg an der Havel, Stadt",2005
0.88924,"12051","Brandenburg an der Havel, Stadt",2006
0.99404,"12051","Brandenburg an der Havel, Stadt",2007
0.85043,"12051","Brandenburg an der Havel, Stadt",2008
0.90314,"12051","Brandenburg an der Havel, Stadt",2009
0.89813,"12051","Brandenburg an der Havel, Stadt",2010
0.9135,"12051","Brandenburg an der Havel, Stadt",2011
0.82855,"12051","Brandenburg an der Havel, Stadt",2012
0.86417,"12051","Brandenburg an der Havel, Stadt",2013
0.85631,"12051","Brandenburg an der Havel, Stadt",2014
0.95533,"12051","Brandenburg an der Havel, Stadt",2015
0.86929,"12051","Brandenburg an der Havel, Stadt",2016
0.90163,"12051","Brandenburg an der Havel, Stadt",2017
0.89245,"12051","Brandenburg an der Havel, Stadt",2018
0.86274,"12051","Brandenburg an der Havel, Stadt",2019
0.48046,"12052","Cottbus, Stadt",1998
0.40789,"12052","Cottbus, Stadt",1999
0.42458,"12052","Cottbus, Stadt",2000
0.40793,"12052","Cottbus, Stadt",2001
0.3168,"12052","Cottbus, Stadt",2002
0.32158,"12052","Cottbus, Stadt",2003
0.28664,"12052","Cottbus, Stadt",2004
0.3308,"12052","Cottbus, Stadt",2005
0.36737,"12052","Cottbus, Stadt",2006
0.49092,"12052","Cottbus, Stadt",2007
0.43589,"12052","Cottbus, Stadt",2008
0.43954,"12052","Cottbus, Stadt",2009
0.41404,"12052","Cottbus, Stadt",2010
0.42261,"12052","Cottbus, Stadt",2011
0.52742,"12052","Cottbus, Stadt",2012
0.57568,"12052","Cottbus, Stadt",2013
0.53697,"12052","Cottbus, Stadt",2014
0.58491,"12052","Cottbus, Stadt",2015
0.55511,"12052","Cottbus, Stadt",2016
0.61628,"12052","Cottbus, Stadt",2017
0.63726,"12052","Cottbus, Stadt",2018
0.50727,"12052","Cottbus, Stadt",2019
0.69473,"12053","Frankfurt (Oder), Stadt",1998
0.67002,"12053","Frankfurt (Oder), Stadt",1999
0.70709,"12053","Frankfurt (Oder), Stadt",2000
0.77028,"12053","Frankfurt (Oder), Stadt",2001
0.65102,"12053","Frankfurt (Oder), Stadt",2002
0.67912,"12053","Frankfurt (Oder), Stadt",2003
0.69457,"12053","Frankfurt (Oder), Stadt",2004
0.63766,"12053","Frankfurt (Oder), Stadt",2005
0.62572,"12053","Frankfurt (Oder), Stadt",2006
0.66424,"12053","Frankfurt (Oder), Stadt",2007
0.68994,"12053","Frankfurt (Oder), Stadt",2008
0.70844,"12053","Frankfurt (Oder), Stadt",2009
0.64451,"12053","Frankfurt (Oder), Stadt",2010
0.61366,"12053","Frankfurt (Oder), Stadt",2011
0.72979,"12053","Frankfurt (Oder), Stadt",2012
0.75026,"12053","Frankfurt (Oder), Stadt",2013
0.72572,"12053","Frankfurt (Oder), Stadt",2014
0.66568,"12053","Frankfurt (Oder), Stadt",2015
0.62732,"12053","Frankfurt (Oder), Stadt",2016
0.71025,"12053","Frankfurt (Oder), Stadt",2017
0.75519,"12053","Frankfurt (Oder), Stadt",2018
0.72224,"12053","Frankfurt (Oder), Stadt",2019
0,"12054","Potsdam, Stadt",1998
0,"12054","Potsdam, Stadt",1999
0,"12054","Potsdam, Stadt",2000
0,"12054","Potsdam, Stadt",2001
0,"12054","Potsdam, Stadt",2002
0,"12054","Potsdam, Stadt",2003
0,"12054","Potsdam, Stadt",2004
0,"12054","Potsdam, Stadt",2005
0,"12054","Potsdam, Stadt",2006
0,"12054","Potsdam, Stadt",2007
0,"12054","Potsdam, Stadt",2008
0,"12054","Potsdam, Stadt",2009
0,"12054","Potsdam, Stadt",2010
0,"12054","Potsdam, Stadt",2011
0,"12054","Potsdam, Stadt",2012
0,"12054","Potsdam, Stadt",2013
0,"12054","Potsdam, Stadt",2014
0,"12054","Potsdam, Stadt",2015
0,"12054","Potsdam, Stadt",2016
0,"12054","Potsdam, Stadt",2017
0,"12054","Potsdam, Stadt",2018
0,"12054","Potsdam, Stadt",2019
0.73908,"12060","Barnim",1998
0.74329,"12060","Barnim",1999
0.72416,"12060","Barnim",2000
0.65682,"12060","Barnim",2001
0.69071,"12060","Barnim",2002
0.59308,"12060","Barnim",2003
0.55486,"12060","Barnim",2004
0.4973,"12060","Barnim",2005
0.5019,"12060","Barnim",2006
0.55885,"12060","Barnim",2007
0.54867,"12060","Barnim",2008
0.51993,"12060","Barnim",2009
0.40603,"12060","Barnim",2010
0.47816,"12060","Barnim",2011
0.54988,"12060","Barnim",2012
0.51235,"12060","Barnim",2013
0.50146,"12060","Barnim",2014
0.49391,"12060","Barnim",2015
0.46734,"12060","Barnim",2016
0.50783,"12060","Barnim",2017
0.52968,"12060","Barnim",2018
0.4754,"12060","Barnim",2019
0.41238,"12061","Dahme-Spreewald",1998
0.419,"12061","Dahme-Spreewald",1999
0.33555,"12061","Dahme-Spreewald",2000
0.32484,"12061","Dahme-Spreewald",2001
0.35755,"12061","Dahme-Spreewald",2002
0.32678,"12061","Dahme-Spreewald",2003
0.28536,"12061","Dahme-Spreewald",2004
0.28176,"12061","Dahme-Spreewald",2005
0.25677,"12061","Dahme-Spreewald",2006
0.30104,"12061","Dahme-Spreewald",2007
0.29036,"12061","Dahme-Spreewald",2008
0.29961,"12061","Dahme-Spreewald",2009
0.25354,"12061","Dahme-Spreewald",2010
0.20992,"12061","Dahme-Spreewald",2011
0.30437,"12061","Dahme-Spreewald",2012
0.36473,"12061","Dahme-Spreewald",2013
0.31338,"12061","Dahme-Spreewald",2014
0.35426,"12061","Dahme-Spreewald",2015
0.32333,"12061","Dahme-Spreewald",2016
0.31162,"12061","Dahme-Spreewald",2017
0.35086,"12061","Dahme-Spreewald",2018
0.29891,"12061","Dahme-Spreewald",2019
0.70498,"12062","Elbe-Elster",1998
0.69523,"12062","Elbe-Elster",1999
0.69729,"12062","Elbe-Elster",2000
0.75778,"12062","Elbe-Elster",2001
0.77111,"12062","Elbe-Elster",2002
0.80244,"12062","Elbe-Elster",2003
0.7778,"12062","Elbe-Elster",2004
0.73795,"12062","Elbe-Elster",2005
0.77404,"12062","Elbe-Elster",2006
0.79994,"12062","Elbe-Elster",2007
0.89963,"12062","Elbe-Elster",2008
0.85556,"12062","Elbe-Elster",2009
0.698,"12062","Elbe-Elster",2010
0.76329,"12062","Elbe-Elster",2011
0.75618,"12062","Elbe-Elster",2012
0.79103,"12062","Elbe-Elster",2013
0.71662,"12062","Elbe-Elster",2014
0.6981,"12062","Elbe-Elster",2015
0.64105,"12062","Elbe-Elster",2016
0.72115,"12062","Elbe-Elster",2017
0.65979,"12062","Elbe-Elster",2018
0.62157,"12062","Elbe-Elster",2019
0.86991,"12063","Havelland",1998
0.83719,"12063","Havelland",1999
0.81542,"12063","Havelland",2000
0.71792,"12063","Havelland",2001
0.7303,"12063","Havelland",2002
0.68272,"12063","Havelland",2003
0.72522,"12063","Havelland",2004
0.69021,"12063","Havelland",2005
0.65871,"12063","Havelland",2006
0.68912,"12063","Havelland",2007
0.73442,"12063","Havelland",2008
0.78207,"12063","Havelland",2009
0.68565,"12063","Havelland",2010
0.62234,"12063","Havelland",2011
0.69227,"12063","Havelland",2012
0.71499,"12063","Havelland",2013
0.68339,"12063","Havelland",2014
0.62499,"12063","Havelland",2015
0.56768,"12063","Havelland",2016
0.61499,"12063","Havelland",2017
0.61422,"12063","Havelland",2018
0.57177,"12063","Havelland",2019
0.68762,"12064","Märkisch-Oderland",1998
0.69823,"12064","Märkisch-Oderland",1999
0.70989,"12064","Märkisch-Oderland",2000
0.69882,"12064","Märkisch-Oderland",2001
0.6873,"12064","Märkisch-Oderland",2002
0.63475,"12064","Märkisch-Oderland",2003
0.61328,"12064","Märkisch-Oderland",2004
0.6023,"12064","Märkisch-Oderland",2005
0.58018,"12064","Märkisch-Oderland",2006
0.62389,"12064","Märkisch-Oderland",2007
0.6241,"12064","Märkisch-Oderland",2008
0.58744,"12064","Märkisch-Oderland",2009
0.57644,"12064","Märkisch-Oderland",2010
0.51963,"12064","Märkisch-Oderland",2011
0.57996,"12064","Märkisch-Oderland",2012
0.60863,"12064","Märkisch-Oderland",2013
0.54099,"12064","Märkisch-Oderland",2014
0.63671,"12064","Märkisch-Oderland",2015
0.56193,"12064","Märkisch-Oderland",2016
0.57328,"12064","Märkisch-Oderland",2017
0.60436,"12064","Märkisch-Oderland",2018
0.58083,"12064","Märkisch-Oderland",2019
0.60037,"12065","Oberhavel",1998
0.57558,"12065","Oberhavel",1999
0.53766,"12065","Oberhavel",2000
0.52783,"12065","Oberhavel",2001
0.50874,"12065","Oberhavel",2002
0.47137,"12065","Oberhavel",2003
0.44277,"12065","Oberhavel",2004
0.42163,"12065","Oberhavel",2005
0.4281,"12065","Oberhavel",2006
0.44991,"12065","Oberhavel",2007
0.51431,"12065","Oberhavel",2008
0.51335,"12065","Oberhavel",2009
0.44401,"12065","Oberhavel",2010
0.49109,"12065","Oberhavel",2011
0.45697,"12065","Oberhavel",2012
0.4756,"12065","Oberhavel",2013
0.47371,"12065","Oberhavel",2014
0.46227,"12065","Oberhavel",2015
0.45946,"12065","Oberhavel",2016
0.48146,"12065","Oberhavel",2017
0.44078,"12065","Oberhavel",2018
0.43694,"12065","Oberhavel",2019
0.7399,"12066","Oberspreewald-Lausitz",1998
0.7551,"12066","Oberspreewald-Lausitz",1999
0.74724,"12066","Oberspreewald-Lausitz",2000
0.82851,"12066","Oberspreewald-Lausitz",2001
0.76633,"12066","Oberspreewald-Lausitz",2002
0.73112,"12066","Oberspreewald-Lausitz",2003
0.71054,"12066","Oberspreewald-Lausitz",2004
0.73994,"12066","Oberspreewald-Lausitz",2005
0.74835,"12066","Oberspreewald-Lausitz",2006
0.7217,"12066","Oberspreewald-Lausitz",2007
0.80749,"12066","Oberspreewald-Lausitz",2008
0.81028,"12066","Oberspreewald-Lausitz",2009
0.79605,"12066","Oberspreewald-Lausitz",2010
0.72222,"12066","Oberspreewald-Lausitz",2011
0.73593,"12066","Oberspreewald-Lausitz",2012
0.72015,"12066","Oberspreewald-Lausitz",2013
0.70147,"12066","Oberspreewald-Lausitz",2014
0.69967,"12066","Oberspreewald-Lausitz",2015
0.67191,"12066","Oberspreewald-Lausitz",2016
0.66714,"12066","Oberspreewald-Lausitz",2017
0.6476,"12066","Oberspreewald-Lausitz",2018
0.64289,"12066","Oberspreewald-Lausitz",2019
0.60133,"12067","Oder-Spree",1998
0.57824,"12067","Oder-Spree",1999
0.56533,"12067","Oder-Spree",2000
0.56342,"12067","Oder-Spree",2001
0.54538,"12067","Oder-Spree",2002
0.53759,"12067","Oder-Spree",2003
0.50597,"12067","Oder-Spree",2004
0.53585,"12067","Oder-Spree",2005
0.51331,"12067","Oder-Spree",2006
0.55212,"12067","Oder-Spree",2007
0.5812,"12067","Oder-Spree",2008
0.59139,"12067","Oder-Spree",2009
0.48067,"12067","Oder-Spree",2010
0.45783,"12067","Oder-Spree",2011
0.50775,"12067","Oder-Spree",2012
0.54349,"12067","Oder-Spree",2013
0.53648,"12067","Oder-Spree",2014
0.5959,"12067","Oder-Spree",2015
0.52785,"12067","Oder-Spree",2016
0.56576,"12067","Oder-Spree",2017
0.60015,"12067","Oder-Spree",2018
0.5376,"12067","Oder-Spree",2019
0.98257,"12068","Ostprignitz-Ruppin",1998
0.95404,"12068","Ostprignitz-Ruppin",1999
0.92951,"12068","Ostprignitz-Ruppin",2000
0.94512,"12068","Ostprignitz-Ruppin",2001
0.91431,"12068","Ostprignitz-Ruppin",2002
0.87718,"12068","Ostprignitz-Ruppin",2003
0.89262,"12068","Ostprignitz-Ruppin",2004
0.82958,"12068","Ostprignitz-Ruppin",2005
0.87694,"12068","Ostprignitz-Ruppin",2006
0.94683,"12068","Ostprignitz-Ruppin",2007
0.95072,"12068","Ostprignitz-Ruppin",2008
0.89725,"12068","Ostprignitz-Ruppin",2009
0.86991,"12068","Ostprignitz-Ruppin",2010
0.87195,"12068","Ostprignitz-Ruppin",2011
0.84699,"12068","Ostprignitz-Ruppin",2012
0.86912,"12068","Ostprignitz-Ruppin",2013
0.81656,"12068","Ostprignitz-Ruppin",2014
0.88095,"12068","Ostprignitz-Ruppin",2015
0.87318,"12068","Ostprignitz-Ruppin",2016
0.92795,"12068","Ostprignitz-Ruppin",2017
0.89816,"12068","Ostprignitz-Ruppin",2018
0.87235,"12068","Ostprignitz-Ruppin",2019
0.21563,"12069","Potsdam-Mittelmark",1998
0.21772,"12069","Potsdam-Mittelmark",1999
0.21088,"12069","Potsdam-Mittelmark",2000
0.21657,"12069","Potsdam-Mittelmark",2001
0.21291,"12069","Potsdam-Mittelmark",2002
0.18785,"12069","Potsdam-Mittelmark",2003
0.14537,"12069","Potsdam-Mittelmark",2004
0.16644,"12069","Potsdam-Mittelmark",2005
0.12493,"12069","Potsdam-Mittelmark",2006
0.13417,"12069","Potsdam-Mittelmark",2007
0.14806,"12069","Potsdam-Mittelmark",2008
0.12931,"12069","Potsdam-Mittelmark",2009
0.0965,"12069","Potsdam-Mittelmark",2010
0.0505,"12069","Potsdam-Mittelmark",2011
0.12614,"12069","Potsdam-Mittelmark",2012
0.13139,"12069","Potsdam-Mittelmark",2013
0.13939,"12069","Potsdam-Mittelmark",2014
0.19676,"12069","Potsdam-Mittelmark",2015
0.21414,"12069","Potsdam-Mittelmark",2016
0.19349,"12069","Potsdam-Mittelmark",2017
0.14948,"12069","Potsdam-Mittelmark",2018
0.17144,"12069","Potsdam-Mittelmark",2019
0.91881,"12070","Prignitz",1998
0.95071,"12070","Prignitz",1999
0.98583,"12070","Prignitz",2000
1,"12070","Prignitz",2001
0.97814,"12070","Prignitz",2002
0.99892,"12070","Prignitz",2003
1,"12070","Prignitz",2004
1,"12070","Prignitz",2005
1,"12070","Prignitz",2006
0.95946,"12070","Prignitz",2007
1,"12070","Prignitz",2008
1,"12070","Prignitz",2009
1,"12070","Prignitz",2010
1,"12070","Prignitz",2011
1,"12070","Prignitz",2012
0.99892,"12070","Prignitz",2013
0.86537,"12070","Prignitz",2014
1,"12070","Prignitz",2015
1,"12070","Prignitz",2016
0.9712,"12070","Prignitz",2017
0.99632,"12070","Prignitz",2018
1,"12070","Prignitz",2019
0.64969,"12071","Spree-Neiße",1998
0.62976,"12071","Spree-Neiße",1999
0.61921,"12071","Spree-Neiße",2000
0.62928,"12071","Spree-Neiße",2001
0.59399,"12071","Spree-Neiße",2002
0.56717,"12071","Spree-Neiße",2003
0.56253,"12071","Spree-Neiße",2004
0.58175,"12071","Spree-Neiße",2005
0.54633,"12071","Spree-Neiße",2006
0.52319,"12071","Spree-Neiße",2007
0.59357,"12071","Spree-Neiße",2008
0.50974,"12071","Spree-Neiße",2009
0.43445,"12071","Spree-Neiße",2010
0.45045,"12071","Spree-Neiße",2011
0.50767,"12071","Spree-Neiße",2012
0.60184,"12071","Spree-Neiße",2013
0.66288,"12071","Spree-Neiße",2014
0.60493,"12071","Spree-Neiße",2015
0.54358,"12071","Spree-Neiße",2016
0.61149,"12071","Spree-Neiße",2017
0.69081,"12071","Spree-Neiße",2018
0.64575,"12071","Spree-Neiße",2019
0.54828,"12072","Teltow-Fläming",1998
0.58495,"12072","Teltow-Fläming",1999
0.65249,"12072","Teltow-Fläming",2000
0.63111,"12072","Teltow-Fläming",2001
0.51488,"12072","Teltow-Fläming",2002
0.49127,"12072","Teltow-Fläming",2003
0.46117,"12072","Teltow-Fläming",2004
0.45413,"12072","Teltow-Fläming",2005
0.4704,"12072","Teltow-Fläming",2006
0.47146,"12072","Teltow-Fläming",2007
0.46342,"12072","Teltow-Fläming",2008
0.51109,"12072","Teltow-Fläming",2009
0.45865,"12072","Teltow-Fläming",2010
0.45784,"12072","Teltow-Fläming",2011
0.45943,"12072","Teltow-Fläming",2012
0.52218,"12072","Teltow-Fläming",2013
0.52644,"12072","Teltow-Fläming",2014
0.52733,"12072","Teltow-Fläming",2015
0.50805,"12072","Teltow-Fläming",2016
0.56615,"12072","Teltow-Fläming",2017
0.53646,"12072","Teltow-Fläming",2018
0.5161,"12072","Teltow-Fläming",2019
0.96853,"12073","Uckermark",1998
0.96757,"12073","Uckermark",1999
0.97197,"12073","Uckermark",2000
0.96147,"12073","Uckermark",2001
1,"12073","Uckermark",2002
1,"12073","Uckermark",2003
0.97091,"12073","Uckermark",2004
0.94355,"12073","Uckermark",2005
0.94023,"12073","Uckermark",2006
1,"12073","Uckermark",2007
0.99899,"12073","Uckermark",2008
0.98846,"12073","Uckermark",2009
0.90492,"12073","Uckermark",2010
0.99618,"12073","Uckermark",2011
0.96824,"12073","Uckermark",2012
1,"12073","Uckermark",2013
1,"12073","Uckermark",2014
0.99203,"12073","Uckermark",2015
0.94508,"12073","Uckermark",2016
1,"12073","Uckermark",2017
1,"12073","Uckermark",2018
0.93414,"12073","Uckermark",2019
