"gisd_score","gvb_id","gvb_name","year"
0.87784,"10041100","Saarbrücken, Landeshauptstadt",1998
0.8994,"10041100","Saarbrücken, Landeshauptstadt",1999
0.90321,"10041100","Saarbrücken, Landeshauptstadt",2000
0.79365,"10041100","Saarbrücken, Landeshauptstadt",2001
0.65047,"10041100","Saarbrücken, Landeshauptstadt",2002
0.73297,"10041100","Saarbrücken, Landeshauptstadt",2003
0.81824,"10041100","Saarbrücken, Landeshauptstadt",2004
0.73218,"10041100","Saarbrücken, Landeshauptstadt",2005
0.75882,"10041100","Saarbrücken, Landeshauptstadt",2006
0.74794,"10041100","Saarbrücken, Landeshauptstadt",2007
0.69975,"10041100","Saarbrücken, Landeshauptstadt",2008
0.70416,"10041100","Saarbrücken, Landeshauptstadt",2009
0.64929,"10041100","Saarbrücken, Landeshauptstadt",2010
0.66195,"10041100","Saarbrücken, Landeshauptstadt",2011
0.57077,"10041100","Saarbrücken, Landeshauptstadt",2012
0.59471,"10041100","Saarbrücken, Landeshauptstadt",2013
0.61157,"10041100","Saarbrücken, Landeshauptstadt",2014
0.65473,"10041100","Saarbrücken, Landeshauptstadt",2015
0.63692,"10041100","Saarbrücken, Landeshauptstadt",2016
0.59477,"10041100","Saarbrücken, Landeshauptstadt",2017
0.66333,"10041100","Saarbrücken, Landeshauptstadt",2018
0.69769,"10041100","Saarbrücken, Landeshauptstadt",2019
0.89094,"10041511","Friedrichsthal, Stadt",1998
0.91565,"10041511","Friedrichsthal, Stadt",1999
0.91628,"10041511","Friedrichsthal, Stadt",2000
0.59392,"10041511","Friedrichsthal, Stadt",2001
0.43165,"10041511","Friedrichsthal, Stadt",2002
0.56161,"10041511","Friedrichsthal, Stadt",2003
0.59692,"10041511","Friedrichsthal, Stadt",2004
0.56016,"10041511","Friedrichsthal, Stadt",2005
0.5749,"10041511","Friedrichsthal, Stadt",2006
0.5696,"10041511","Friedrichsthal, Stadt",2007
0.51335,"10041511","Friedrichsthal, Stadt",2008
0.54782,"10041511","Friedrichsthal, Stadt",2009
0.4876,"10041511","Friedrichsthal, Stadt",2010
0.49078,"10041511","Friedrichsthal, Stadt",2011
0.41032,"10041511","Friedrichsthal, Stadt",2012
0.44171,"10041511","Friedrichsthal, Stadt",2013
0.44833,"10041511","Friedrichsthal, Stadt",2014
0.48399,"10041511","Friedrichsthal, Stadt",2015
0.49134,"10041511","Friedrichsthal, Stadt",2016
0.43883,"10041511","Friedrichsthal, Stadt",2017
0.50974,"10041511","Friedrichsthal, Stadt",2018
0.53268,"10041511","Friedrichsthal, Stadt",2019
0.90083,"10041512","Großrosseln",1998
0.92416,"10041512","Großrosseln",1999
0.92438,"10041512","Großrosseln",2000
0.55841,"10041512","Großrosseln",2001
0.41082,"10041512","Großrosseln",2002
0.52138,"10041512","Großrosseln",2003
0.54552,"10041512","Großrosseln",2004
0.4519,"10041512","Großrosseln",2005
0.40458,"10041512","Großrosseln",2006
0.45905,"10041512","Großrosseln",2007
0.41472,"10041512","Großrosseln",2008
0.43148,"10041512","Großrosseln",2009
0.39073,"10041512","Großrosseln",2010
0.43055,"10041512","Großrosseln",2011
0.37824,"10041512","Großrosseln",2012
0.41796,"10041512","Großrosseln",2013
0.4244,"10041512","Großrosseln",2014
0.45758,"10041512","Großrosseln",2015
0.48863,"10041512","Großrosseln",2016
0.42801,"10041512","Großrosseln",2017
0.502,"10041512","Großrosseln",2018
0.51392,"10041512","Großrosseln",2019
0.87566,"10041513","Heusweiler",1998
0.89979,"10041513","Heusweiler",1999
0.90638,"10041513","Heusweiler",2000
0.45744,"10041513","Heusweiler",2001
0.29636,"10041513","Heusweiler",2002
0.42575,"10041513","Heusweiler",2003
0.46614,"10041513","Heusweiler",2004
0.41559,"10041513","Heusweiler",2005
0.41131,"10041513","Heusweiler",2006
0.46584,"10041513","Heusweiler",2007
0.42877,"10041513","Heusweiler",2008
0.45084,"10041513","Heusweiler",2009
0.399,"10041513","Heusweiler",2010
0.39548,"10041513","Heusweiler",2011
0.3279,"10041513","Heusweiler",2012
0.35716,"10041513","Heusweiler",2013
0.36683,"10041513","Heusweiler",2014
0.3984,"10041513","Heusweiler",2015
0.42219,"10041513","Heusweiler",2016
0.3693,"10041513","Heusweiler",2017
0.45111,"10041513","Heusweiler",2018
0.44818,"10041513","Heusweiler",2019
0.91559,"10041514","Kleinblittersdorf",1998
0.94094,"10041514","Kleinblittersdorf",1999
0.94146,"10041514","Kleinblittersdorf",2000
0.56274,"10041514","Kleinblittersdorf",2001
0.42173,"10041514","Kleinblittersdorf",2002
0.52947,"10041514","Kleinblittersdorf",2003
0.59751,"10041514","Kleinblittersdorf",2004
0.48046,"10041514","Kleinblittersdorf",2005
0.47367,"10041514","Kleinblittersdorf",2006
0.50777,"10041514","Kleinblittersdorf",2007
0.4694,"10041514","Kleinblittersdorf",2008
0.47538,"10041514","Kleinblittersdorf",2009
0.45053,"10041514","Kleinblittersdorf",2010
0.43934,"10041514","Kleinblittersdorf",2011
0.36492,"10041514","Kleinblittersdorf",2012
0.34536,"10041514","Kleinblittersdorf",2013
0.3744,"10041514","Kleinblittersdorf",2014
0.40334,"10041514","Kleinblittersdorf",2015
0.42566,"10041514","Kleinblittersdorf",2016
0.37506,"10041514","Kleinblittersdorf",2017
0.44138,"10041514","Kleinblittersdorf",2018
0.43945,"10041514","Kleinblittersdorf",2019
0.88134,"10041515","Püttlingen, Stadt",1998
0.90275,"10041515","Püttlingen, Stadt",1999
0.90721,"10041515","Püttlingen, Stadt",2000
0.52656,"10041515","Püttlingen, Stadt",2001
0.37557,"10041515","Püttlingen, Stadt",2002
0.48652,"10041515","Püttlingen, Stadt",2003
0.5141,"10041515","Püttlingen, Stadt",2004
0.4372,"10041515","Püttlingen, Stadt",2005
0.41226,"10041515","Püttlingen, Stadt",2006
0.44387,"10041515","Püttlingen, Stadt",2007
0.40321,"10041515","Püttlingen, Stadt",2008
0.40971,"10041515","Püttlingen, Stadt",2009
0.35409,"10041515","Püttlingen, Stadt",2010
0.3717,"10041515","Püttlingen, Stadt",2011
0.30583,"10041515","Püttlingen, Stadt",2012
0.32588,"10041515","Püttlingen, Stadt",2013
0.34538,"10041515","Püttlingen, Stadt",2014
0.3799,"10041515","Püttlingen, Stadt",2015
0.40601,"10041515","Püttlingen, Stadt",2016
0.3549,"10041515","Püttlingen, Stadt",2017
0.41868,"10041515","Püttlingen, Stadt",2018
0.42341,"10041515","Püttlingen, Stadt",2019
0.85555,"10041516","Quierschied",1998
0.87454,"10041516","Quierschied",1999
0.88024,"10041516","Quierschied",2000
0.52329,"10041516","Quierschied",2001
0.37798,"10041516","Quierschied",2002
0.47485,"10041516","Quierschied",2003
0.49612,"10041516","Quierschied",2004
0.43215,"10041516","Quierschied",2005
0.42837,"10041516","Quierschied",2006
0.47196,"10041516","Quierschied",2007
0.42955,"10041516","Quierschied",2008
0.43907,"10041516","Quierschied",2009
0.38288,"10041516","Quierschied",2010
0.41147,"10041516","Quierschied",2011
0.34091,"10041516","Quierschied",2012
0.38592,"10041516","Quierschied",2013
0.39517,"10041516","Quierschied",2014
0.41952,"10041516","Quierschied",2015
0.43403,"10041516","Quierschied",2016
0.39068,"10041516","Quierschied",2017
0.45304,"10041516","Quierschied",2018
0.46815,"10041516","Quierschied",2019
0.87121,"10041517","Riegelsberg",1998
0.89585,"10041517","Riegelsberg",1999
0.9039,"10041517","Riegelsberg",2000
0.35659,"10041517","Riegelsberg",2001
0.21395,"10041517","Riegelsberg",2002
0.34339,"10041517","Riegelsberg",2003
0.37119,"10041517","Riegelsberg",2004
0.3429,"10041517","Riegelsberg",2005
0.31992,"10041517","Riegelsberg",2006
0.37037,"10041517","Riegelsberg",2007
0.34285,"10041517","Riegelsberg",2008
0.33599,"10041517","Riegelsberg",2009
0.29087,"10041517","Riegelsberg",2010
0.33583,"10041517","Riegelsberg",2011
0.28214,"10041517","Riegelsberg",2012
0.30144,"10041517","Riegelsberg",2013
0.31923,"10041517","Riegelsberg",2014
0.35324,"10041517","Riegelsberg",2015
0.39676,"10041517","Riegelsberg",2016
0.33958,"10041517","Riegelsberg",2017
0.4097,"10041517","Riegelsberg",2018
0.41845,"10041517","Riegelsberg",2019
0.88593,"10041518","Sulzbach/ Saar, Stadt",1998
0.90815,"10041518","Sulzbach/ Saar, Stadt",1999
0.91071,"10041518","Sulzbach/ Saar, Stadt",2000
0.65311,"10041518","Sulzbach/ Saar, Stadt",2001
0.51215,"10041518","Sulzbach/ Saar, Stadt",2002
0.6194,"10041518","Sulzbach/ Saar, Stadt",2003
0.65095,"10041518","Sulzbach/ Saar, Stadt",2004
0.62417,"10041518","Sulzbach/ Saar, Stadt",2005
0.66351,"10041518","Sulzbach/ Saar, Stadt",2006
0.66455,"10041518","Sulzbach/ Saar, Stadt",2007
0.59672,"10041518","Sulzbach/ Saar, Stadt",2008
0.64481,"10041518","Sulzbach/ Saar, Stadt",2009
0.57422,"10041518","Sulzbach/ Saar, Stadt",2010
0.54643,"10041518","Sulzbach/ Saar, Stadt",2011
0.47387,"10041518","Sulzbach/ Saar, Stadt",2012
0.50286,"10041518","Sulzbach/ Saar, Stadt",2013
0.5106,"10041518","Sulzbach/ Saar, Stadt",2014
0.57719,"10041518","Sulzbach/ Saar, Stadt",2015
0.58805,"10041518","Sulzbach/ Saar, Stadt",2016
0.53906,"10041518","Sulzbach/ Saar, Stadt",2017
0.60512,"10041518","Sulzbach/ Saar, Stadt",2018
0.64837,"10041518","Sulzbach/ Saar, Stadt",2019
0.91801,"10041519","Völklingen, Stadt",1998
0.9426,"10041519","Völklingen, Stadt",1999
0.94219,"10041519","Völklingen, Stadt",2000
0.77812,"10041519","Völklingen, Stadt",2001
0.62214,"10041519","Völklingen, Stadt",2002
0.68107,"10041519","Völklingen, Stadt",2003
0.75391,"10041519","Völklingen, Stadt",2004
0.71805,"10041519","Völklingen, Stadt",2005
0.67031,"10041519","Völklingen, Stadt",2006
0.66334,"10041519","Völklingen, Stadt",2007
0.62361,"10041519","Völklingen, Stadt",2008
0.64523,"10041519","Völklingen, Stadt",2009
0.6015,"10041519","Völklingen, Stadt",2010
0.62373,"10041519","Völklingen, Stadt",2011
0.55095,"10041519","Völklingen, Stadt",2012
0.58109,"10041519","Völklingen, Stadt",2013
0.60646,"10041519","Völklingen, Stadt",2014
0.67443,"10041519","Völklingen, Stadt",2015
0.6661,"10041519","Völklingen, Stadt",2016
0.59586,"10041519","Völklingen, Stadt",2017
0.67146,"10041519","Völklingen, Stadt",2018
0.72206,"10041519","Völklingen, Stadt",2019
0.8715,"10042111","Beckingen",1998
0.76498,"10042111","Beckingen",1999
0.6497,"10042111","Beckingen",2000
0.58032,"10042111","Beckingen",2001
0.52006,"10042111","Beckingen",2002
0.59763,"10042111","Beckingen",2003
0.50685,"10042111","Beckingen",2004
0.61015,"10042111","Beckingen",2005
0.58219,"10042111","Beckingen",2006
0.64049,"10042111","Beckingen",2007
0.57165,"10042111","Beckingen",2008
0.54496,"10042111","Beckingen",2009
0.52136,"10042111","Beckingen",2010
0.5308,"10042111","Beckingen",2011
0.53827,"10042111","Beckingen",2012
0.53849,"10042111","Beckingen",2013
0.51779,"10042111","Beckingen",2014
0.52036,"10042111","Beckingen",2015
0.58094,"10042111","Beckingen",2016
0.53992,"10042111","Beckingen",2017
0.53311,"10042111","Beckingen",2018
0.49131,"10042111","Beckingen",2019
0.90907,"10042112","Losheim am See",1998
0.80565,"10042112","Losheim am See",1999
0.68804,"10042112","Losheim am See",2000
0.60999,"10042112","Losheim am See",2001
0.59468,"10042112","Losheim am See",2002
0.65232,"10042112","Losheim am See",2003
0.58946,"10042112","Losheim am See",2004
0.69185,"10042112","Losheim am See",2005
0.6642,"10042112","Losheim am See",2006
0.69335,"10042112","Losheim am See",2007
0.63715,"10042112","Losheim am See",2008
0.60844,"10042112","Losheim am See",2009
0.57786,"10042112","Losheim am See",2010
0.55321,"10042112","Losheim am See",2011
0.57681,"10042112","Losheim am See",2012
0.57737,"10042112","Losheim am See",2013
0.55804,"10042112","Losheim am See",2014
0.54707,"10042112","Losheim am See",2015
0.58318,"10042112","Losheim am See",2016
0.55501,"10042112","Losheim am See",2017
0.54557,"10042112","Losheim am See",2018
0.48872,"10042112","Losheim am See",2019
0.89326,"10042113","Merzig, Kreisstadt",1998
0.78955,"10042113","Merzig, Kreisstadt",1999
0.67313,"10042113","Merzig, Kreisstadt",2000
0.6695,"10042113","Merzig, Kreisstadt",2001
0.62872,"10042113","Merzig, Kreisstadt",2002
0.70941,"10042113","Merzig, Kreisstadt",2003
0.67762,"10042113","Merzig, Kreisstadt",2004
0.76351,"10042113","Merzig, Kreisstadt",2005
0.74924,"10042113","Merzig, Kreisstadt",2006
0.76315,"10042113","Merzig, Kreisstadt",2007
0.69842,"10042113","Merzig, Kreisstadt",2008
0.68711,"10042113","Merzig, Kreisstadt",2009
0.66574,"10042113","Merzig, Kreisstadt",2010
0.64528,"10042113","Merzig, Kreisstadt",2011
0.66291,"10042113","Merzig, Kreisstadt",2012
0.66942,"10042113","Merzig, Kreisstadt",2013
0.66026,"10042113","Merzig, Kreisstadt",2014
0.6572,"10042113","Merzig, Kreisstadt",2015
0.68495,"10042113","Merzig, Kreisstadt",2016
0.64456,"10042113","Merzig, Kreisstadt",2017
0.63119,"10042113","Merzig, Kreisstadt",2018
0.60327,"10042113","Merzig, Kreisstadt",2019
0.92752,"10042114","Mettlach",1998
0.83119,"10042114","Mettlach",1999
0.71547,"10042114","Mettlach",2000
0.72645,"10042114","Mettlach",2001
0.66035,"10042114","Mettlach",2002
0.72723,"10042114","Mettlach",2003
0.71621,"10042114","Mettlach",2004
0.77316,"10042114","Mettlach",2005
0.753,"10042114","Mettlach",2006
0.7742,"10042114","Mettlach",2007
0.74654,"10042114","Mettlach",2008
0.74991,"10042114","Mettlach",2009
0.74345,"10042114","Mettlach",2010
0.72279,"10042114","Mettlach",2011
0.74564,"10042114","Mettlach",2012
0.73706,"10042114","Mettlach",2013
0.73625,"10042114","Mettlach",2014
0.7501,"10042114","Mettlach",2015
0.77789,"10042114","Mettlach",2016
0.74681,"10042114","Mettlach",2017
0.75679,"10042114","Mettlach",2018
0.72375,"10042114","Mettlach",2019
1,"10042115","Perl",1998
0.90762,"10042115","Perl",1999
0.78575,"10042115","Perl",2000
1,"10042115","Perl",2001
1,"10042115","Perl",2002
1,"10042115","Perl",2003
1,"10042115","Perl",2004
1,"10042115","Perl",2005
1,"10042115","Perl",2006
1,"10042115","Perl",2007
1,"10042115","Perl",2008
1,"10042115","Perl",2009
1,"10042115","Perl",2010
1,"10042115","Perl",2011
1,"10042115","Perl",2012
1,"10042115","Perl",2013
1,"10042115","Perl",2014
1,"10042115","Perl",2015
1,"10042115","Perl",2016
1,"10042115","Perl",2017
1,"10042115","Perl",2018
1,"10042115","Perl",2019
0.87192,"10042116","Wadern, Stadt",1998
0.76844,"10042116","Wadern, Stadt",1999
0.65356,"10042116","Wadern, Stadt",2000
0.59482,"10042116","Wadern, Stadt",2001
0.57143,"10042116","Wadern, Stadt",2002
0.63898,"10042116","Wadern, Stadt",2003
0.56567,"10042116","Wadern, Stadt",2004
0.67885,"10042116","Wadern, Stadt",2005
0.64048,"10042116","Wadern, Stadt",2006
0.66408,"10042116","Wadern, Stadt",2007
0.60726,"10042116","Wadern, Stadt",2008
0.60779,"10042116","Wadern, Stadt",2009
0.56671,"10042116","Wadern, Stadt",2010
0.54597,"10042116","Wadern, Stadt",2011
0.56413,"10042116","Wadern, Stadt",2012
0.55071,"10042116","Wadern, Stadt",2013
0.52699,"10042116","Wadern, Stadt",2014
0.51618,"10042116","Wadern, Stadt",2015
0.57224,"10042116","Wadern, Stadt",2016
0.54873,"10042116","Wadern, Stadt",2017
0.53542,"10042116","Wadern, Stadt",2018
0.48699,"10042116","Wadern, Stadt",2019
0.89113,"10042117","Weiskirchen",1998
0.7877,"10042117","Weiskirchen",1999
0.67202,"10042117","Weiskirchen",2000
0.66541,"10042117","Weiskirchen",2001
0.62389,"10042117","Weiskirchen",2002
0.68678,"10042117","Weiskirchen",2003
0.67062,"10042117","Weiskirchen",2004
0.74913,"10042117","Weiskirchen",2005
0.71869,"10042117","Weiskirchen",2006
0.72215,"10042117","Weiskirchen",2007
0.67619,"10042117","Weiskirchen",2008
0.66593,"10042117","Weiskirchen",2009
0.6388,"10042117","Weiskirchen",2010
0.62702,"10042117","Weiskirchen",2011
0.65799,"10042117","Weiskirchen",2012
0.65686,"10042117","Weiskirchen",2013
0.63202,"10042117","Weiskirchen",2014
0.60337,"10042117","Weiskirchen",2015
0.64609,"10042117","Weiskirchen",2016
0.62404,"10042117","Weiskirchen",2017
0.61752,"10042117","Weiskirchen",2018
0.56675,"10042117","Weiskirchen",2019
0.95042,"10043111","Eppelborn",1998
0.9677,"10043111","Eppelborn",1999
0.97119,"10043111","Eppelborn",2000
0.64751,"10043111","Eppelborn",2001
0.65293,"10043111","Eppelborn",2002
0.63264,"10043111","Eppelborn",2003
0.67766,"10043111","Eppelborn",2004
0.69199,"10043111","Eppelborn",2005
0.60864,"10043111","Eppelborn",2006
0.65449,"10043111","Eppelborn",2007
0.53455,"10043111","Eppelborn",2008
0.55441,"10043111","Eppelborn",2009
0.50905,"10043111","Eppelborn",2010
0.62699,"10043111","Eppelborn",2011
0.58701,"10043111","Eppelborn",2012
0.5362,"10043111","Eppelborn",2013
0.53098,"10043111","Eppelborn",2014
0.56325,"10043111","Eppelborn",2015
0.57091,"10043111","Eppelborn",2016
0.51535,"10043111","Eppelborn",2017
0.56125,"10043111","Eppelborn",2018
0.67494,"10043111","Eppelborn",2019
0.94748,"10043112","Illingen",1998
0.96458,"10043112","Illingen",1999
0.96774,"10043112","Illingen",2000
0.71459,"10043112","Illingen",2001
0.70293,"10043112","Illingen",2002
0.69345,"10043112","Illingen",2003
0.76328,"10043112","Illingen",2004
0.75497,"10043112","Illingen",2005
0.68487,"10043112","Illingen",2006
0.72302,"10043112","Illingen",2007
0.58829,"10043112","Illingen",2008
0.62962,"10043112","Illingen",2009
0.57148,"10043112","Illingen",2010
0.63258,"10043112","Illingen",2011
0.58263,"10043112","Illingen",2012
0.5481,"10043112","Illingen",2013
0.5383,"10043112","Illingen",2014
0.57295,"10043112","Illingen",2015
0.57918,"10043112","Illingen",2016
0.50699,"10043112","Illingen",2017
0.56497,"10043112","Illingen",2018
0.68667,"10043112","Illingen",2019
0.94734,"10043113","Merchweiler",1998
0.95987,"10043113","Merchweiler",1999
0.96272,"10043113","Merchweiler",2000
0.77784,"10043113","Merchweiler",2001
0.77072,"10043113","Merchweiler",2002
0.73405,"10043113","Merchweiler",2003
0.76969,"10043113","Merchweiler",2004
0.81228,"10043113","Merchweiler",2005
0.74479,"10043113","Merchweiler",2006
0.77662,"10043113","Merchweiler",2007
0.63715,"10043113","Merchweiler",2008
0.64797,"10043113","Merchweiler",2009
0.59514,"10043113","Merchweiler",2010
0.66439,"10043113","Merchweiler",2011
0.61091,"10043113","Merchweiler",2012
0.57647,"10043113","Merchweiler",2013
0.58322,"10043113","Merchweiler",2014
0.58569,"10043113","Merchweiler",2015
0.60519,"10043113","Merchweiler",2016
0.55595,"10043113","Merchweiler",2017
0.6242,"10043113","Merchweiler",2018
0.74914,"10043113","Merchweiler",2019
0.97592,"10043114","Neunkirchen, Kreisstadt",1998
0.99465,"10043114","Neunkirchen, Kreisstadt",1999
0.99406,"10043114","Neunkirchen, Kreisstadt",2000
0.87298,"10043114","Neunkirchen, Kreisstadt",2001
0.89538,"10043114","Neunkirchen, Kreisstadt",2002
0.89732,"10043114","Neunkirchen, Kreisstadt",2003
0.98524,"10043114","Neunkirchen, Kreisstadt",2004
0.99252,"10043114","Neunkirchen, Kreisstadt",2005
0.94688,"10043114","Neunkirchen, Kreisstadt",2006
0.9293,"10043114","Neunkirchen, Kreisstadt",2007
0.79149,"10043114","Neunkirchen, Kreisstadt",2008
0.86326,"10043114","Neunkirchen, Kreisstadt",2009
0.79876,"10043114","Neunkirchen, Kreisstadt",2010
0.82349,"10043114","Neunkirchen, Kreisstadt",2011
0.77906,"10043114","Neunkirchen, Kreisstadt",2012
0.74809,"10043114","Neunkirchen, Kreisstadt",2013
0.76203,"10043114","Neunkirchen, Kreisstadt",2014
0.82069,"10043114","Neunkirchen, Kreisstadt",2015
0.78932,"10043114","Neunkirchen, Kreisstadt",2016
0.71787,"10043114","Neunkirchen, Kreisstadt",2017
0.75441,"10043114","Neunkirchen, Kreisstadt",2018
0.89186,"10043114","Neunkirchen, Kreisstadt",2019
0.93263,"10043115","Ottweiler, Stadt",1998
0.9496,"10043115","Ottweiler, Stadt",1999
0.95503,"10043115","Ottweiler, Stadt",2000
0.69812,"10043115","Ottweiler, Stadt",2001
0.71035,"10043115","Ottweiler, Stadt",2002
0.70381,"10043115","Ottweiler, Stadt",2003
0.73139,"10043115","Ottweiler, Stadt",2004
0.73076,"10043115","Ottweiler, Stadt",2005
0.67776,"10043115","Ottweiler, Stadt",2006
0.71483,"10043115","Ottweiler, Stadt",2007
0.58237,"10043115","Ottweiler, Stadt",2008
0.61147,"10043115","Ottweiler, Stadt",2009
0.56704,"10043115","Ottweiler, Stadt",2010
0.6399,"10043115","Ottweiler, Stadt",2011
0.60408,"10043115","Ottweiler, Stadt",2012
0.55697,"10043115","Ottweiler, Stadt",2013
0.55889,"10043115","Ottweiler, Stadt",2014
0.58472,"10043115","Ottweiler, Stadt",2015
0.58646,"10043115","Ottweiler, Stadt",2016
0.52146,"10043115","Ottweiler, Stadt",2017
0.56874,"10043115","Ottweiler, Stadt",2018
0.68842,"10043115","Ottweiler, Stadt",2019
0.97989,"10043116","Schiffweiler",1998
1,"10043116","Schiffweiler",1999
1,"10043116","Schiffweiler",2000
0.73039,"10043116","Schiffweiler",2001
0.73168,"10043116","Schiffweiler",2002
0.73718,"10043116","Schiffweiler",2003
0.78351,"10043116","Schiffweiler",2004
0.78612,"10043116","Schiffweiler",2005
0.73887,"10043116","Schiffweiler",2006
0.76495,"10043116","Schiffweiler",2007
0.62219,"10043116","Schiffweiler",2008
0.67134,"10043116","Schiffweiler",2009
0.61308,"10043116","Schiffweiler",2010
0.66109,"10043116","Schiffweiler",2011
0.6097,"10043116","Schiffweiler",2012
0.57145,"10043116","Schiffweiler",2013
0.574,"10043116","Schiffweiler",2014
0.60173,"10043116","Schiffweiler",2015
0.6073,"10043116","Schiffweiler",2016
0.53163,"10043116","Schiffweiler",2017
0.58504,"10043116","Schiffweiler",2018
0.70772,"10043116","Schiffweiler",2019
0.93627,"10043117","Spiesen-Elversberg",1998
0.95018,"10043117","Spiesen-Elversberg",1999
0.95591,"10043117","Spiesen-Elversberg",2000
0.74982,"10043117","Spiesen-Elversberg",2001
0.73618,"10043117","Spiesen-Elversberg",2002
0.7059,"10043117","Spiesen-Elversberg",2003
0.7213,"10043117","Spiesen-Elversberg",2004
0.71132,"10043117","Spiesen-Elversberg",2005
0.66306,"10043117","Spiesen-Elversberg",2006
0.68956,"10043117","Spiesen-Elversberg",2007
0.56153,"10043117","Spiesen-Elversberg",2008
0.59381,"10043117","Spiesen-Elversberg",2009
0.54397,"10043117","Spiesen-Elversberg",2010
0.60608,"10043117","Spiesen-Elversberg",2011
0.55303,"10043117","Spiesen-Elversberg",2012
0.51928,"10043117","Spiesen-Elversberg",2013
0.52651,"10043117","Spiesen-Elversberg",2014
0.55331,"10043117","Spiesen-Elversberg",2015
0.54056,"10043117","Spiesen-Elversberg",2016
0.4678,"10043117","Spiesen-Elversberg",2017
0.52708,"10043117","Spiesen-Elversberg",2018
0.65068,"10043117","Spiesen-Elversberg",2019
0.57035,"10044111","Dillingen/ Saar, Stadt",1998
0.60683,"10044111","Dillingen/ Saar, Stadt",1999
0.608,"10044111","Dillingen/ Saar, Stadt",2000
0.56069,"10044111","Dillingen/ Saar, Stadt",2001
0.45706,"10044111","Dillingen/ Saar, Stadt",2002
0.51974,"10044111","Dillingen/ Saar, Stadt",2003
0.55583,"10044111","Dillingen/ Saar, Stadt",2004
0.59502,"10044111","Dillingen/ Saar, Stadt",2005
0.57304,"10044111","Dillingen/ Saar, Stadt",2006
0.62423,"10044111","Dillingen/ Saar, Stadt",2007
0.52126,"10044111","Dillingen/ Saar, Stadt",2008
0.51647,"10044111","Dillingen/ Saar, Stadt",2009
0.45947,"10044111","Dillingen/ Saar, Stadt",2010
0.45351,"10044111","Dillingen/ Saar, Stadt",2011
0.49009,"10044111","Dillingen/ Saar, Stadt",2012
0.45977,"10044111","Dillingen/ Saar, Stadt",2013
0.46814,"10044111","Dillingen/ Saar, Stadt",2014
0.52848,"10044111","Dillingen/ Saar, Stadt",2015
0.48375,"10044111","Dillingen/ Saar, Stadt",2016
0.45666,"10044111","Dillingen/ Saar, Stadt",2017
0.47805,"10044111","Dillingen/ Saar, Stadt",2018
0.52872,"10044111","Dillingen/ Saar, Stadt",2019
0.59955,"10044112","Lebach, Stadt",1998
0.63626,"10044112","Lebach, Stadt",1999
0.6294,"10044112","Lebach, Stadt",2000
0.52384,"10044112","Lebach, Stadt",2001
0.40848,"10044112","Lebach, Stadt",2002
0.49961,"10044112","Lebach, Stadt",2003
0.5222,"10044112","Lebach, Stadt",2004
0.48494,"10044112","Lebach, Stadt",2005
0.41477,"10044112","Lebach, Stadt",2006
0.53363,"10044112","Lebach, Stadt",2007
0.44015,"10044112","Lebach, Stadt",2008
0.41818,"10044112","Lebach, Stadt",2009
0.38801,"10044112","Lebach, Stadt",2010
0.41517,"10044112","Lebach, Stadt",2011
0.47665,"10044112","Lebach, Stadt",2012
0.4087,"10044112","Lebach, Stadt",2013
0.4279,"10044112","Lebach, Stadt",2014
0.45589,"10044112","Lebach, Stadt",2015
0.40884,"10044112","Lebach, Stadt",2016
0.39533,"10044112","Lebach, Stadt",2017
0.42225,"10044112","Lebach, Stadt",2018
0.45867,"10044112","Lebach, Stadt",2019
0.58247,"10044113","Nalbach",1998
0.61875,"10044113","Nalbach",1999
0.62181,"10044113","Nalbach",2000
0.35844,"10044113","Nalbach",2001
0.24111,"10044113","Nalbach",2002
0.34768,"10044113","Nalbach",2003
0.32687,"10044113","Nalbach",2004
0.35009,"10044113","Nalbach",2005
0.27303,"10044113","Nalbach",2006
0.41081,"10044113","Nalbach",2007
0.31799,"10044113","Nalbach",2008
0.30011,"10044113","Nalbach",2009
0.26108,"10044113","Nalbach",2010
0.31183,"10044113","Nalbach",2011
0.35795,"10044113","Nalbach",2012
0.30361,"10044113","Nalbach",2013
0.31225,"10044113","Nalbach",2014
0.34427,"10044113","Nalbach",2015
0.33261,"10044113","Nalbach",2016
0.31279,"10044113","Nalbach",2017
0.33481,"10044113","Nalbach",2018
0.38587,"10044113","Nalbach",2019
0.58464,"10044114","Rehlingen-Siersburg",1998
0.62225,"10044114","Rehlingen-Siersburg",1999
0.62577,"10044114","Rehlingen-Siersburg",2000
0.47714,"10044114","Rehlingen-Siersburg",2001
0.33294,"10044114","Rehlingen-Siersburg",2002
0.41978,"10044114","Rehlingen-Siersburg",2003
0.43862,"10044114","Rehlingen-Siersburg",2004
0.41214,"10044114","Rehlingen-Siersburg",2005
0.36225,"10044114","Rehlingen-Siersburg",2006
0.49427,"10044114","Rehlingen-Siersburg",2007
0.38524,"10044114","Rehlingen-Siersburg",2008
0.36549,"10044114","Rehlingen-Siersburg",2009
0.33078,"10044114","Rehlingen-Siersburg",2010
0.31894,"10044114","Rehlingen-Siersburg",2011
0.35837,"10044114","Rehlingen-Siersburg",2012
0.30192,"10044114","Rehlingen-Siersburg",2013
0.32549,"10044114","Rehlingen-Siersburg",2014
0.36579,"10044114","Rehlingen-Siersburg",2015
0.3329,"10044114","Rehlingen-Siersburg",2016
0.32264,"10044114","Rehlingen-Siersburg",2017
0.35645,"10044114","Rehlingen-Siersburg",2018
0.39201,"10044114","Rehlingen-Siersburg",2019
0.56047,"10044115","Saarlouis, Kreisstadt",1998
0.59306,"10044115","Saarlouis, Kreisstadt",1999
0.59879,"10044115","Saarlouis, Kreisstadt",2000
0.54812,"10044115","Saarlouis, Kreisstadt",2001
0.41069,"10044115","Saarlouis, Kreisstadt",2002
0.49771,"10044115","Saarlouis, Kreisstadt",2003
0.53602,"10044115","Saarlouis, Kreisstadt",2004
0.53368,"10044115","Saarlouis, Kreisstadt",2005
0.49487,"10044115","Saarlouis, Kreisstadt",2006
0.59158,"10044115","Saarlouis, Kreisstadt",2007
0.49367,"10044115","Saarlouis, Kreisstadt",2008
0.47861,"10044115","Saarlouis, Kreisstadt",2009
0.45649,"10044115","Saarlouis, Kreisstadt",2010
0.4257,"10044115","Saarlouis, Kreisstadt",2011
0.48492,"10044115","Saarlouis, Kreisstadt",2012
0.42205,"10044115","Saarlouis, Kreisstadt",2013
0.41584,"10044115","Saarlouis, Kreisstadt",2014
0.4549,"10044115","Saarlouis, Kreisstadt",2015
0.40903,"10044115","Saarlouis, Kreisstadt",2016
0.38209,"10044115","Saarlouis, Kreisstadt",2017
0.41037,"10044115","Saarlouis, Kreisstadt",2018
0.46365,"10044115","Saarlouis, Kreisstadt",2019
0.57646,"10044116","Saarwellingen",1998
0.61067,"10044116","Saarwellingen",1999
0.61256,"10044116","Saarwellingen",2000
0.41535,"10044116","Saarwellingen",2001
0.27803,"10044116","Saarwellingen",2002
0.37154,"10044116","Saarwellingen",2003
0.38001,"10044116","Saarwellingen",2004
0.38206,"10044116","Saarwellingen",2005
0.31,"10044116","Saarwellingen",2006
0.44005,"10044116","Saarwellingen",2007
0.34818,"10044116","Saarwellingen",2008
0.32227,"10044116","Saarwellingen",2009
0.31212,"10044116","Saarwellingen",2010
0.34263,"10044116","Saarwellingen",2011
0.39938,"10044116","Saarwellingen",2012
0.31984,"10044116","Saarwellingen",2013
0.32397,"10044116","Saarwellingen",2014
0.3666,"10044116","Saarwellingen",2015
0.33694,"10044116","Saarwellingen",2016
0.32328,"10044116","Saarwellingen",2017
0.34365,"10044116","Saarwellingen",2018
0.39139,"10044116","Saarwellingen",2019
0.59321,"10044117","Schmelz",1998
0.63125,"10044117","Schmelz",1999
0.63281,"10044117","Schmelz",2000
0.46102,"10044117","Schmelz",2001
0.31595,"10044117","Schmelz",2002
0.42687,"10044117","Schmelz",2003
0.44901,"10044117","Schmelz",2004
0.43752,"10044117","Schmelz",2005
0.36195,"10044117","Schmelz",2006
0.49328,"10044117","Schmelz",2007
0.39264,"10044117","Schmelz",2008
0.37725,"10044117","Schmelz",2009
0.33717,"10044117","Schmelz",2010
0.36431,"10044117","Schmelz",2011
0.41695,"10044117","Schmelz",2012
0.34335,"10044117","Schmelz",2013
0.36333,"10044117","Schmelz",2014
0.41558,"10044117","Schmelz",2015
0.35771,"10044117","Schmelz",2016
0.33137,"10044117","Schmelz",2017
0.3661,"10044117","Schmelz",2018
0.40498,"10044117","Schmelz",2019
0.57878,"10044118","Schwalbach",1998
0.61349,"10044118","Schwalbach",1999
0.61628,"10044118","Schwalbach",2000
0.48364,"10044118","Schwalbach",2001
0.34074,"10044118","Schwalbach",2002
0.42705,"10044118","Schwalbach",2003
0.41309,"10044118","Schwalbach",2004
0.40837,"10044118","Schwalbach",2005
0.35146,"10044118","Schwalbach",2006
0.48239,"10044118","Schwalbach",2007
0.38754,"10044118","Schwalbach",2008
0.37676,"10044118","Schwalbach",2009
0.35941,"10044118","Schwalbach",2010
0.36721,"10044118","Schwalbach",2011
0.42299,"10044118","Schwalbach",2012
0.35233,"10044118","Schwalbach",2013
0.37581,"10044118","Schwalbach",2014
0.41711,"10044118","Schwalbach",2015
0.37946,"10044118","Schwalbach",2016
0.35995,"10044118","Schwalbach",2017
0.38158,"10044118","Schwalbach",2018
0.42117,"10044118","Schwalbach",2019
0.5872,"10044119","Überherrn",1998
0.62366,"10044119","Überherrn",1999
0.62636,"10044119","Überherrn",2000
0.39781,"10044119","Überherrn",2001
0.27041,"10044119","Überherrn",2002
0.37295,"10044119","Überherrn",2003
0.36852,"10044119","Überherrn",2004
0.36547,"10044119","Überherrn",2005
0.32345,"10044119","Überherrn",2006
0.44399,"10044119","Überherrn",2007
0.34908,"10044119","Überherrn",2008
0.32918,"10044119","Überherrn",2009
0.30682,"10044119","Überherrn",2010
0.3506,"10044119","Überherrn",2011
0.41082,"10044119","Überherrn",2012
0.33718,"10044119","Überherrn",2013
0.34263,"10044119","Überherrn",2014
0.38716,"10044119","Überherrn",2015
0.35072,"10044119","Überherrn",2016
0.33523,"10044119","Überherrn",2017
0.3595,"10044119","Überherrn",2018
0.386,"10044119","Überherrn",2019
0.58866,"10044120","Wadgassen",1998
0.62313,"10044120","Wadgassen",1999
0.62425,"10044120","Wadgassen",2000
0.48246,"10044120","Wadgassen",2001
0.33553,"10044120","Wadgassen",2002
0.4055,"10044120","Wadgassen",2003
0.3968,"10044120","Wadgassen",2004
0.40737,"10044120","Wadgassen",2005
0.36104,"10044120","Wadgassen",2006
0.47512,"10044120","Wadgassen",2007
0.38169,"10044120","Wadgassen",2008
0.37429,"10044120","Wadgassen",2009
0.35054,"10044120","Wadgassen",2010
0.37237,"10044120","Wadgassen",2011
0.41788,"10044120","Wadgassen",2012
0.34407,"10044120","Wadgassen",2013
0.34651,"10044120","Wadgassen",2014
0.38605,"10044120","Wadgassen",2015
0.34927,"10044120","Wadgassen",2016
0.31794,"10044120","Wadgassen",2017
0.33712,"10044120","Wadgassen",2018
0.36765,"10044120","Wadgassen",2019
0.57087,"10044121","Wallerfangen",1998
0.60211,"10044121","Wallerfangen",1999
0.60528,"10044121","Wallerfangen",2000
0.43742,"10044121","Wallerfangen",2001
0.30845,"10044121","Wallerfangen",2002
0.39499,"10044121","Wallerfangen",2003
0.38234,"10044121","Wallerfangen",2004
0.3869,"10044121","Wallerfangen",2005
0.34257,"10044121","Wallerfangen",2006
0.46727,"10044121","Wallerfangen",2007
0.36783,"10044121","Wallerfangen",2008
0.36777,"10044121","Wallerfangen",2009
0.35366,"10044121","Wallerfangen",2010
0.35643,"10044121","Wallerfangen",2011
0.41271,"10044121","Wallerfangen",2012
0.3519,"10044121","Wallerfangen",2013
0.36808,"10044121","Wallerfangen",2014
0.40638,"10044121","Wallerfangen",2015
0.36943,"10044121","Wallerfangen",2016
0.34221,"10044121","Wallerfangen",2017
0.36717,"10044121","Wallerfangen",2018
0.40519,"10044121","Wallerfangen",2019
0.59756,"10044122","Bous",1998
0.63247,"10044122","Bous",1999
0.63198,"10044122","Bous",2000
0.54737,"10044122","Bous",2001
0.39548,"10044122","Bous",2002
0.54845,"10044122","Bous",2003
0.53378,"10044122","Bous",2004
0.54201,"10044122","Bous",2005
0.47078,"10044122","Bous",2006
0.55899,"10044122","Bous",2007
0.4628,"10044122","Bous",2008
0.48359,"10044122","Bous",2009
0.43958,"10044122","Bous",2010
0.45943,"10044122","Bous",2011
0.49886,"10044122","Bous",2012
0.44034,"10044122","Bous",2013
0.4344,"10044122","Bous",2014
0.46997,"10044122","Bous",2015
0.42773,"10044122","Bous",2016
0.41359,"10044122","Bous",2017
0.43893,"10044122","Bous",2018
0.47999,"10044122","Bous",2019
0.58947,"10044123","Ensdorf",1998
0.62629,"10044123","Ensdorf",1999
0.62899,"10044123","Ensdorf",2000
0.55376,"10044123","Ensdorf",2001
0.43094,"10044123","Ensdorf",2002
0.51564,"10044123","Ensdorf",2003
0.52284,"10044123","Ensdorf",2004
0.53044,"10044123","Ensdorf",2005
0.46268,"10044123","Ensdorf",2006
0.55902,"10044123","Ensdorf",2007
0.44665,"10044123","Ensdorf",2008
0.43969,"10044123","Ensdorf",2009
0.41466,"10044123","Ensdorf",2010
0.44014,"10044123","Ensdorf",2011
0.49858,"10044123","Ensdorf",2012
0.4234,"10044123","Ensdorf",2013
0.43785,"10044123","Ensdorf",2014
0.47498,"10044123","Ensdorf",2015
0.42716,"10044123","Ensdorf",2016
0.40943,"10044123","Ensdorf",2017
0.44165,"10044123","Ensdorf",2018
0.48328,"10044123","Ensdorf",2019
0.04301,"10045111","Bexbach, Stadt",1998
0.04485,"10045111","Bexbach, Stadt",1999
0.20362,"10045111","Bexbach, Stadt",2000
0.06404,"10045111","Bexbach, Stadt",2001
0.07758,"10045111","Bexbach, Stadt",2002
0.07994,"10045111","Bexbach, Stadt",2003
0.11136,"10045111","Bexbach, Stadt",2004
0.14457,"10045111","Bexbach, Stadt",2005
0.11719,"10045111","Bexbach, Stadt",2006
0.07669,"10045111","Bexbach, Stadt",2007
0.06386,"10045111","Bexbach, Stadt",2008
0.1006,"10045111","Bexbach, Stadt",2009
0.12203,"10045111","Bexbach, Stadt",2010
0.08722,"10045111","Bexbach, Stadt",2011
0.07294,"10045111","Bexbach, Stadt",2012
0.08271,"10045111","Bexbach, Stadt",2013
0.08471,"10045111","Bexbach, Stadt",2014
0.10633,"10045111","Bexbach, Stadt",2015
0.08511,"10045111","Bexbach, Stadt",2016
0.09268,"10045111","Bexbach, Stadt",2017
0.08287,"10045111","Bexbach, Stadt",2018
0.09676,"10045111","Bexbach, Stadt",2019
0.0246,"10045112","Blieskastel, Stadt",1998
0.02646,"10045112","Blieskastel, Stadt",1999
0.18788,"10045112","Blieskastel, Stadt",2000
0.11299,"10045112","Blieskastel, Stadt",2001
0.08804,"10045112","Blieskastel, Stadt",2002
0.09705,"10045112","Blieskastel, Stadt",2003
0.10937,"10045112","Blieskastel, Stadt",2004
0.1246,"10045112","Blieskastel, Stadt",2005
0.12696,"10045112","Blieskastel, Stadt",2006
0.08262,"10045112","Blieskastel, Stadt",2007
0.07039,"10045112","Blieskastel, Stadt",2008
0.07375,"10045112","Blieskastel, Stadt",2009
0.08493,"10045112","Blieskastel, Stadt",2010
0.04237,"10045112","Blieskastel, Stadt",2011
0.0375,"10045112","Blieskastel, Stadt",2012
0.03637,"10045112","Blieskastel, Stadt",2013
0.02492,"10045112","Blieskastel, Stadt",2014
0.04882,"10045112","Blieskastel, Stadt",2015
0.04915,"10045112","Blieskastel, Stadt",2016
0.06329,"10045112","Blieskastel, Stadt",2017
0.04622,"10045112","Blieskastel, Stadt",2018
0.04596,"10045112","Blieskastel, Stadt",2019
0.06103,"10045113","Gersheim",1998
0.06645,"10045113","Gersheim",1999
0.22617,"10045113","Gersheim",2000
0.10034,"10045113","Gersheim",2001
0.11437,"10045113","Gersheim",2002
0.1117,"10045113","Gersheim",2003
0.11819,"10045113","Gersheim",2004
0.13443,"10045113","Gersheim",2005
0.09059,"10045113","Gersheim",2006
0.06943,"10045113","Gersheim",2007
0.07113,"10045113","Gersheim",2008
0.06942,"10045113","Gersheim",2009
0.08708,"10045113","Gersheim",2010
0.0754,"10045113","Gersheim",2011
0.08259,"10045113","Gersheim",2012
0.06735,"10045113","Gersheim",2013
0.073,"10045113","Gersheim",2014
0.08702,"10045113","Gersheim",2015
0.06256,"10045113","Gersheim",2016
0.08796,"10045113","Gersheim",2017
0.06205,"10045113","Gersheim",2018
0.078,"10045113","Gersheim",2019
0.03425,"10045114","Homburg, Kreisstadt",1998
0.03882,"10045114","Homburg, Kreisstadt",1999
0.19897,"10045114","Homburg, Kreisstadt",2000
0.13711,"10045114","Homburg, Kreisstadt",2001
0.1422,"10045114","Homburg, Kreisstadt",2002
0.12382,"10045114","Homburg, Kreisstadt",2003
0.17238,"10045114","Homburg, Kreisstadt",2004
0.20345,"10045114","Homburg, Kreisstadt",2005
0.20565,"10045114","Homburg, Kreisstadt",2006
0.16649,"10045114","Homburg, Kreisstadt",2007
0.15085,"10045114","Homburg, Kreisstadt",2008
0.19622,"10045114","Homburg, Kreisstadt",2009
0.21924,"10045114","Homburg, Kreisstadt",2010
0.13673,"10045114","Homburg, Kreisstadt",2011
0.14015,"10045114","Homburg, Kreisstadt",2012
0.14808,"10045114","Homburg, Kreisstadt",2013
0.15589,"10045114","Homburg, Kreisstadt",2014
0.16587,"10045114","Homburg, Kreisstadt",2015
0.14777,"10045114","Homburg, Kreisstadt",2016
0.15095,"10045114","Homburg, Kreisstadt",2017
0.14279,"10045114","Homburg, Kreisstadt",2018
0.16954,"10045114","Homburg, Kreisstadt",2019
0.02555,"10045115","Kirkel",1998
0.02904,"10045115","Kirkel",1999
0.19202,"10045115","Kirkel",2000
0,"10045115","Kirkel",2001
0.02546,"10045115","Kirkel",2002
0.02505,"10045115","Kirkel",2003
0.03868,"10045115","Kirkel",2004
0.03015,"10045115","Kirkel",2005
0,"10045115","Kirkel",2006
0,"10045115","Kirkel",2007
0,"10045115","Kirkel",2008
0,"10045115","Kirkel",2009
0.00573,"10045115","Kirkel",2010
0,"10045115","Kirkel",2011
0.00767,"10045115","Kirkel",2012
0.02188,"10045115","Kirkel",2013
0.01591,"10045115","Kirkel",2014
0.02593,"10045115","Kirkel",2015
0.02094,"10045115","Kirkel",2016
0.03281,"10045115","Kirkel",2017
0.02206,"10045115","Kirkel",2018
0.03038,"10045115","Kirkel",2019
0.02337,"10045116","Mandelbachtal",1998
0.02656,"10045116","Mandelbachtal",1999
0.18792,"10045116","Mandelbachtal",2000
0.01466,"10045116","Mandelbachtal",2001
0,"10045116","Mandelbachtal",2002
0,"10045116","Mandelbachtal",2003
0,"10045116","Mandelbachtal",2004
0,"10045116","Mandelbachtal",2005
0.01315,"10045116","Mandelbachtal",2006
0.01186,"10045116","Mandelbachtal",2007
0.00902,"10045116","Mandelbachtal",2008
0.01532,"10045116","Mandelbachtal",2009
0.03432,"10045116","Mandelbachtal",2010
0.00675,"10045116","Mandelbachtal",2011
0,"10045116","Mandelbachtal",2012
0,"10045116","Mandelbachtal",2013
0,"10045116","Mandelbachtal",2014
0,"10045116","Mandelbachtal",2015
0,"10045116","Mandelbachtal",2016
0,"10045116","Mandelbachtal",2017
0,"10045116","Mandelbachtal",2018
0,"10045116","Mandelbachtal",2019
0,"10045117","St. Ingbert, Stadt",1998
0,"10045117","St. Ingbert, Stadt",1999
0.16196,"10045117","St. Ingbert, Stadt",2000
0.10854,"10045117","St. Ingbert, Stadt",2001
0.08625,"10045117","St. Ingbert, Stadt",2002
0.09601,"10045117","St. Ingbert, Stadt",2003
0.09427,"10045117","St. Ingbert, Stadt",2004
0.11118,"10045117","St. Ingbert, Stadt",2005
0.10678,"10045117","St. Ingbert, Stadt",2006
0.06776,"10045117","St. Ingbert, Stadt",2007
0.07824,"10045117","St. Ingbert, Stadt",2008
0.11889,"10045117","St. Ingbert, Stadt",2009
0.12415,"10045117","St. Ingbert, Stadt",2010
0.09305,"10045117","St. Ingbert, Stadt",2011
0.08337,"10045117","St. Ingbert, Stadt",2012
0.09168,"10045117","St. Ingbert, Stadt",2013
0.08944,"10045117","St. Ingbert, Stadt",2014
0.10218,"10045117","St. Ingbert, Stadt",2015
0.09465,"10045117","St. Ingbert, Stadt",2016
0.0957,"10045117","St. Ingbert, Stadt",2017
0.07459,"10045117","St. Ingbert, Stadt",2018
0.08625,"10045117","St. Ingbert, Stadt",2019
0.18319,"10046111","Freisen",1998
0.22806,"10046111","Freisen",1999
0.01984,"10046111","Freisen",2000
0.05951,"10046111","Freisen",2001
0.17916,"10046111","Freisen",2002
0.15566,"10046111","Freisen",2003
0.13651,"10046111","Freisen",2004
0.25522,"10046111","Freisen",2005
0.22199,"10046111","Freisen",2006
0.28356,"10046111","Freisen",2007
0.19539,"10046111","Freisen",2008
0.11892,"10046111","Freisen",2009
0.05676,"10046111","Freisen",2010
0.14519,"10046111","Freisen",2011
0.13934,"10046111","Freisen",2012
0.1569,"10046111","Freisen",2013
0.34185,"10046111","Freisen",2014
0.34925,"10046111","Freisen",2015
0.2296,"10046111","Freisen",2016
0.26803,"10046111","Freisen",2017
0.25068,"10046111","Freisen",2018
0.26048,"10046111","Freisen",2019
0.18121,"10046112","Marpingen",1998
0.22329,"10046112","Marpingen",1999
0.01372,"10046112","Marpingen",2000
0.06676,"10046112","Marpingen",2001
0.1517,"10046112","Marpingen",2002
0.10701,"10046112","Marpingen",2003
0.10979,"10046112","Marpingen",2004
0.21086,"10046112","Marpingen",2005
0.17921,"10046112","Marpingen",2006
0.24467,"10046112","Marpingen",2007
0.15486,"10046112","Marpingen",2008
0.06081,"10046112","Marpingen",2009
0.01208,"10046112","Marpingen",2010
0.09961,"10046112","Marpingen",2011
0.1033,"10046112","Marpingen",2012
0.12502,"10046112","Marpingen",2013
0.31576,"10046112","Marpingen",2014
0.30678,"10046112","Marpingen",2015
0.18898,"10046112","Marpingen",2016
0.24116,"10046112","Marpingen",2017
0.22095,"10046112","Marpingen",2018
0.2329,"10046112","Marpingen",2019
0.18769,"10046113","Namborn",1998
0.2303,"10046113","Namborn",1999
0.02255,"10046113","Namborn",2000
0.032,"10046113","Namborn",2001
0.12566,"10046113","Namborn",2002
0.12915,"10046113","Namborn",2003
0.1318,"10046113","Namborn",2004
0.22713,"10046113","Namborn",2005
0.18221,"10046113","Namborn",2006
0.24703,"10046113","Namborn",2007
0.14869,"10046113","Namborn",2008
0.06599,"10046113","Namborn",2009
0,"10046113","Namborn",2010
0.11267,"10046113","Namborn",2011
0.11027,"10046113","Namborn",2012
0.12742,"10046113","Namborn",2013
0.31889,"10046113","Namborn",2014
0.32676,"10046113","Namborn",2015
0.22104,"10046113","Namborn",2016
0.26561,"10046113","Namborn",2017
0.22137,"10046113","Namborn",2018
0.2414,"10046113","Namborn",2019
0.18338,"10046114","Nohfelden",1998
0.2229,"10046114","Nohfelden",1999
0.0179,"10046114","Nohfelden",2000
0.09254,"10046114","Nohfelden",2001
0.16783,"10046114","Nohfelden",2002
0.13993,"10046114","Nohfelden",2003
0.12065,"10046114","Nohfelden",2004
0.21563,"10046114","Nohfelden",2005
0.18468,"10046114","Nohfelden",2006
0.25609,"10046114","Nohfelden",2007
0.15893,"10046114","Nohfelden",2008
0.05752,"10046114","Nohfelden",2009
0.00907,"10046114","Nohfelden",2010
0.14088,"10046114","Nohfelden",2011
0.13954,"10046114","Nohfelden",2012
0.15624,"10046114","Nohfelden",2013
0.34081,"10046114","Nohfelden",2014
0.3428,"10046114","Nohfelden",2015
0.24004,"10046114","Nohfelden",2016
0.28842,"10046114","Nohfelden",2017
0.25502,"10046114","Nohfelden",2018
0.26997,"10046114","Nohfelden",2019
0.16839,"10046115","Nonnweiler",1998
0.2123,"10046115","Nonnweiler",1999
0.00773,"10046115","Nonnweiler",2000
0.06826,"10046115","Nonnweiler",2001
0.14674,"10046115","Nonnweiler",2002
0.11278,"10046115","Nonnweiler",2003
0.12968,"10046115","Nonnweiler",2004
0.22261,"10046115","Nonnweiler",2005
0.16518,"10046115","Nonnweiler",2006
0.23874,"10046115","Nonnweiler",2007
0.14016,"10046115","Nonnweiler",2008
0.06977,"10046115","Nonnweiler",2009
0.0147,"10046115","Nonnweiler",2010
0.11786,"10046115","Nonnweiler",2011
0.09661,"10046115","Nonnweiler",2012
0.10836,"10046115","Nonnweiler",2013
0.30792,"10046115","Nonnweiler",2014
0.30651,"10046115","Nonnweiler",2015
0.20312,"10046115","Nonnweiler",2016
0.2426,"10046115","Nonnweiler",2017
0.20902,"10046115","Nonnweiler",2018
0.23331,"10046115","Nonnweiler",2019
0.17146,"10046116","Oberthal",1998
0.2141,"10046116","Oberthal",1999
0.0093,"10046116","Oberthal",2000
0.08552,"10046116","Oberthal",2001
0.17774,"10046116","Oberthal",2002
0.14593,"10046116","Oberthal",2003
0.14474,"10046116","Oberthal",2004
0.24179,"10046116","Oberthal",2005
0.20771,"10046116","Oberthal",2006
0.27118,"10046116","Oberthal",2007
0.17806,"10046116","Oberthal",2008
0.10565,"10046116","Oberthal",2009
0.03611,"10046116","Oberthal",2010
0.13945,"10046116","Oberthal",2011
0.14631,"10046116","Oberthal",2012
0.1517,"10046116","Oberthal",2013
0.33921,"10046116","Oberthal",2014
0.33443,"10046116","Oberthal",2015
0.21767,"10046116","Oberthal",2016
0.25833,"10046116","Oberthal",2017
0.24251,"10046116","Oberthal",2018
0.26334,"10046116","Oberthal",2019
0.16209,"10046117","St. Wendel, Kreisstadt",1998
0.20242,"10046117","St. Wendel, Kreisstadt",1999
0,"10046117","St. Wendel, Kreisstadt",2000
0.09017,"10046117","St. Wendel, Kreisstadt",2001
0.16833,"10046117","St. Wendel, Kreisstadt",2002
0.14183,"10046117","St. Wendel, Kreisstadt",2003
0.16942,"10046117","St. Wendel, Kreisstadt",2004
0.27604,"10046117","St. Wendel, Kreisstadt",2005
0.22743,"10046117","St. Wendel, Kreisstadt",2006
0.28908,"10046117","St. Wendel, Kreisstadt",2007
0.18543,"10046117","St. Wendel, Kreisstadt",2008
0.10794,"10046117","St. Wendel, Kreisstadt",2009
0.03932,"10046117","St. Wendel, Kreisstadt",2010
0.13551,"10046117","St. Wendel, Kreisstadt",2011
0.12472,"10046117","St. Wendel, Kreisstadt",2012
0.15386,"10046117","St. Wendel, Kreisstadt",2013
0.35009,"10046117","St. Wendel, Kreisstadt",2014
0.35039,"10046117","St. Wendel, Kreisstadt",2015
0.23578,"10046117","St. Wendel, Kreisstadt",2016
0.28255,"10046117","St. Wendel, Kreisstadt",2017
0.25958,"10046117","St. Wendel, Kreisstadt",2018
0.27253,"10046117","St. Wendel, Kreisstadt",2019
0.17633,"10046118","Tholey",1998
0.21877,"10046118","Tholey",1999
0.0127,"10046118","Tholey",2000
0.06597,"10046118","Tholey",2001
0.16578,"10046118","Tholey",2002
0.11916,"10046118","Tholey",2003
0.10589,"10046118","Tholey",2004
0.199,"10046118","Tholey",2005
0.17119,"10046118","Tholey",2006
0.24991,"10046118","Tholey",2007
0.16414,"10046118","Tholey",2008
0.08304,"10046118","Tholey",2009
0.01347,"10046118","Tholey",2010
0.10013,"10046118","Tholey",2011
0.08703,"10046118","Tholey",2012
0.118,"10046118","Tholey",2013
0.31667,"10046118","Tholey",2014
0.32091,"10046118","Tholey",2015
0.20234,"10046118","Tholey",2016
0.25269,"10046118","Tholey",2017
0.21735,"10046118","Tholey",2018
0.2283,"10046118","Tholey",2019
