"gisd_score","kreis_id","kreis_name","year"
0.1136,"05111","Düsseldorf, Stadt",1998
0.11117,"05111","Düsseldorf, Stadt",1999
0.11024,"05111","Düsseldorf, Stadt",2000
0.11829,"05111","Düsseldorf, Stadt",2001
0.13988,"05111","Düsseldorf, Stadt",2002
0.13556,"05111","Düsseldorf, Stadt",2003
0.12531,"05111","Düsseldorf, Stadt",2004
0.15535,"05111","Düsseldorf, Stadt",2005
0.11559,"05111","Düsseldorf, Stadt",2006
0.11624,"05111","Düsseldorf, Stadt",2007
0.09628,"05111","Düsseldorf, Stadt",2008
0.14529,"05111","Düsseldorf, Stadt",2009
0.11506,"05111","Düsseldorf, Stadt",2010
0.13045,"05111","Düsseldorf, Stadt",2011
0.07964,"05111","Düsseldorf, Stadt",2012
0.08392,"05111","Düsseldorf, Stadt",2013
0.08474,"05111","Düsseldorf, Stadt",2014
0.03222,"05111","Düsseldorf, Stadt",2015
0.00776,"05111","Düsseldorf, Stadt",2016
0,"05111","Düsseldorf, Stadt",2017
0,"05111","Düsseldorf, Stadt",2018
0,"05111","Düsseldorf, Stadt",2019
0,"05111","Düsseldorf, Stadt",2020
0,"05111","Düsseldorf, Stadt",2021
0.98779,"05112","Duisburg, Stadt",1998
0.93096,"05112","Duisburg, Stadt",1999
0.89595,"05112","Duisburg, Stadt",2000
0.90249,"05112","Duisburg, Stadt",2001
0.94296,"05112","Duisburg, Stadt",2002
0.89573,"05112","Duisburg, Stadt",2003
0.86729,"05112","Duisburg, Stadt",2004
0.85433,"05112","Duisburg, Stadt",2005
0.87409,"05112","Duisburg, Stadt",2006
0.87407,"05112","Duisburg, Stadt",2007
0.87591,"05112","Duisburg, Stadt",2008
0.9017,"05112","Duisburg, Stadt",2009
0.88146,"05112","Duisburg, Stadt",2010
0.88491,"05112","Duisburg, Stadt",2011
0.89212,"05112","Duisburg, Stadt",2012
0.86275,"05112","Duisburg, Stadt",2013
0.83254,"05112","Duisburg, Stadt",2014
0.82755,"05112","Duisburg, Stadt",2015
0.78643,"05112","Duisburg, Stadt",2016
0.84673,"05112","Duisburg, Stadt",2017
0.87841,"05112","Duisburg, Stadt",2018
0.87279,"05112","Duisburg, Stadt",2019
0.86508,"05112","Duisburg, Stadt",2020
0.83673,"05112","Duisburg, Stadt",2021
0.46589,"05113","Essen, Stadt",1998
0.44537,"05113","Essen, Stadt",1999
0.42537,"05113","Essen, Stadt",2000
0.43516,"05113","Essen, Stadt",2001
0.4419,"05113","Essen, Stadt",2002
0.44898,"05113","Essen, Stadt",2003
0.48086,"05113","Essen, Stadt",2004
0.48938,"05113","Essen, Stadt",2005
0.46022,"05113","Essen, Stadt",2006
0.46989,"05113","Essen, Stadt",2007
0.49588,"05113","Essen, Stadt",2008
0.5212,"05113","Essen, Stadt",2009
0.4937,"05113","Essen, Stadt",2010
0.50615,"05113","Essen, Stadt",2011
0.49008,"05113","Essen, Stadt",2012
0.51371,"05113","Essen, Stadt",2013
0.53428,"05113","Essen, Stadt",2014
0.49302,"05113","Essen, Stadt",2015
0.47502,"05113","Essen, Stadt",2016
0.5174,"05113","Essen, Stadt",2017
0.50602,"05113","Essen, Stadt",2018
0.5039,"05113","Essen, Stadt",2019
0.50503,"05113","Essen, Stadt",2020
0.47045,"05113","Essen, Stadt",2021
0.60542,"05114","Krefeld, Stadt",1998
0.5594,"05114","Krefeld, Stadt",1999
0.56313,"05114","Krefeld, Stadt",2000
0.58363,"05114","Krefeld, Stadt",2001
0.57778,"05114","Krefeld, Stadt",2002
0.58115,"05114","Krefeld, Stadt",2003
0.56342,"05114","Krefeld, Stadt",2004
0.53172,"05114","Krefeld, Stadt",2005
0.55974,"05114","Krefeld, Stadt",2006
0.58841,"05114","Krefeld, Stadt",2007
0.62093,"05114","Krefeld, Stadt",2008
0.59411,"05114","Krefeld, Stadt",2009
0.58725,"05114","Krefeld, Stadt",2010
0.51739,"05114","Krefeld, Stadt",2011
0.57534,"05114","Krefeld, Stadt",2012
0.57377,"05114","Krefeld, Stadt",2013
0.56802,"05114","Krefeld, Stadt",2014
0.5714,"05114","Krefeld, Stadt",2015
0.53354,"05114","Krefeld, Stadt",2016
0.56279,"05114","Krefeld, Stadt",2017
0.6278,"05114","Krefeld, Stadt",2018
0.57663,"05114","Krefeld, Stadt",2019
0.61813,"05114","Krefeld, Stadt",2020
0.59275,"05114","Krefeld, Stadt",2021
0.70972,"05116","Mönchengladbach, Stadt",1998
0.67978,"05116","Mönchengladbach, Stadt",1999
0.63195,"05116","Mönchengladbach, Stadt",2000
0.6847,"05116","Mönchengladbach, Stadt",2001
0.67087,"05116","Mönchengladbach, Stadt",2002
0.67506,"05116","Mönchengladbach, Stadt",2003
0.65615,"05116","Mönchengladbach, Stadt",2004
0.65047,"05116","Mönchengladbach, Stadt",2005
0.69851,"05116","Mönchengladbach, Stadt",2006
0.72092,"05116","Mönchengladbach, Stadt",2007
0.69963,"05116","Mönchengladbach, Stadt",2008
0.73521,"05116","Mönchengladbach, Stadt",2009
0.7273,"05116","Mönchengladbach, Stadt",2010
0.72396,"05116","Mönchengladbach, Stadt",2011
0.73675,"05116","Mönchengladbach, Stadt",2012
0.76935,"05116","Mönchengladbach, Stadt",2013
0.71294,"05116","Mönchengladbach, Stadt",2014
0.72561,"05116","Mönchengladbach, Stadt",2015
0.64946,"05116","Mönchengladbach, Stadt",2016
0.69754,"05116","Mönchengladbach, Stadt",2017
0.73411,"05116","Mönchengladbach, Stadt",2018
0.71099,"05116","Mönchengladbach, Stadt",2019
0.71394,"05116","Mönchengladbach, Stadt",2020
0.67828,"05116","Mönchengladbach, Stadt",2021
0.24826,"05117","Mülheim an der Ruhr, Stadt",1998
0.22518,"05117","Mülheim an der Ruhr, Stadt",1999
0.25182,"05117","Mülheim an der Ruhr, Stadt",2000
0.23821,"05117","Mülheim an der Ruhr, Stadt",2001
0.19968,"05117","Mülheim an der Ruhr, Stadt",2002
0.24021,"05117","Mülheim an der Ruhr, Stadt",2003
0.24847,"05117","Mülheim an der Ruhr, Stadt",2004
0.22267,"05117","Mülheim an der Ruhr, Stadt",2005
0.20973,"05117","Mülheim an der Ruhr, Stadt",2006
0.26799,"05117","Mülheim an der Ruhr, Stadt",2007
0.21389,"05117","Mülheim an der Ruhr, Stadt",2008
0.26498,"05117","Mülheim an der Ruhr, Stadt",2009
0.28015,"05117","Mülheim an der Ruhr, Stadt",2010
0.29374,"05117","Mülheim an der Ruhr, Stadt",2011
0.30614,"05117","Mülheim an der Ruhr, Stadt",2012
0.30372,"05117","Mülheim an der Ruhr, Stadt",2013
0.28859,"05117","Mülheim an der Ruhr, Stadt",2014
0.31666,"05117","Mülheim an der Ruhr, Stadt",2015
0.2912,"05117","Mülheim an der Ruhr, Stadt",2016
0.31815,"05117","Mülheim an der Ruhr, Stadt",2017
0.34127,"05117","Mülheim an der Ruhr, Stadt",2018
0.33767,"05117","Mülheim an der Ruhr, Stadt",2019
0.3352,"05117","Mülheim an der Ruhr, Stadt",2020
0.32223,"05117","Mülheim an der Ruhr, Stadt",2021
0.78746,"05119","Oberhausen, Stadt",1998
0.73161,"05119","Oberhausen, Stadt",1999
0.7355,"05119","Oberhausen, Stadt",2000
0.76228,"05119","Oberhausen, Stadt",2001
0.79189,"05119","Oberhausen, Stadt",2002
0.76616,"05119","Oberhausen, Stadt",2003
0.76464,"05119","Oberhausen, Stadt",2004
0.70539,"05119","Oberhausen, Stadt",2005
0.77912,"05119","Oberhausen, Stadt",2006
0.73272,"05119","Oberhausen, Stadt",2007
0.76147,"05119","Oberhausen, Stadt",2008
0.77295,"05119","Oberhausen, Stadt",2009
0.74601,"05119","Oberhausen, Stadt",2010
0.78227,"05119","Oberhausen, Stadt",2011
0.75981,"05119","Oberhausen, Stadt",2012
0.75936,"05119","Oberhausen, Stadt",2013
0.70919,"05119","Oberhausen, Stadt",2014
0.74254,"05119","Oberhausen, Stadt",2015
0.68835,"05119","Oberhausen, Stadt",2016
0.7271,"05119","Oberhausen, Stadt",2017
0.76701,"05119","Oberhausen, Stadt",2018
0.7431,"05119","Oberhausen, Stadt",2019
0.75076,"05119","Oberhausen, Stadt",2020
0.67392,"05119","Oberhausen, Stadt",2021
0.58667,"05120","Remscheid, Stadt",1998
0.54874,"05120","Remscheid, Stadt",1999
0.56047,"05120","Remscheid, Stadt",2000
0.5752,"05120","Remscheid, Stadt",2001
0.50211,"05120","Remscheid, Stadt",2002
0.51322,"05120","Remscheid, Stadt",2003
0.53285,"05120","Remscheid, Stadt",2004
0.52298,"05120","Remscheid, Stadt",2005
0.55406,"05120","Remscheid, Stadt",2006
0.52352,"05120","Remscheid, Stadt",2007
0.56633,"05120","Remscheid, Stadt",2008
0.62428,"05120","Remscheid, Stadt",2009
0.59587,"05120","Remscheid, Stadt",2010
0.59009,"05120","Remscheid, Stadt",2011
0.59497,"05120","Remscheid, Stadt",2012
0.56664,"05120","Remscheid, Stadt",2013
0.6096,"05120","Remscheid, Stadt",2014
0.60114,"05120","Remscheid, Stadt",2015
0.56632,"05120","Remscheid, Stadt",2016
0.58787,"05120","Remscheid, Stadt",2017
0.58413,"05120","Remscheid, Stadt",2018
0.61521,"05120","Remscheid, Stadt",2019
0.62526,"05120","Remscheid, Stadt",2020
0.58792,"05120","Remscheid, Stadt",2021
0.67924,"05122","Solingen, Stadt",1998
0.64775,"05122","Solingen, Stadt",1999
0.63984,"05122","Solingen, Stadt",2000
0.63219,"05122","Solingen, Stadt",2001
0.65197,"05122","Solingen, Stadt",2002
0.65319,"05122","Solingen, Stadt",2003
0.63527,"05122","Solingen, Stadt",2004
0.59659,"05122","Solingen, Stadt",2005
0.59152,"05122","Solingen, Stadt",2006
0.61695,"05122","Solingen, Stadt",2007
0.58818,"05122","Solingen, Stadt",2008
0.63762,"05122","Solingen, Stadt",2009
0.62657,"05122","Solingen, Stadt",2010
0.58519,"05122","Solingen, Stadt",2011
0.58299,"05122","Solingen, Stadt",2012
0.61478,"05122","Solingen, Stadt",2013
0.6309,"05122","Solingen, Stadt",2014
0.61125,"05122","Solingen, Stadt",2015
0.55821,"05122","Solingen, Stadt",2016
0.6072,"05122","Solingen, Stadt",2017
0.61105,"05122","Solingen, Stadt",2018
0.61202,"05122","Solingen, Stadt",2019
0.62876,"05122","Solingen, Stadt",2020
0.58795,"05122","Solingen, Stadt",2021
0.74165,"05124","Wuppertal, Stadt",1998
0.7201,"05124","Wuppertal, Stadt",1999
0.68283,"05124","Wuppertal, Stadt",2000
0.71038,"05124","Wuppertal, Stadt",2001
0.71319,"05124","Wuppertal, Stadt",2002
0.72637,"05124","Wuppertal, Stadt",2003
0.68773,"05124","Wuppertal, Stadt",2004
0.66106,"05124","Wuppertal, Stadt",2005
0.71977,"05124","Wuppertal, Stadt",2006
0.73308,"05124","Wuppertal, Stadt",2007
0.75875,"05124","Wuppertal, Stadt",2008
0.78424,"05124","Wuppertal, Stadt",2009
0.7478,"05124","Wuppertal, Stadt",2010
0.71632,"05124","Wuppertal, Stadt",2011
0.78446,"05124","Wuppertal, Stadt",2012
0.7556,"05124","Wuppertal, Stadt",2013
0.71522,"05124","Wuppertal, Stadt",2014
0.68423,"05124","Wuppertal, Stadt",2015
0.60527,"05124","Wuppertal, Stadt",2016
0.66953,"05124","Wuppertal, Stadt",2017
0.67061,"05124","Wuppertal, Stadt",2018
0.67179,"05124","Wuppertal, Stadt",2019
0.68417,"05124","Wuppertal, Stadt",2020
0.65165,"05124","Wuppertal, Stadt",2021
0.61787,"05154","Kleve",1998
0.63149,"05154","Kleve",1999
0.5696,"05154","Kleve",2000
0.56287,"05154","Kleve",2001
0.56373,"05154","Kleve",2002
0.6137,"05154","Kleve",2003
0.6033,"05154","Kleve",2004
0.5853,"05154","Kleve",2005
0.5873,"05154","Kleve",2006
0.5569,"05154","Kleve",2007
0.58198,"05154","Kleve",2008
0.62722,"05154","Kleve",2009
0.60058,"05154","Kleve",2010
0.59843,"05154","Kleve",2011
0.61957,"05154","Kleve",2012
0.63839,"05154","Kleve",2013
0.6207,"05154","Kleve",2014
0.60393,"05154","Kleve",2015
0.57934,"05154","Kleve",2016
0.5973,"05154","Kleve",2017
0.58091,"05154","Kleve",2018
0.56567,"05154","Kleve",2019
0.57798,"05154","Kleve",2020
0.52795,"05154","Kleve",2021
0.14241,"05158","Mettmann",1998
0.16041,"05158","Mettmann",1999
0.15239,"05158","Mettmann",2000
0.16871,"05158","Mettmann",2001
0.16562,"05158","Mettmann",2002
0.17437,"05158","Mettmann",2003
0.18094,"05158","Mettmann",2004
0.16021,"05158","Mettmann",2005
0.13792,"05158","Mettmann",2006
0.15269,"05158","Mettmann",2007
0.17153,"05158","Mettmann",2008
0.20647,"05158","Mettmann",2009
0.18828,"05158","Mettmann",2010
0.22894,"05158","Mettmann",2011
0.20092,"05158","Mettmann",2012
0.23052,"05158","Mettmann",2013
0.18167,"05158","Mettmann",2014
0.21645,"05158","Mettmann",2015
0.17634,"05158","Mettmann",2016
0.20411,"05158","Mettmann",2017
0.20698,"05158","Mettmann",2018
0.20594,"05158","Mettmann",2019
0.23137,"05158","Mettmann",2020
0.22755,"05158","Mettmann",2021
0.1704,"05162","Rhein-Kreis Neuss",1998
0.17051,"05162","Rhein-Kreis Neuss",1999
0.18448,"05162","Rhein-Kreis Neuss",2000
0.20266,"05162","Rhein-Kreis Neuss",2001
0.21389,"05162","Rhein-Kreis Neuss",2002
0.21004,"05162","Rhein-Kreis Neuss",2003
0.22456,"05162","Rhein-Kreis Neuss",2004
0.175,"05162","Rhein-Kreis Neuss",2005
0.14147,"05162","Rhein-Kreis Neuss",2006
0.15334,"05162","Rhein-Kreis Neuss",2007
0.17243,"05162","Rhein-Kreis Neuss",2008
0.20765,"05162","Rhein-Kreis Neuss",2009
0.19072,"05162","Rhein-Kreis Neuss",2010
0.2279,"05162","Rhein-Kreis Neuss",2011
0.2167,"05162","Rhein-Kreis Neuss",2012
0.23061,"05162","Rhein-Kreis Neuss",2013
0.21855,"05162","Rhein-Kreis Neuss",2014
0.19323,"05162","Rhein-Kreis Neuss",2015
0.16545,"05162","Rhein-Kreis Neuss",2016
0.18899,"05162","Rhein-Kreis Neuss",2017
0.20646,"05162","Rhein-Kreis Neuss",2018
0.20312,"05162","Rhein-Kreis Neuss",2019
0.24136,"05162","Rhein-Kreis Neuss",2020
0.21356,"05162","Rhein-Kreis Neuss",2021
0.45646,"05166","Viersen",1998
0.41177,"05166","Viersen",1999
0.38967,"05166","Viersen",2000
0.40986,"05166","Viersen",2001
0.45058,"05166","Viersen",2002
0.41334,"05166","Viersen",2003
0.40444,"05166","Viersen",2004
0.4024,"05166","Viersen",2005
0.3701,"05166","Viersen",2006
0.37192,"05166","Viersen",2007
0.39247,"05166","Viersen",2008
0.42399,"05166","Viersen",2009
0.41731,"05166","Viersen",2010
0.44461,"05166","Viersen",2011
0.44572,"05166","Viersen",2012
0.46096,"05166","Viersen",2013
0.41912,"05166","Viersen",2014
0.39438,"05166","Viersen",2015
0.38091,"05166","Viersen",2016
0.40471,"05166","Viersen",2017
0.39262,"05166","Viersen",2018
0.40594,"05166","Viersen",2019
0.416,"05166","Viersen",2020
0.37796,"05166","Viersen",2021
0.48268,"05170","Wesel",1998
0.47893,"05170","Wesel",1999
0.45706,"05170","Wesel",2000
0.48462,"05170","Wesel",2001
0.4358,"05170","Wesel",2002
0.44873,"05170","Wesel",2003
0.46283,"05170","Wesel",2004
0.43024,"05170","Wesel",2005
0.42879,"05170","Wesel",2006
0.44068,"05170","Wesel",2007
0.45014,"05170","Wesel",2008
0.482,"05170","Wesel",2009
0.45786,"05170","Wesel",2010
0.47871,"05170","Wesel",2011
0.49158,"05170","Wesel",2012
0.50027,"05170","Wesel",2013
0.48119,"05170","Wesel",2014
0.47598,"05170","Wesel",2015
0.42974,"05170","Wesel",2016
0.45388,"05170","Wesel",2017
0.46317,"05170","Wesel",2018
0.45272,"05170","Wesel",2019
0.45403,"05170","Wesel",2020
0.44202,"05170","Wesel",2021
0,"05314","Bonn, Stadt",1998
0,"05314","Bonn, Stadt",1999
0,"05314","Bonn, Stadt",2000
0,"05314","Bonn, Stadt",2001
0,"05314","Bonn, Stadt",2002
0,"05314","Bonn, Stadt",2003
0,"05314","Bonn, Stadt",2004
0,"05314","Bonn, Stadt",2005
0,"05314","Bonn, Stadt",2006
0,"05314","Bonn, Stadt",2007
0.01014,"05314","Bonn, Stadt",2008
0,"05314","Bonn, Stadt",2009
0,"05314","Bonn, Stadt",2010
0,"05314","Bonn, Stadt",2011
0,"05314","Bonn, Stadt",2012
0,"05314","Bonn, Stadt",2013
0,"05314","Bonn, Stadt",2014
0,"05314","Bonn, Stadt",2015
0,"05314","Bonn, Stadt",2016
0.01639,"05314","Bonn, Stadt",2017
0.00153,"05314","Bonn, Stadt",2018
0.02283,"05314","Bonn, Stadt",2019
0.03639,"05314","Bonn, Stadt",2020
0.06059,"05314","Bonn, Stadt",2021
0.32789,"05315","Köln, Stadt",1998
0.30127,"05315","Köln, Stadt",1999
0.27181,"05315","Köln, Stadt",2000
0.26454,"05315","Köln, Stadt",2001
0.30437,"05315","Köln, Stadt",2002
0.30395,"05315","Köln, Stadt",2003
0.30529,"05315","Köln, Stadt",2004
0.31858,"05315","Köln, Stadt",2005
0.30465,"05315","Köln, Stadt",2006
0.31414,"05315","Köln, Stadt",2007
0.29396,"05315","Köln, Stadt",2008
0.28213,"05315","Köln, Stadt",2009
0.29047,"05315","Köln, Stadt",2010
0.31692,"05315","Köln, Stadt",2011
0.26617,"05315","Köln, Stadt",2012
0.26426,"05315","Köln, Stadt",2013
0.24083,"05315","Köln, Stadt",2014
0.23103,"05315","Köln, Stadt",2015
0.19365,"05315","Köln, Stadt",2016
0.1937,"05315","Köln, Stadt",2017
0.20318,"05315","Köln, Stadt",2018
0.20613,"05315","Köln, Stadt",2019
0.20516,"05315","Köln, Stadt",2020
0.19436,"05315","Köln, Stadt",2021
0.26077,"05316","Leverkusen, Stadt",1998
0.25181,"05316","Leverkusen, Stadt",1999
0.23199,"05316","Leverkusen, Stadt",2000
0.21198,"05316","Leverkusen, Stadt",2001
0.27712,"05316","Leverkusen, Stadt",2002
0.32539,"05316","Leverkusen, Stadt",2003
0.29711,"05316","Leverkusen, Stadt",2004
0.30711,"05316","Leverkusen, Stadt",2005
0.3029,"05316","Leverkusen, Stadt",2006
0.28687,"05316","Leverkusen, Stadt",2007
0.29574,"05316","Leverkusen, Stadt",2008
0.28523,"05316","Leverkusen, Stadt",2009
0.29019,"05316","Leverkusen, Stadt",2010
0.2756,"05316","Leverkusen, Stadt",2011
0.27106,"05316","Leverkusen, Stadt",2012
0.34569,"05316","Leverkusen, Stadt",2013
0.29957,"05316","Leverkusen, Stadt",2014
0.33182,"05316","Leverkusen, Stadt",2015
0.28387,"05316","Leverkusen, Stadt",2016
0.30739,"05316","Leverkusen, Stadt",2017
0.33134,"05316","Leverkusen, Stadt",2018
0.33239,"05316","Leverkusen, Stadt",2019
0.36065,"05316","Leverkusen, Stadt",2020
0.36432,"05316","Leverkusen, Stadt",2021
0.57217,"05334","Städteregion Aachen",1998
0.5348,"05334","Städteregion Aachen",1999
0.51204,"05334","Städteregion Aachen",2000
0.5091,"05334","Städteregion Aachen",2001
0.52547,"05334","Städteregion Aachen",2002
0.53873,"05334","Städteregion Aachen",2003
0.54089,"05334","Städteregion Aachen",2004
0.54881,"05334","Städteregion Aachen",2005
0.5464,"05334","Städteregion Aachen",2006
0.5393,"05334","Städteregion Aachen",2007
0.53805,"05334","Städteregion Aachen",2008
0.54494,"05334","Städteregion Aachen",2009
0.53032,"05334","Städteregion Aachen",2010
0.50435,"05334","Städteregion Aachen",2011
0.4639,"05334","Städteregion Aachen",2012
0.47506,"05334","Städteregion Aachen",2013
0.44692,"05334","Städteregion Aachen",2014
0.44364,"05334","Städteregion Aachen",2015
0.39337,"05334","Städteregion Aachen",2016
0.41015,"05334","Städteregion Aachen",2017
0.44108,"05334","Städteregion Aachen",2018
0.43447,"05334","Städteregion Aachen",2019
0.42104,"05334","Städteregion Aachen",2020
0.41148,"05334","Städteregion Aachen",2021
0.59541,"05358","Düren",1998
0.58233,"05358","Düren",1999
0.5901,"05358","Düren",2000
0.62191,"05358","Düren",2001
0.64288,"05358","Düren",2002
0.61069,"05358","Düren",2003
0.62109,"05358","Düren",2004
0.58961,"05358","Düren",2005
0.58711,"05358","Düren",2006
0.56559,"05358","Düren",2007
0.56391,"05358","Düren",2008
0.60017,"05358","Düren",2009
0.6105,"05358","Düren",2010
0.58418,"05358","Düren",2011
0.58027,"05358","Düren",2012
0.58899,"05358","Düren",2013
0.55217,"05358","Düren",2014
0.57861,"05358","Düren",2015
0.51303,"05358","Düren",2016
0.55202,"05358","Düren",2017
0.59322,"05358","Düren",2018
0.55648,"05358","Düren",2019
0.57612,"05358","Düren",2020
0.52319,"05358","Düren",2021
0.35121,"05362","Rhein-Erft-Kreis",1998
0.34057,"05362","Rhein-Erft-Kreis",1999
0.3293,"05362","Rhein-Erft-Kreis",2000
0.34904,"05362","Rhein-Erft-Kreis",2001
0.34448,"05362","Rhein-Erft-Kreis",2002
0.35484,"05362","Rhein-Erft-Kreis",2003
0.36879,"05362","Rhein-Erft-Kreis",2004
0.35482,"05362","Rhein-Erft-Kreis",2005
0.36064,"05362","Rhein-Erft-Kreis",2006
0.37495,"05362","Rhein-Erft-Kreis",2007
0.36127,"05362","Rhein-Erft-Kreis",2008
0.41319,"05362","Rhein-Erft-Kreis",2009
0.39147,"05362","Rhein-Erft-Kreis",2010
0.40597,"05362","Rhein-Erft-Kreis",2011
0.39936,"05362","Rhein-Erft-Kreis",2012
0.39117,"05362","Rhein-Erft-Kreis",2013
0.38591,"05362","Rhein-Erft-Kreis",2014
0.35903,"05362","Rhein-Erft-Kreis",2015
0.33926,"05362","Rhein-Erft-Kreis",2016
0.35541,"05362","Rhein-Erft-Kreis",2017
0.36611,"05362","Rhein-Erft-Kreis",2018
0.35678,"05362","Rhein-Erft-Kreis",2019
0.3587,"05362","Rhein-Erft-Kreis",2020
0.33821,"05362","Rhein-Erft-Kreis",2021
0.54833,"05366","Euskirchen",1998
0.53653,"05366","Euskirchen",1999
0.54367,"05366","Euskirchen",2000
0.51655,"05366","Euskirchen",2001
0.54718,"05366","Euskirchen",2002
0.5466,"05366","Euskirchen",2003
0.53989,"05366","Euskirchen",2004
0.50566,"05366","Euskirchen",2005
0.48833,"05366","Euskirchen",2006
0.51666,"05366","Euskirchen",2007
0.52617,"05366","Euskirchen",2008
0.58939,"05366","Euskirchen",2009
0.52551,"05366","Euskirchen",2010
0.55143,"05366","Euskirchen",2011
0.56687,"05366","Euskirchen",2012
0.56784,"05366","Euskirchen",2013
0.55049,"05366","Euskirchen",2014
0.54315,"05366","Euskirchen",2015
0.48266,"05366","Euskirchen",2016
0.49822,"05366","Euskirchen",2017
0.53544,"05366","Euskirchen",2018
0.52137,"05366","Euskirchen",2019
0.51652,"05366","Euskirchen",2020
0.49528,"05366","Euskirchen",2021
0.8171,"05370","Heinsberg",1998
0.78043,"05370","Heinsberg",1999
0.793,"05370","Heinsberg",2000
0.80935,"05370","Heinsberg",2001
0.81841,"05370","Heinsberg",2002
0.80811,"05370","Heinsberg",2003
0.8113,"05370","Heinsberg",2004
0.78029,"05370","Heinsberg",2005
0.77225,"05370","Heinsberg",2006
0.76851,"05370","Heinsberg",2007
0.7886,"05370","Heinsberg",2008
0.81598,"05370","Heinsberg",2009
0.7678,"05370","Heinsberg",2010
0.73677,"05370","Heinsberg",2011
0.75721,"05370","Heinsberg",2012
0.71105,"05370","Heinsberg",2013
0.67581,"05370","Heinsberg",2014
0.66626,"05370","Heinsberg",2015
0.62007,"05370","Heinsberg",2016
0.6142,"05370","Heinsberg",2017
0.62341,"05370","Heinsberg",2018
0.59028,"05370","Heinsberg",2019
0.62364,"05370","Heinsberg",2020
0.57574,"05370","Heinsberg",2021
0.50785,"05374","Oberbergischer Kreis",1998
0.50468,"05374","Oberbergischer Kreis",1999
0.53569,"05374","Oberbergischer Kreis",2000
0.53375,"05374","Oberbergischer Kreis",2001
0.56388,"05374","Oberbergischer Kreis",2002
0.55371,"05374","Oberbergischer Kreis",2003
0.53353,"05374","Oberbergischer Kreis",2004
0.49424,"05374","Oberbergischer Kreis",2005
0.47125,"05374","Oberbergischer Kreis",2006
0.43517,"05374","Oberbergischer Kreis",2007
0.43717,"05374","Oberbergischer Kreis",2008
0.52723,"05374","Oberbergischer Kreis",2009
0.4897,"05374","Oberbergischer Kreis",2010
0.48098,"05374","Oberbergischer Kreis",2011
0.43267,"05374","Oberbergischer Kreis",2012
0.45678,"05374","Oberbergischer Kreis",2013
0.41672,"05374","Oberbergischer Kreis",2014
0.42395,"05374","Oberbergischer Kreis",2015
0.39502,"05374","Oberbergischer Kreis",2016
0.40949,"05374","Oberbergischer Kreis",2017
0.39974,"05374","Oberbergischer Kreis",2018
0.40483,"05374","Oberbergischer Kreis",2019
0.42436,"05374","Oberbergischer Kreis",2020
0.41586,"05374","Oberbergischer Kreis",2021
0.10751,"05378","Rheinisch-Bergischer Kreis",1998
0.11487,"05378","Rheinisch-Bergischer Kreis",1999
0.10942,"05378","Rheinisch-Bergischer Kreis",2000
0.0783,"05378","Rheinisch-Bergischer Kreis",2001
0.06446,"05378","Rheinisch-Bergischer Kreis",2002
0.09236,"05378","Rheinisch-Bergischer Kreis",2003
0.12006,"05378","Rheinisch-Bergischer Kreis",2004
0.11802,"05378","Rheinisch-Bergischer Kreis",2005
0.08245,"05378","Rheinisch-Bergischer Kreis",2006
0.0902,"05378","Rheinisch-Bergischer Kreis",2007
0.10182,"05378","Rheinisch-Bergischer Kreis",2008
0.16429,"05378","Rheinisch-Bergischer Kreis",2009
0.12894,"05378","Rheinisch-Bergischer Kreis",2010
0.18191,"05378","Rheinisch-Bergischer Kreis",2011
0.19884,"05378","Rheinisch-Bergischer Kreis",2012
0.18994,"05378","Rheinisch-Bergischer Kreis",2013
0.17309,"05378","Rheinisch-Bergischer Kreis",2014
0.18841,"05378","Rheinisch-Bergischer Kreis",2015
0.18249,"05378","Rheinisch-Bergischer Kreis",2016
0.17999,"05378","Rheinisch-Bergischer Kreis",2017
0.20375,"05378","Rheinisch-Bergischer Kreis",2018
0.1998,"05378","Rheinisch-Bergischer Kreis",2019
0.20293,"05378","Rheinisch-Bergischer Kreis",2020
0.20769,"05378","Rheinisch-Bergischer Kreis",2021
0.32753,"05382","Rhein-Sieg-Kreis",1998
0.32815,"05382","Rhein-Sieg-Kreis",1999
0.33311,"05382","Rhein-Sieg-Kreis",2000
0.32258,"05382","Rhein-Sieg-Kreis",2001
0.31806,"05382","Rhein-Sieg-Kreis",2002
0.32111,"05382","Rhein-Sieg-Kreis",2003
0.34437,"05382","Rhein-Sieg-Kreis",2004
0.31662,"05382","Rhein-Sieg-Kreis",2005
0.30751,"05382","Rhein-Sieg-Kreis",2006
0.29535,"05382","Rhein-Sieg-Kreis",2007
0.35278,"05382","Rhein-Sieg-Kreis",2008
0.3612,"05382","Rhein-Sieg-Kreis",2009
0.31865,"05382","Rhein-Sieg-Kreis",2010
0.34597,"05382","Rhein-Sieg-Kreis",2011
0.34237,"05382","Rhein-Sieg-Kreis",2012
0.36492,"05382","Rhein-Sieg-Kreis",2013
0.32982,"05382","Rhein-Sieg-Kreis",2014
0.32337,"05382","Rhein-Sieg-Kreis",2015
0.28333,"05382","Rhein-Sieg-Kreis",2016
0.31456,"05382","Rhein-Sieg-Kreis",2017
0.30704,"05382","Rhein-Sieg-Kreis",2018
0.31645,"05382","Rhein-Sieg-Kreis",2019
0.32305,"05382","Rhein-Sieg-Kreis",2020
0.3077,"05382","Rhein-Sieg-Kreis",2021
0.65273,"05512","Bottrop, Stadt",1998
0.63914,"05512","Bottrop, Stadt",1999
0.59624,"05512","Bottrop, Stadt",2000
0.63527,"05512","Bottrop, Stadt",2001
0.65763,"05512","Bottrop, Stadt",2002
0.64517,"05512","Bottrop, Stadt",2003
0.6734,"05512","Bottrop, Stadt",2004
0.63463,"05512","Bottrop, Stadt",2005
0.57365,"05512","Bottrop, Stadt",2006
0.60868,"05512","Bottrop, Stadt",2007
0.66618,"05512","Bottrop, Stadt",2008
0.64043,"05512","Bottrop, Stadt",2009
0.60331,"05512","Bottrop, Stadt",2010
0.61808,"05512","Bottrop, Stadt",2011
0.6662,"05512","Bottrop, Stadt",2012
0.59929,"05512","Bottrop, Stadt",2013
0.55523,"05512","Bottrop, Stadt",2014
0.56966,"05512","Bottrop, Stadt",2015
0.51764,"05512","Bottrop, Stadt",2016
0.57222,"05512","Bottrop, Stadt",2017
0.56982,"05512","Bottrop, Stadt",2018
0.56451,"05512","Bottrop, Stadt",2019
0.54722,"05512","Bottrop, Stadt",2020
0.54631,"05512","Bottrop, Stadt",2021
1,"05513","Gelsenkirchen, Stadt",1998
1,"05513","Gelsenkirchen, Stadt",1999
1,"05513","Gelsenkirchen, Stadt",2000
1,"05513","Gelsenkirchen, Stadt",2001
1,"05513","Gelsenkirchen, Stadt",2002
1,"05513","Gelsenkirchen, Stadt",2003
1,"05513","Gelsenkirchen, Stadt",2004
1,"05513","Gelsenkirchen, Stadt",2005
1,"05513","Gelsenkirchen, Stadt",2006
1,"05513","Gelsenkirchen, Stadt",2007
1,"05513","Gelsenkirchen, Stadt",2008
1,"05513","Gelsenkirchen, Stadt",2009
1,"05513","Gelsenkirchen, Stadt",2010
1,"05513","Gelsenkirchen, Stadt",2011
1,"05513","Gelsenkirchen, Stadt",2012
1,"05513","Gelsenkirchen, Stadt",2013
1,"05513","Gelsenkirchen, Stadt",2014
1,"05513","Gelsenkirchen, Stadt",2015
1,"05513","Gelsenkirchen, Stadt",2016
1,"05513","Gelsenkirchen, Stadt",2017
1,"05513","Gelsenkirchen, Stadt",2018
1,"05513","Gelsenkirchen, Stadt",2019
1,"05513","Gelsenkirchen, Stadt",2020
1,"05513","Gelsenkirchen, Stadt",2021
0.03916,"05515","Münster, Stadt",1998
0.04084,"05515","Münster, Stadt",1999
0.04255,"05515","Münster, Stadt",2000
0.04522,"05515","Münster, Stadt",2001
0.03615,"05515","Münster, Stadt",2002
0.0336,"05515","Münster, Stadt",2003
0.05316,"05515","Münster, Stadt",2004
0.02219,"05515","Münster, Stadt",2005
0.01379,"05515","Münster, Stadt",2006
0.02973,"05515","Münster, Stadt",2007
0,"05515","Münster, Stadt",2008
0.06967,"05515","Münster, Stadt",2009
0.02796,"05515","Münster, Stadt",2010
0.13612,"05515","Münster, Stadt",2011
0.09314,"05515","Münster, Stadt",2012
0.10234,"05515","Münster, Stadt",2013
0.07363,"05515","Münster, Stadt",2014
0.10038,"05515","Münster, Stadt",2015
0.07867,"05515","Münster, Stadt",2016
0.10106,"05515","Münster, Stadt",2017
0.11441,"05515","Münster, Stadt",2018
0.11978,"05515","Münster, Stadt",2019
0.12066,"05515","Münster, Stadt",2020
0.12023,"05515","Münster, Stadt",2021
0.43455,"05554","Borken",1998
0.4553,"05554","Borken",1999
0.48417,"05554","Borken",2000
0.4953,"05554","Borken",2001
0.48985,"05554","Borken",2002
0.49602,"05554","Borken",2003
0.52949,"05554","Borken",2004
0.46235,"05554","Borken",2005
0.45123,"05554","Borken",2006
0.39952,"05554","Borken",2007
0.46124,"05554","Borken",2008
0.50797,"05554","Borken",2009
0.47115,"05554","Borken",2010
0.46307,"05554","Borken",2011
0.47963,"05554","Borken",2012
0.47582,"05554","Borken",2013
0.44109,"05554","Borken",2014
0.44158,"05554","Borken",2015
0.41223,"05554","Borken",2016
0.43715,"05554","Borken",2017
0.42664,"05554","Borken",2018
0.41905,"05554","Borken",2019
0.41997,"05554","Borken",2020
0.4005,"05554","Borken",2021
0.21932,"05558","Coesfeld",1998
0.23414,"05558","Coesfeld",1999
0.26029,"05558","Coesfeld",2000
0.27664,"05558","Coesfeld",2001
0.24191,"05558","Coesfeld",2002
0.25552,"05558","Coesfeld",2003
0.27331,"05558","Coesfeld",2004
0.24982,"05558","Coesfeld",2005
0.23952,"05558","Coesfeld",2006
0.20212,"05558","Coesfeld",2007
0.23127,"05558","Coesfeld",2008
0.25757,"05558","Coesfeld",2009
0.21658,"05558","Coesfeld",2010
0.26154,"05558","Coesfeld",2011
0.26678,"05558","Coesfeld",2012
0.27356,"05558","Coesfeld",2013
0.25277,"05558","Coesfeld",2014
0.28,"05558","Coesfeld",2015
0.24642,"05558","Coesfeld",2016
0.26533,"05558","Coesfeld",2017
0.26092,"05558","Coesfeld",2018
0.2758,"05558","Coesfeld",2019
0.28634,"05558","Coesfeld",2020
0.27062,"05558","Coesfeld",2021
0.61656,"05562","Recklinghausen",1998
0.61685,"05562","Recklinghausen",1999
0.61171,"05562","Recklinghausen",2000
0.65199,"05562","Recklinghausen",2001
0.62555,"05562","Recklinghausen",2002
0.61177,"05562","Recklinghausen",2003
0.61093,"05562","Recklinghausen",2004
0.55776,"05562","Recklinghausen",2005
0.57863,"05562","Recklinghausen",2006
0.58859,"05562","Recklinghausen",2007
0.60624,"05562","Recklinghausen",2008
0.6238,"05562","Recklinghausen",2009
0.62828,"05562","Recklinghausen",2010
0.64252,"05562","Recklinghausen",2011
0.63548,"05562","Recklinghausen",2012
0.64888,"05562","Recklinghausen",2013
0.63443,"05562","Recklinghausen",2014
0.62147,"05562","Recklinghausen",2015
0.56665,"05562","Recklinghausen",2016
0.60835,"05562","Recklinghausen",2017
0.62045,"05562","Recklinghausen",2018
0.58278,"05562","Recklinghausen",2019
0.58846,"05562","Recklinghausen",2020
0.56842,"05562","Recklinghausen",2021
0.39613,"05566","Steinfurt",1998
0.43647,"05566","Steinfurt",1999
0.46504,"05566","Steinfurt",2000
0.43485,"05566","Steinfurt",2001
0.42766,"05566","Steinfurt",2002
0.42363,"05566","Steinfurt",2003
0.40078,"05566","Steinfurt",2004
0.37779,"05566","Steinfurt",2005
0.35345,"05566","Steinfurt",2006
0.36559,"05566","Steinfurt",2007
0.37369,"05566","Steinfurt",2008
0.41987,"05566","Steinfurt",2009
0.41477,"05566","Steinfurt",2010
0.41826,"05566","Steinfurt",2011
0.45161,"05566","Steinfurt",2012
0.4384,"05566","Steinfurt",2013
0.44684,"05566","Steinfurt",2014
0.43064,"05566","Steinfurt",2015
0.39923,"05566","Steinfurt",2016
0.44395,"05566","Steinfurt",2017
0.41515,"05566","Steinfurt",2018
0.40937,"05566","Steinfurt",2019
0.42716,"05566","Steinfurt",2020
0.39133,"05566","Steinfurt",2021
0.34103,"05570","Warendorf",1998
0.35221,"05570","Warendorf",1999
0.3895,"05570","Warendorf",2000
0.38367,"05570","Warendorf",2001
0.42442,"05570","Warendorf",2002
0.41925,"05570","Warendorf",2003
0.40758,"05570","Warendorf",2004
0.36449,"05570","Warendorf",2005
0.33397,"05570","Warendorf",2006
0.25647,"05570","Warendorf",2007
0.28795,"05570","Warendorf",2008
0.35237,"05570","Warendorf",2009
0.34556,"05570","Warendorf",2010
0.35916,"05570","Warendorf",2011
0.37355,"05570","Warendorf",2012
0.36633,"05570","Warendorf",2013
0.33964,"05570","Warendorf",2014
0.37573,"05570","Warendorf",2015
0.3477,"05570","Warendorf",2016
0.38416,"05570","Warendorf",2017
0.37244,"05570","Warendorf",2018
0.36749,"05570","Warendorf",2019
0.36949,"05570","Warendorf",2020
0.36331,"05570","Warendorf",2021
0.4995,"05711","Bielefeld, Stadt",1998
0.49209,"05711","Bielefeld, Stadt",1999
0.46499,"05711","Bielefeld, Stadt",2000
0.46762,"05711","Bielefeld, Stadt",2001
0.44794,"05711","Bielefeld, Stadt",2002
0.49567,"05711","Bielefeld, Stadt",2003
0.4589,"05711","Bielefeld, Stadt",2004
0.46416,"05711","Bielefeld, Stadt",2005
0.43452,"05711","Bielefeld, Stadt",2006
0.42927,"05711","Bielefeld, Stadt",2007
0.44144,"05711","Bielefeld, Stadt",2008
0.50617,"05711","Bielefeld, Stadt",2009
0.46287,"05711","Bielefeld, Stadt",2010
0.48284,"05711","Bielefeld, Stadt",2011
0.51279,"05711","Bielefeld, Stadt",2012
0.50092,"05711","Bielefeld, Stadt",2013
0.45884,"05711","Bielefeld, Stadt",2014
0.4697,"05711","Bielefeld, Stadt",2015
0.39808,"05711","Bielefeld, Stadt",2016
0.46075,"05711","Bielefeld, Stadt",2017
0.46499,"05711","Bielefeld, Stadt",2018
0.45523,"05711","Bielefeld, Stadt",2019
0.47835,"05711","Bielefeld, Stadt",2020
0.45393,"05711","Bielefeld, Stadt",2021
0.33315,"05754","Gütersloh",1998
0.32137,"05754","Gütersloh",1999
0.33653,"05754","Gütersloh",2000
0.34883,"05754","Gütersloh",2001
0.32962,"05754","Gütersloh",2002
0.3384,"05754","Gütersloh",2003
0.35104,"05754","Gütersloh",2004
0.29555,"05754","Gütersloh",2005
0.24187,"05754","Gütersloh",2006
0.24208,"05754","Gütersloh",2007
0.27216,"05754","Gütersloh",2008
0.32879,"05754","Gütersloh",2009
0.3252,"05754","Gütersloh",2010
0.35184,"05754","Gütersloh",2011
0.34634,"05754","Gütersloh",2012
0.36237,"05754","Gütersloh",2013
0.35346,"05754","Gütersloh",2014
0.34314,"05754","Gütersloh",2015
0.3257,"05754","Gütersloh",2016
0.37671,"05754","Gütersloh",2017
0.36764,"05754","Gütersloh",2018
0.36065,"05754","Gütersloh",2019
0.36376,"05754","Gütersloh",2020
0.34063,"05754","Gütersloh",2021
0.4162,"05758","Herford",1998
0.40613,"05758","Herford",1999
0.37085,"05758","Herford",2000
0.40162,"05758","Herford",2001
0.38308,"05758","Herford",2002
0.39596,"05758","Herford",2003
0.39419,"05758","Herford",2004
0.39702,"05758","Herford",2005
0.37129,"05758","Herford",2006
0.3788,"05758","Herford",2007
0.37545,"05758","Herford",2008
0.45217,"05758","Herford",2009
0.42564,"05758","Herford",2010
0.44971,"05758","Herford",2011
0.47792,"05758","Herford",2012
0.47738,"05758","Herford",2013
0.4453,"05758","Herford",2014
0.46171,"05758","Herford",2015
0.40279,"05758","Herford",2016
0.43697,"05758","Herford",2017
0.45142,"05758","Herford",2018
0.44647,"05758","Herford",2019
0.46044,"05758","Herford",2020
0.45293,"05758","Herford",2021
0.50851,"05762","Höxter",1998
0.50858,"05762","Höxter",1999
0.5449,"05762","Höxter",2000
0.551,"05762","Höxter",2001
0.58987,"05762","Höxter",2002
0.59503,"05762","Höxter",2003
0.55993,"05762","Höxter",2004
0.51918,"05762","Höxter",2005
0.51116,"05762","Höxter",2006
0.48471,"05762","Höxter",2007
0.50184,"05762","Höxter",2008
0.57837,"05762","Höxter",2009
0.51156,"05762","Höxter",2010
0.51053,"05762","Höxter",2011
0.52616,"05762","Höxter",2012
0.51128,"05762","Höxter",2013
0.50974,"05762","Höxter",2014
0.50041,"05762","Höxter",2015
0.47433,"05762","Höxter",2016
0.46491,"05762","Höxter",2017
0.44985,"05762","Höxter",2018
0.45012,"05762","Höxter",2019
0.44522,"05762","Höxter",2020
0.42681,"05762","Höxter",2021
0.4109,"05766","Lippe",1998
0.42699,"05766","Lippe",1999
0.4488,"05766","Lippe",2000
0.48265,"05766","Lippe",2001
0.50674,"05766","Lippe",2002
0.50086,"05766","Lippe",2003
0.47903,"05766","Lippe",2004
0.44957,"05766","Lippe",2005
0.41513,"05766","Lippe",2006
0.37743,"05766","Lippe",2007
0.39366,"05766","Lippe",2008
0.49726,"05766","Lippe",2009
0.44071,"05766","Lippe",2010
0.46087,"05766","Lippe",2011
0.46853,"05766","Lippe",2012
0.47197,"05766","Lippe",2013
0.44182,"05766","Lippe",2014
0.45051,"05766","Lippe",2015
0.40095,"05766","Lippe",2016
0.41853,"05766","Lippe",2017
0.41992,"05766","Lippe",2018
0.41711,"05766","Lippe",2019
0.45038,"05766","Lippe",2020
0.42973,"05766","Lippe",2021
0.48992,"05770","Minden-Lübbecke",1998
0.47607,"05770","Minden-Lübbecke",1999
0.46355,"05770","Minden-Lübbecke",2000
0.44239,"05770","Minden-Lübbecke",2001
0.48415,"05770","Minden-Lübbecke",2002
0.47857,"05770","Minden-Lübbecke",2003
0.4703,"05770","Minden-Lübbecke",2004
0.43964,"05770","Minden-Lübbecke",2005
0.39813,"05770","Minden-Lübbecke",2006
0.41,"05770","Minden-Lübbecke",2007
0.41413,"05770","Minden-Lübbecke",2008
0.49506,"05770","Minden-Lübbecke",2009
0.46013,"05770","Minden-Lübbecke",2010
0.47762,"05770","Minden-Lübbecke",2011
0.47836,"05770","Minden-Lübbecke",2012
0.45678,"05770","Minden-Lübbecke",2013
0.44779,"05770","Minden-Lübbecke",2014
0.45641,"05770","Minden-Lübbecke",2015
0.41383,"05770","Minden-Lübbecke",2016
0.45447,"05770","Minden-Lübbecke",2017
0.44443,"05770","Minden-Lübbecke",2018
0.44855,"05770","Minden-Lübbecke",2019
0.45353,"05770","Minden-Lübbecke",2020
0.43337,"05770","Minden-Lübbecke",2021
0.46241,"05774","Paderborn",1998
0.47412,"05774","Paderborn",1999
0.47863,"05774","Paderborn",2000
0.47962,"05774","Paderborn",2001
0.4978,"05774","Paderborn",2002
0.48101,"05774","Paderborn",2003
0.48738,"05774","Paderborn",2004
0.4437,"05774","Paderborn",2005
0.42566,"05774","Paderborn",2006
0.39953,"05774","Paderborn",2007
0.39915,"05774","Paderborn",2008
0.46603,"05774","Paderborn",2009
0.4365,"05774","Paderborn",2010
0.44204,"05774","Paderborn",2011
0.42636,"05774","Paderborn",2012
0.43044,"05774","Paderborn",2013
0.43226,"05774","Paderborn",2014
0.41651,"05774","Paderborn",2015
0.38749,"05774","Paderborn",2016
0.38472,"05774","Paderborn",2017
0.37959,"05774","Paderborn",2018
0.3888,"05774","Paderborn",2019
0.39781,"05774","Paderborn",2020
0.37057,"05774","Paderborn",2021
0.494,"05911","Bochum, Stadt",1998
0.48074,"05911","Bochum, Stadt",1999
0.46588,"05911","Bochum, Stadt",2000
0.47554,"05911","Bochum, Stadt",2001
0.44962,"05911","Bochum, Stadt",2002
0.47034,"05911","Bochum, Stadt",2003
0.48031,"05911","Bochum, Stadt",2004
0.45868,"05911","Bochum, Stadt",2005
0.45899,"05911","Bochum, Stadt",2006
0.46091,"05911","Bochum, Stadt",2007
0.47162,"05911","Bochum, Stadt",2008
0.51479,"05911","Bochum, Stadt",2009
0.44523,"05911","Bochum, Stadt",2010
0.48974,"05911","Bochum, Stadt",2011
0.49885,"05911","Bochum, Stadt",2012
0.49096,"05911","Bochum, Stadt",2013
0.4842,"05911","Bochum, Stadt",2014
0.47583,"05911","Bochum, Stadt",2015
0.44481,"05911","Bochum, Stadt",2016
0.48491,"05911","Bochum, Stadt",2017
0.48103,"05911","Bochum, Stadt",2018
0.48991,"05911","Bochum, Stadt",2019
0.50181,"05911","Bochum, Stadt",2020
0.45858,"05911","Bochum, Stadt",2021
0.682,"05913","Dortmund, Stadt",1998
0.65052,"05913","Dortmund, Stadt",1999
0.61458,"05913","Dortmund, Stadt",2000
0.62432,"05913","Dortmund, Stadt",2001
0.61676,"05913","Dortmund, Stadt",2002
0.61842,"05913","Dortmund, Stadt",2003
0.63544,"05913","Dortmund, Stadt",2004
0.60551,"05913","Dortmund, Stadt",2005
0.63398,"05913","Dortmund, Stadt",2006
0.62734,"05913","Dortmund, Stadt",2007
0.63591,"05913","Dortmund, Stadt",2008
0.67981,"05913","Dortmund, Stadt",2009
0.6521,"05913","Dortmund, Stadt",2010
0.65686,"05913","Dortmund, Stadt",2011
0.67808,"05913","Dortmund, Stadt",2012
0.67082,"05913","Dortmund, Stadt",2013
0.64262,"05913","Dortmund, Stadt",2014
0.62813,"05913","Dortmund, Stadt",2015
0.5559,"05913","Dortmund, Stadt",2016
0.59968,"05913","Dortmund, Stadt",2017
0.61374,"05913","Dortmund, Stadt",2018
0.60882,"05913","Dortmund, Stadt",2019
0.61583,"05913","Dortmund, Stadt",2020
0.59117,"05913","Dortmund, Stadt",2021
0.80726,"05914","Hagen, Stadt",1998
0.76736,"05914","Hagen, Stadt",1999
0.73599,"05914","Hagen, Stadt",2000
0.73431,"05914","Hagen, Stadt",2001
0.69925,"05914","Hagen, Stadt",2002
0.71808,"05914","Hagen, Stadt",2003
0.69528,"05914","Hagen, Stadt",2004
0.68342,"05914","Hagen, Stadt",2005
0.69804,"05914","Hagen, Stadt",2006
0.73149,"05914","Hagen, Stadt",2007
0.73132,"05914","Hagen, Stadt",2008
0.78871,"05914","Hagen, Stadt",2009
0.77875,"05914","Hagen, Stadt",2010
0.73052,"05914","Hagen, Stadt",2011
0.75144,"05914","Hagen, Stadt",2012
0.73258,"05914","Hagen, Stadt",2013
0.72889,"05914","Hagen, Stadt",2014
0.73379,"05914","Hagen, Stadt",2015
0.70959,"05914","Hagen, Stadt",2016
0.74654,"05914","Hagen, Stadt",2017
0.7771,"05914","Hagen, Stadt",2018
0.77245,"05914","Hagen, Stadt",2019
0.80231,"05914","Hagen, Stadt",2020
0.7701,"05914","Hagen, Stadt",2021
0.85152,"05915","Hamm, Stadt",1998
0.85908,"05915","Hamm, Stadt",1999
0.7873,"05915","Hamm, Stadt",2000
0.81713,"05915","Hamm, Stadt",2001
0.83192,"05915","Hamm, Stadt",2002
0.86216,"05915","Hamm, Stadt",2003
0.85301,"05915","Hamm, Stadt",2004
0.78622,"05915","Hamm, Stadt",2005
0.82428,"05915","Hamm, Stadt",2006
0.80076,"05915","Hamm, Stadt",2007
0.81722,"05915","Hamm, Stadt",2008
0.84965,"05915","Hamm, Stadt",2009
0.82956,"05915","Hamm, Stadt",2010
0.81435,"05915","Hamm, Stadt",2011
0.82846,"05915","Hamm, Stadt",2012
0.83866,"05915","Hamm, Stadt",2013
0.79383,"05915","Hamm, Stadt",2014
0.78817,"05915","Hamm, Stadt",2015
0.74456,"05915","Hamm, Stadt",2016
0.77211,"05915","Hamm, Stadt",2017
0.80431,"05915","Hamm, Stadt",2018
0.77433,"05915","Hamm, Stadt",2019
0.74479,"05915","Hamm, Stadt",2020
0.72398,"05915","Hamm, Stadt",2021
0.92695,"05916","Herne, Stadt",1998
0.86798,"05916","Herne, Stadt",1999
0.84326,"05916","Herne, Stadt",2000
0.85924,"05916","Herne, Stadt",2001
0.86803,"05916","Herne, Stadt",2002
0.88717,"05916","Herne, Stadt",2003
0.82578,"05916","Herne, Stadt",2004
0.79418,"05916","Herne, Stadt",2005
0.82307,"05916","Herne, Stadt",2006
0.80834,"05916","Herne, Stadt",2007
0.81407,"05916","Herne, Stadt",2008
0.86227,"05916","Herne, Stadt",2009
0.87077,"05916","Herne, Stadt",2010
0.84077,"05916","Herne, Stadt",2011
0.89665,"05916","Herne, Stadt",2012
0.88298,"05916","Herne, Stadt",2013
0.8217,"05916","Herne, Stadt",2014
0.85859,"05916","Herne, Stadt",2015
0.7928,"05916","Herne, Stadt",2016
0.87143,"05916","Herne, Stadt",2017
0.89851,"05916","Herne, Stadt",2018
0.86438,"05916","Herne, Stadt",2019
0.87215,"05916","Herne, Stadt",2020
0.87008,"05916","Herne, Stadt",2021
0.30475,"05954","Ennepe-Ruhr-Kreis",1998
0.29632,"05954","Ennepe-Ruhr-Kreis",1999
0.32197,"05954","Ennepe-Ruhr-Kreis",2000
0.32049,"05954","Ennepe-Ruhr-Kreis",2001
0.28489,"05954","Ennepe-Ruhr-Kreis",2002
0.29443,"05954","Ennepe-Ruhr-Kreis",2003
0.29393,"05954","Ennepe-Ruhr-Kreis",2004
0.24616,"05954","Ennepe-Ruhr-Kreis",2005
0.25097,"05954","Ennepe-Ruhr-Kreis",2006
0.23087,"05954","Ennepe-Ruhr-Kreis",2007
0.27262,"05954","Ennepe-Ruhr-Kreis",2008
0.32497,"05954","Ennepe-Ruhr-Kreis",2009
0.29039,"05954","Ennepe-Ruhr-Kreis",2010
0.30406,"05954","Ennepe-Ruhr-Kreis",2011
0.32967,"05954","Ennepe-Ruhr-Kreis",2012
0.34603,"05954","Ennepe-Ruhr-Kreis",2013
0.31963,"05954","Ennepe-Ruhr-Kreis",2014
0.36233,"05954","Ennepe-Ruhr-Kreis",2015
0.31114,"05954","Ennepe-Ruhr-Kreis",2016
0.33638,"05954","Ennepe-Ruhr-Kreis",2017
0.35874,"05954","Ennepe-Ruhr-Kreis",2018
0.33942,"05954","Ennepe-Ruhr-Kreis",2019
0.39334,"05954","Ennepe-Ruhr-Kreis",2020
0.37677,"05954","Ennepe-Ruhr-Kreis",2021
0.51013,"05958","Hochsauerlandkreis",1998
0.50623,"05958","Hochsauerlandkreis",1999
0.52466,"05958","Hochsauerlandkreis",2000
0.57116,"05958","Hochsauerlandkreis",2001
0.61174,"05958","Hochsauerlandkreis",2002
0.58405,"05958","Hochsauerlandkreis",2003
0.56761,"05958","Hochsauerlandkreis",2004
0.55372,"05958","Hochsauerlandkreis",2005
0.50836,"05958","Hochsauerlandkreis",2006
0.47464,"05958","Hochsauerlandkreis",2007
0.4669,"05958","Hochsauerlandkreis",2008
0.51662,"05958","Hochsauerlandkreis",2009
0.48919,"05958","Hochsauerlandkreis",2010
0.49163,"05958","Hochsauerlandkreis",2011
0.50014,"05958","Hochsauerlandkreis",2012
0.45555,"05958","Hochsauerlandkreis",2013
0.42583,"05958","Hochsauerlandkreis",2014
0.44104,"05958","Hochsauerlandkreis",2015
0.42899,"05958","Hochsauerlandkreis",2016
0.42948,"05958","Hochsauerlandkreis",2017
0.44299,"05958","Hochsauerlandkreis",2018
0.39749,"05958","Hochsauerlandkreis",2019
0.4298,"05958","Hochsauerlandkreis",2020
0.40333,"05958","Hochsauerlandkreis",2021
0.691,"05962","Märkischer Kreis",1998
0.64861,"05962","Märkischer Kreis",1999
0.6551,"05962","Märkischer Kreis",2000
0.66737,"05962","Märkischer Kreis",2001
0.73267,"05962","Märkischer Kreis",2002
0.72355,"05962","Märkischer Kreis",2003
0.69585,"05962","Märkischer Kreis",2004
0.60499,"05962","Märkischer Kreis",2005
0.59869,"05962","Märkischer Kreis",2006
0.54282,"05962","Märkischer Kreis",2007
0.59452,"05962","Märkischer Kreis",2008
0.6786,"05962","Märkischer Kreis",2009
0.62871,"05962","Märkischer Kreis",2010
0.62104,"05962","Märkischer Kreis",2011
0.59839,"05962","Märkischer Kreis",2012
0.59637,"05962","Märkischer Kreis",2013
0.55579,"05962","Märkischer Kreis",2014
0.54396,"05962","Märkischer Kreis",2015
0.49838,"05962","Märkischer Kreis",2016
0.53529,"05962","Märkischer Kreis",2017
0.56497,"05962","Märkischer Kreis",2018
0.56442,"05962","Märkischer Kreis",2019
0.60281,"05962","Märkischer Kreis",2020
0.561,"05962","Märkischer Kreis",2021
0.36883,"05966","Olpe",1998
0.38828,"05966","Olpe",1999
0.48542,"05966","Olpe",2000
0.51418,"05966","Olpe",2001
0.61595,"05966","Olpe",2002
0.54886,"05966","Olpe",2003
0.50247,"05966","Olpe",2004
0.4569,"05966","Olpe",2005
0.42596,"05966","Olpe",2006
0.38622,"05966","Olpe",2007
0.35585,"05966","Olpe",2008
0.42826,"05966","Olpe",2009
0.40571,"05966","Olpe",2010
0.39788,"05966","Olpe",2011
0.3557,"05966","Olpe",2012
0.39501,"05966","Olpe",2013
0.31609,"05966","Olpe",2014
0.34353,"05966","Olpe",2015
0.28177,"05966","Olpe",2016
0.27669,"05966","Olpe",2017
0.28705,"05966","Olpe",2018
0.29135,"05966","Olpe",2019
0.38457,"05966","Olpe",2020
0.31932,"05966","Olpe",2021
0.32476,"05970","Siegen-Wittgenstein",1998
0.31859,"05970","Siegen-Wittgenstein",1999
0.35564,"05970","Siegen-Wittgenstein",2000
0.35749,"05970","Siegen-Wittgenstein",2001
0.3539,"05970","Siegen-Wittgenstein",2002
0.35119,"05970","Siegen-Wittgenstein",2003
0.35891,"05970","Siegen-Wittgenstein",2004
0.34045,"05970","Siegen-Wittgenstein",2005
0.26235,"05970","Siegen-Wittgenstein",2006
0.25087,"05970","Siegen-Wittgenstein",2007
0.26245,"05970","Siegen-Wittgenstein",2008
0.32824,"05970","Siegen-Wittgenstein",2009
0.33147,"05970","Siegen-Wittgenstein",2010
0.32155,"05970","Siegen-Wittgenstein",2011
0.32759,"05970","Siegen-Wittgenstein",2012
0.33724,"05970","Siegen-Wittgenstein",2013
0.30836,"05970","Siegen-Wittgenstein",2014
0.35271,"05970","Siegen-Wittgenstein",2015
0.30782,"05970","Siegen-Wittgenstein",2016
0.30967,"05970","Siegen-Wittgenstein",2017
0.31328,"05970","Siegen-Wittgenstein",2018
0.31689,"05970","Siegen-Wittgenstein",2019
0.34768,"05970","Siegen-Wittgenstein",2020
0.34453,"05970","Siegen-Wittgenstein",2021
0.45349,"05974","Soest",1998
0.47243,"05974","Soest",1999
0.49561,"05974","Soest",2000
0.49427,"05974","Soest",2001
0.54528,"05974","Soest",2002
0.52802,"05974","Soest",2003
0.52906,"05974","Soest",2004
0.48784,"05974","Soest",2005
0.46357,"05974","Soest",2006
0.46219,"05974","Soest",2007
0.44743,"05974","Soest",2008
0.49,"05974","Soest",2009
0.4638,"05974","Soest",2010
0.47185,"05974","Soest",2011
0.47933,"05974","Soest",2012
0.44746,"05974","Soest",2013
0.41267,"05974","Soest",2014
0.42138,"05974","Soest",2015
0.40329,"05974","Soest",2016
0.42753,"05974","Soest",2017
0.40407,"05974","Soest",2018
0.41067,"05974","Soest",2019
0.40404,"05974","Soest",2020
0.37572,"05974","Soest",2021
0.58316,"05978","Unna",1998
0.58318,"05978","Unna",1999
0.60045,"05978","Unna",2000
0.59262,"05978","Unna",2001
0.5744,"05978","Unna",2002
0.59965,"05978","Unna",2003
0.62632,"05978","Unna",2004
0.56766,"05978","Unna",2005
0.58256,"05978","Unna",2006
0.55556,"05978","Unna",2007
0.57771,"05978","Unna",2008
0.61148,"05978","Unna",2009
0.60956,"05978","Unna",2010
0.60599,"05978","Unna",2011
0.5918,"05978","Unna",2012
0.59156,"05978","Unna",2013
0.5576,"05978","Unna",2014
0.54899,"05978","Unna",2015
0.5129,"05978","Unna",2016
0.55406,"05978","Unna",2017
0.55703,"05978","Unna",2018
0.54634,"05978","Unna",2019
0.54409,"05978","Unna",2020
0.52639,"05978","Unna",2021
