"gisd_score","gvb_id","gvb_name","year"
0.87784,"100410100","Saarbrücken, Landeshauptstadt",1998
0.8994,"100410100","Saarbrücken, Landeshauptstadt",1999
0.90321,"100410100","Saarbrücken, Landeshauptstadt",2000
0.79365,"100410100","Saarbrücken, Landeshauptstadt",2001
0.65047,"100410100","Saarbrücken, Landeshauptstadt",2002
0.73297,"100410100","Saarbrücken, Landeshauptstadt",2003
0.81824,"100410100","Saarbrücken, Landeshauptstadt",2004
0.73218,"100410100","Saarbrücken, Landeshauptstadt",2005
0.75882,"100410100","Saarbrücken, Landeshauptstadt",2006
0.74794,"100410100","Saarbrücken, Landeshauptstadt",2007
0.69975,"100410100","Saarbrücken, Landeshauptstadt",2008
0.70416,"100410100","Saarbrücken, Landeshauptstadt",2009
0.64929,"100410100","Saarbrücken, Landeshauptstadt",2010
0.66195,"100410100","Saarbrücken, Landeshauptstadt",2011
0.57077,"100410100","Saarbrücken, Landeshauptstadt",2012
0.59471,"100410100","Saarbrücken, Landeshauptstadt",2013
0.61157,"100410100","Saarbrücken, Landeshauptstadt",2014
0.65473,"100410100","Saarbrücken, Landeshauptstadt",2015
0.63692,"100410100","Saarbrücken, Landeshauptstadt",2016
0.59477,"100410100","Saarbrücken, Landeshauptstadt",2017
0.66333,"100410100","Saarbrücken, Landeshauptstadt",2018
0.69769,"100410100","Saarbrücken, Landeshauptstadt",2019
0.71394,"100410100","Saarbrücken, Landeshauptstadt",2020
0.65594,"100410100","Saarbrücken, Landeshauptstadt",2021
0.89094,"100410511","Friedrichsthal, Stadt",1998
0.91565,"100410511","Friedrichsthal, Stadt",1999
0.91628,"100410511","Friedrichsthal, Stadt",2000
0.59392,"100410511","Friedrichsthal, Stadt",2001
0.43165,"100410511","Friedrichsthal, Stadt",2002
0.56161,"100410511","Friedrichsthal, Stadt",2003
0.59692,"100410511","Friedrichsthal, Stadt",2004
0.56016,"100410511","Friedrichsthal, Stadt",2005
0.5749,"100410511","Friedrichsthal, Stadt",2006
0.5696,"100410511","Friedrichsthal, Stadt",2007
0.51335,"100410511","Friedrichsthal, Stadt",2008
0.54782,"100410511","Friedrichsthal, Stadt",2009
0.4876,"100410511","Friedrichsthal, Stadt",2010
0.49078,"100410511","Friedrichsthal, Stadt",2011
0.41032,"100410511","Friedrichsthal, Stadt",2012
0.44171,"100410511","Friedrichsthal, Stadt",2013
0.44833,"100410511","Friedrichsthal, Stadt",2014
0.48399,"100410511","Friedrichsthal, Stadt",2015
0.49134,"100410511","Friedrichsthal, Stadt",2016
0.43883,"100410511","Friedrichsthal, Stadt",2017
0.50974,"100410511","Friedrichsthal, Stadt",2018
0.53268,"100410511","Friedrichsthal, Stadt",2019
0.50731,"100410511","Friedrichsthal, Stadt",2020
0.45913,"100410511","Friedrichsthal, Stadt",2021
0.90083,"100410512","Großrosseln",1998
0.92416,"100410512","Großrosseln",1999
0.92438,"100410512","Großrosseln",2000
0.55841,"100410512","Großrosseln",2001
0.41082,"100410512","Großrosseln",2002
0.52138,"100410512","Großrosseln",2003
0.54552,"100410512","Großrosseln",2004
0.4519,"100410512","Großrosseln",2005
0.40458,"100410512","Großrosseln",2006
0.45905,"100410512","Großrosseln",2007
0.41472,"100410512","Großrosseln",2008
0.43148,"100410512","Großrosseln",2009
0.39073,"100410512","Großrosseln",2010
0.43055,"100410512","Großrosseln",2011
0.37824,"100410512","Großrosseln",2012
0.41796,"100410512","Großrosseln",2013
0.4244,"100410512","Großrosseln",2014
0.45758,"100410512","Großrosseln",2015
0.48863,"100410512","Großrosseln",2016
0.42801,"100410512","Großrosseln",2017
0.502,"100410512","Großrosseln",2018
0.51392,"100410512","Großrosseln",2019
0.50279,"100410512","Großrosseln",2020
0.47325,"100410512","Großrosseln",2021
0.87566,"100410513","Heusweiler",1998
0.89979,"100410513","Heusweiler",1999
0.90638,"100410513","Heusweiler",2000
0.45744,"100410513","Heusweiler",2001
0.29636,"100410513","Heusweiler",2002
0.42575,"100410513","Heusweiler",2003
0.46614,"100410513","Heusweiler",2004
0.41559,"100410513","Heusweiler",2005
0.41131,"100410513","Heusweiler",2006
0.46584,"100410513","Heusweiler",2007
0.42877,"100410513","Heusweiler",2008
0.45084,"100410513","Heusweiler",2009
0.399,"100410513","Heusweiler",2010
0.39548,"100410513","Heusweiler",2011
0.3279,"100410513","Heusweiler",2012
0.35716,"100410513","Heusweiler",2013
0.36683,"100410513","Heusweiler",2014
0.3984,"100410513","Heusweiler",2015
0.42219,"100410513","Heusweiler",2016
0.3693,"100410513","Heusweiler",2017
0.45111,"100410513","Heusweiler",2018
0.44818,"100410513","Heusweiler",2019
0.42046,"100410513","Heusweiler",2020
0.38497,"100410513","Heusweiler",2021
0.91559,"100410514","Kleinblittersdorf",1998
0.94094,"100410514","Kleinblittersdorf",1999
0.94146,"100410514","Kleinblittersdorf",2000
0.56274,"100410514","Kleinblittersdorf",2001
0.42173,"100410514","Kleinblittersdorf",2002
0.52947,"100410514","Kleinblittersdorf",2003
0.59751,"100410514","Kleinblittersdorf",2004
0.48046,"100410514","Kleinblittersdorf",2005
0.47367,"100410514","Kleinblittersdorf",2006
0.50777,"100410514","Kleinblittersdorf",2007
0.4694,"100410514","Kleinblittersdorf",2008
0.47538,"100410514","Kleinblittersdorf",2009
0.45053,"100410514","Kleinblittersdorf",2010
0.43934,"100410514","Kleinblittersdorf",2011
0.36492,"100410514","Kleinblittersdorf",2012
0.34536,"100410514","Kleinblittersdorf",2013
0.3744,"100410514","Kleinblittersdorf",2014
0.40334,"100410514","Kleinblittersdorf",2015
0.42566,"100410514","Kleinblittersdorf",2016
0.37506,"100410514","Kleinblittersdorf",2017
0.44138,"100410514","Kleinblittersdorf",2018
0.43945,"100410514","Kleinblittersdorf",2019
0.42273,"100410514","Kleinblittersdorf",2020
0.37858,"100410514","Kleinblittersdorf",2021
0.88134,"100410515","Püttlingen, Stadt",1998
0.90275,"100410515","Püttlingen, Stadt",1999
0.90721,"100410515","Püttlingen, Stadt",2000
0.52656,"100410515","Püttlingen, Stadt",2001
0.37557,"100410515","Püttlingen, Stadt",2002
0.48652,"100410515","Püttlingen, Stadt",2003
0.5141,"100410515","Püttlingen, Stadt",2004
0.4372,"100410515","Püttlingen, Stadt",2005
0.41226,"100410515","Püttlingen, Stadt",2006
0.44387,"100410515","Püttlingen, Stadt",2007
0.40321,"100410515","Püttlingen, Stadt",2008
0.40971,"100410515","Püttlingen, Stadt",2009
0.35409,"100410515","Püttlingen, Stadt",2010
0.3717,"100410515","Püttlingen, Stadt",2011
0.30583,"100410515","Püttlingen, Stadt",2012
0.32588,"100410515","Püttlingen, Stadt",2013
0.34538,"100410515","Püttlingen, Stadt",2014
0.3799,"100410515","Püttlingen, Stadt",2015
0.40601,"100410515","Püttlingen, Stadt",2016
0.3549,"100410515","Püttlingen, Stadt",2017
0.41868,"100410515","Püttlingen, Stadt",2018
0.42341,"100410515","Püttlingen, Stadt",2019
0.40832,"100410515","Püttlingen, Stadt",2020
0.36978,"100410515","Püttlingen, Stadt",2021
0.85555,"100410516","Quierschied",1998
0.87454,"100410516","Quierschied",1999
0.88024,"100410516","Quierschied",2000
0.52329,"100410516","Quierschied",2001
0.37798,"100410516","Quierschied",2002
0.47485,"100410516","Quierschied",2003
0.49612,"100410516","Quierschied",2004
0.43215,"100410516","Quierschied",2005
0.42837,"100410516","Quierschied",2006
0.47196,"100410516","Quierschied",2007
0.42955,"100410516","Quierschied",2008
0.43907,"100410516","Quierschied",2009
0.38288,"100410516","Quierschied",2010
0.41147,"100410516","Quierschied",2011
0.34091,"100410516","Quierschied",2012
0.38592,"100410516","Quierschied",2013
0.39517,"100410516","Quierschied",2014
0.41952,"100410516","Quierschied",2015
0.43403,"100410516","Quierschied",2016
0.39068,"100410516","Quierschied",2017
0.45304,"100410516","Quierschied",2018
0.46815,"100410516","Quierschied",2019
0.44594,"100410516","Quierschied",2020
0.40292,"100410516","Quierschied",2021
0.87121,"100410517","Riegelsberg",1998
0.89585,"100410517","Riegelsberg",1999
0.9039,"100410517","Riegelsberg",2000
0.35659,"100410517","Riegelsberg",2001
0.21395,"100410517","Riegelsberg",2002
0.34339,"100410517","Riegelsberg",2003
0.37119,"100410517","Riegelsberg",2004
0.3429,"100410517","Riegelsberg",2005
0.31992,"100410517","Riegelsberg",2006
0.37037,"100410517","Riegelsberg",2007
0.34285,"100410517","Riegelsberg",2008
0.33599,"100410517","Riegelsberg",2009
0.29087,"100410517","Riegelsberg",2010
0.33583,"100410517","Riegelsberg",2011
0.28214,"100410517","Riegelsberg",2012
0.30144,"100410517","Riegelsberg",2013
0.31923,"100410517","Riegelsberg",2014
0.35324,"100410517","Riegelsberg",2015
0.39676,"100410517","Riegelsberg",2016
0.33958,"100410517","Riegelsberg",2017
0.4097,"100410517","Riegelsberg",2018
0.41845,"100410517","Riegelsberg",2019
0.39896,"100410517","Riegelsberg",2020
0.36172,"100410517","Riegelsberg",2021
0.88593,"100410518","Sulzbach/ Saar, Stadt",1998
0.90815,"100410518","Sulzbach/ Saar, Stadt",1999
0.91071,"100410518","Sulzbach/ Saar, Stadt",2000
0.65311,"100410518","Sulzbach/ Saar, Stadt",2001
0.51215,"100410518","Sulzbach/ Saar, Stadt",2002
0.6194,"100410518","Sulzbach/ Saar, Stadt",2003
0.65095,"100410518","Sulzbach/ Saar, Stadt",2004
0.62417,"100410518","Sulzbach/ Saar, Stadt",2005
0.66351,"100410518","Sulzbach/ Saar, Stadt",2006
0.66455,"100410518","Sulzbach/ Saar, Stadt",2007
0.59672,"100410518","Sulzbach/ Saar, Stadt",2008
0.64481,"100410518","Sulzbach/ Saar, Stadt",2009
0.57422,"100410518","Sulzbach/ Saar, Stadt",2010
0.54643,"100410518","Sulzbach/ Saar, Stadt",2011
0.47387,"100410518","Sulzbach/ Saar, Stadt",2012
0.50286,"100410518","Sulzbach/ Saar, Stadt",2013
0.5106,"100410518","Sulzbach/ Saar, Stadt",2014
0.57719,"100410518","Sulzbach/ Saar, Stadt",2015
0.58805,"100410518","Sulzbach/ Saar, Stadt",2016
0.53906,"100410518","Sulzbach/ Saar, Stadt",2017
0.60512,"100410518","Sulzbach/ Saar, Stadt",2018
0.64837,"100410518","Sulzbach/ Saar, Stadt",2019
0.65803,"100410518","Sulzbach/ Saar, Stadt",2020
0.59829,"100410518","Sulzbach/ Saar, Stadt",2021
0.91801,"100410519","Völklingen, Stadt",1998
0.9426,"100410519","Völklingen, Stadt",1999
0.94219,"100410519","Völklingen, Stadt",2000
0.77812,"100410519","Völklingen, Stadt",2001
0.62214,"100410519","Völklingen, Stadt",2002
0.68107,"100410519","Völklingen, Stadt",2003
0.75391,"100410519","Völklingen, Stadt",2004
0.71805,"100410519","Völklingen, Stadt",2005
0.67031,"100410519","Völklingen, Stadt",2006
0.66334,"100410519","Völklingen, Stadt",2007
0.62361,"100410519","Völklingen, Stadt",2008
0.64523,"100410519","Völklingen, Stadt",2009
0.6015,"100410519","Völklingen, Stadt",2010
0.62373,"100410519","Völklingen, Stadt",2011
0.55095,"100410519","Völklingen, Stadt",2012
0.58109,"100410519","Völklingen, Stadt",2013
0.60646,"100410519","Völklingen, Stadt",2014
0.67443,"100410519","Völklingen, Stadt",2015
0.6661,"100410519","Völklingen, Stadt",2016
0.59586,"100410519","Völklingen, Stadt",2017
0.67146,"100410519","Völklingen, Stadt",2018
0.72206,"100410519","Völklingen, Stadt",2019
0.75483,"100410519","Völklingen, Stadt",2020
0.67889,"100410519","Völklingen, Stadt",2021
0.8715,"100420111","Beckingen",1998
0.76498,"100420111","Beckingen",1999
0.6497,"100420111","Beckingen",2000
0.58032,"100420111","Beckingen",2001
0.52006,"100420111","Beckingen",2002
0.59763,"100420111","Beckingen",2003
0.50685,"100420111","Beckingen",2004
0.61015,"100420111","Beckingen",2005
0.58219,"100420111","Beckingen",2006
0.64049,"100420111","Beckingen",2007
0.57165,"100420111","Beckingen",2008
0.54496,"100420111","Beckingen",2009
0.52136,"100420111","Beckingen",2010
0.5308,"100420111","Beckingen",2011
0.53827,"100420111","Beckingen",2012
0.53849,"100420111","Beckingen",2013
0.51779,"100420111","Beckingen",2014
0.52036,"100420111","Beckingen",2015
0.58094,"100420111","Beckingen",2016
0.53992,"100420111","Beckingen",2017
0.53311,"100420111","Beckingen",2018
0.49131,"100420111","Beckingen",2019
0.44147,"100420111","Beckingen",2020
0.44123,"100420111","Beckingen",2021
0.90907,"100420112","Losheim am See",1998
0.80565,"100420112","Losheim am See",1999
0.68804,"100420112","Losheim am See",2000
0.60999,"100420112","Losheim am See",2001
0.59468,"100420112","Losheim am See",2002
0.65232,"100420112","Losheim am See",2003
0.58946,"100420112","Losheim am See",2004
0.69185,"100420112","Losheim am See",2005
0.6642,"100420112","Losheim am See",2006
0.69335,"100420112","Losheim am See",2007
0.63715,"100420112","Losheim am See",2008
0.60844,"100420112","Losheim am See",2009
0.57786,"100420112","Losheim am See",2010
0.55321,"100420112","Losheim am See",2011
0.57681,"100420112","Losheim am See",2012
0.57737,"100420112","Losheim am See",2013
0.55804,"100420112","Losheim am See",2014
0.54707,"100420112","Losheim am See",2015
0.58318,"100420112","Losheim am See",2016
0.55501,"100420112","Losheim am See",2017
0.54557,"100420112","Losheim am See",2018
0.48872,"100420112","Losheim am See",2019
0.44386,"100420112","Losheim am See",2020
0.45303,"100420112","Losheim am See",2021
0.89326,"100420113","Merzig, Kreisstadt",1998
0.78955,"100420113","Merzig, Kreisstadt",1999
0.67313,"100420113","Merzig, Kreisstadt",2000
0.6695,"100420113","Merzig, Kreisstadt",2001
0.62872,"100420113","Merzig, Kreisstadt",2002
0.70941,"100420113","Merzig, Kreisstadt",2003
0.67762,"100420113","Merzig, Kreisstadt",2004
0.76351,"100420113","Merzig, Kreisstadt",2005
0.74924,"100420113","Merzig, Kreisstadt",2006
0.76315,"100420113","Merzig, Kreisstadt",2007
0.69842,"100420113","Merzig, Kreisstadt",2008
0.68711,"100420113","Merzig, Kreisstadt",2009
0.66574,"100420113","Merzig, Kreisstadt",2010
0.64528,"100420113","Merzig, Kreisstadt",2011
0.66291,"100420113","Merzig, Kreisstadt",2012
0.66942,"100420113","Merzig, Kreisstadt",2013
0.66026,"100420113","Merzig, Kreisstadt",2014
0.6572,"100420113","Merzig, Kreisstadt",2015
0.68495,"100420113","Merzig, Kreisstadt",2016
0.64456,"100420113","Merzig, Kreisstadt",2017
0.63119,"100420113","Merzig, Kreisstadt",2018
0.60327,"100420113","Merzig, Kreisstadt",2019
0.57675,"100420113","Merzig, Kreisstadt",2020
0.57778,"100420113","Merzig, Kreisstadt",2021
0.92752,"100420114","Mettlach",1998
0.83119,"100420114","Mettlach",1999
0.71547,"100420114","Mettlach",2000
0.72645,"100420114","Mettlach",2001
0.66035,"100420114","Mettlach",2002
0.72723,"100420114","Mettlach",2003
0.71621,"100420114","Mettlach",2004
0.77316,"100420114","Mettlach",2005
0.753,"100420114","Mettlach",2006
0.7742,"100420114","Mettlach",2007
0.74654,"100420114","Mettlach",2008
0.74991,"100420114","Mettlach",2009
0.74345,"100420114","Mettlach",2010
0.72279,"100420114","Mettlach",2011
0.74564,"100420114","Mettlach",2012
0.73706,"100420114","Mettlach",2013
0.73625,"100420114","Mettlach",2014
0.7501,"100420114","Mettlach",2015
0.77789,"100420114","Mettlach",2016
0.74681,"100420114","Mettlach",2017
0.75679,"100420114","Mettlach",2018
0.72375,"100420114","Mettlach",2019
0.70157,"100420114","Mettlach",2020
0.71341,"100420114","Mettlach",2021
1,"100420115","Perl",1998
0.90762,"100420115","Perl",1999
0.78575,"100420115","Perl",2000
1,"100420115","Perl",2001
1,"100420115","Perl",2002
1,"100420115","Perl",2003
1,"100420115","Perl",2004
1,"100420115","Perl",2005
1,"100420115","Perl",2006
1,"100420115","Perl",2007
1,"100420115","Perl",2008
1,"100420115","Perl",2009
1,"100420115","Perl",2010
1,"100420115","Perl",2011
1,"100420115","Perl",2012
1,"100420115","Perl",2013
1,"100420115","Perl",2014
1,"100420115","Perl",2015
1,"100420115","Perl",2016
1,"100420115","Perl",2017
1,"100420115","Perl",2018
1,"100420115","Perl",2019
1,"100420115","Perl",2020
1,"100420115","Perl",2021
0.87192,"100420116","Wadern, Stadt",1998
0.76844,"100420116","Wadern, Stadt",1999
0.65356,"100420116","Wadern, Stadt",2000
0.59482,"100420116","Wadern, Stadt",2001
0.57143,"100420116","Wadern, Stadt",2002
0.63898,"100420116","Wadern, Stadt",2003
0.56567,"100420116","Wadern, Stadt",2004
0.67885,"100420116","Wadern, Stadt",2005
0.64048,"100420116","Wadern, Stadt",2006
0.66408,"100420116","Wadern, Stadt",2007
0.60726,"100420116","Wadern, Stadt",2008
0.60779,"100420116","Wadern, Stadt",2009
0.56671,"100420116","Wadern, Stadt",2010
0.54597,"100420116","Wadern, Stadt",2011
0.56413,"100420116","Wadern, Stadt",2012
0.55071,"100420116","Wadern, Stadt",2013
0.52699,"100420116","Wadern, Stadt",2014
0.51618,"100420116","Wadern, Stadt",2015
0.57224,"100420116","Wadern, Stadt",2016
0.54873,"100420116","Wadern, Stadt",2017
0.53542,"100420116","Wadern, Stadt",2018
0.48699,"100420116","Wadern, Stadt",2019
0.44096,"100420116","Wadern, Stadt",2020
0.45724,"100420116","Wadern, Stadt",2021
0.89113,"100420117","Weiskirchen",1998
0.7877,"100420117","Weiskirchen",1999
0.67202,"100420117","Weiskirchen",2000
0.66541,"100420117","Weiskirchen",2001
0.62389,"100420117","Weiskirchen",2002
0.68678,"100420117","Weiskirchen",2003
0.67062,"100420117","Weiskirchen",2004
0.74913,"100420117","Weiskirchen",2005
0.71869,"100420117","Weiskirchen",2006
0.72215,"100420117","Weiskirchen",2007
0.67619,"100420117","Weiskirchen",2008
0.66593,"100420117","Weiskirchen",2009
0.6388,"100420117","Weiskirchen",2010
0.62702,"100420117","Weiskirchen",2011
0.65799,"100420117","Weiskirchen",2012
0.65686,"100420117","Weiskirchen",2013
0.63202,"100420117","Weiskirchen",2014
0.60337,"100420117","Weiskirchen",2015
0.64609,"100420117","Weiskirchen",2016
0.62404,"100420117","Weiskirchen",2017
0.61752,"100420117","Weiskirchen",2018
0.56675,"100420117","Weiskirchen",2019
0.52156,"100420117","Weiskirchen",2020
0.52039,"100420117","Weiskirchen",2021
0.95042,"100430111","Eppelborn",1998
0.9677,"100430111","Eppelborn",1999
0.97119,"100430111","Eppelborn",2000
0.64751,"100430111","Eppelborn",2001
0.65293,"100430111","Eppelborn",2002
0.63264,"100430111","Eppelborn",2003
0.67766,"100430111","Eppelborn",2004
0.69199,"100430111","Eppelborn",2005
0.60864,"100430111","Eppelborn",2006
0.65449,"100430111","Eppelborn",2007
0.53455,"100430111","Eppelborn",2008
0.55441,"100430111","Eppelborn",2009
0.50905,"100430111","Eppelborn",2010
0.62699,"100430111","Eppelborn",2011
0.58701,"100430111","Eppelborn",2012
0.5362,"100430111","Eppelborn",2013
0.53098,"100430111","Eppelborn",2014
0.56325,"100430111","Eppelborn",2015
0.57091,"100430111","Eppelborn",2016
0.51535,"100430111","Eppelborn",2017
0.56125,"100430111","Eppelborn",2018
0.67494,"100430111","Eppelborn",2019
0.70365,"100430111","Eppelborn",2020
0.67927,"100430111","Eppelborn",2021
0.94748,"100430112","Illingen",1998
0.96458,"100430112","Illingen",1999
0.96774,"100430112","Illingen",2000
0.71459,"100430112","Illingen",2001
0.70293,"100430112","Illingen",2002
0.69345,"100430112","Illingen",2003
0.76328,"100430112","Illingen",2004
0.75497,"100430112","Illingen",2005
0.68487,"100430112","Illingen",2006
0.72302,"100430112","Illingen",2007
0.58829,"100430112","Illingen",2008
0.62962,"100430112","Illingen",2009
0.57148,"100430112","Illingen",2010
0.63258,"100430112","Illingen",2011
0.58263,"100430112","Illingen",2012
0.5481,"100430112","Illingen",2013
0.5383,"100430112","Illingen",2014
0.57295,"100430112","Illingen",2015
0.57918,"100430112","Illingen",2016
0.50699,"100430112","Illingen",2017
0.56497,"100430112","Illingen",2018
0.68667,"100430112","Illingen",2019
0.69506,"100430112","Illingen",2020
0.67748,"100430112","Illingen",2021
0.94734,"100430113","Merchweiler",1998
0.95987,"100430113","Merchweiler",1999
0.96272,"100430113","Merchweiler",2000
0.77784,"100430113","Merchweiler",2001
0.77072,"100430113","Merchweiler",2002
0.73405,"100430113","Merchweiler",2003
0.76969,"100430113","Merchweiler",2004
0.81228,"100430113","Merchweiler",2005
0.74479,"100430113","Merchweiler",2006
0.77662,"100430113","Merchweiler",2007
0.63715,"100430113","Merchweiler",2008
0.64797,"100430113","Merchweiler",2009
0.59514,"100430113","Merchweiler",2010
0.66439,"100430113","Merchweiler",2011
0.61091,"100430113","Merchweiler",2012
0.57647,"100430113","Merchweiler",2013
0.58322,"100430113","Merchweiler",2014
0.58569,"100430113","Merchweiler",2015
0.60519,"100430113","Merchweiler",2016
0.55595,"100430113","Merchweiler",2017
0.6242,"100430113","Merchweiler",2018
0.74914,"100430113","Merchweiler",2019
0.73962,"100430113","Merchweiler",2020
0.70158,"100430113","Merchweiler",2021
0.97592,"100430114","Neunkirchen, Kreisstadt",1998
0.99465,"100430114","Neunkirchen, Kreisstadt",1999
0.99406,"100430114","Neunkirchen, Kreisstadt",2000
0.87298,"100430114","Neunkirchen, Kreisstadt",2001
0.89538,"100430114","Neunkirchen, Kreisstadt",2002
0.89732,"100430114","Neunkirchen, Kreisstadt",2003
0.98524,"100430114","Neunkirchen, Kreisstadt",2004
0.99252,"100430114","Neunkirchen, Kreisstadt",2005
0.94688,"100430114","Neunkirchen, Kreisstadt",2006
0.9293,"100430114","Neunkirchen, Kreisstadt",2007
0.79149,"100430114","Neunkirchen, Kreisstadt",2008
0.86326,"100430114","Neunkirchen, Kreisstadt",2009
0.79876,"100430114","Neunkirchen, Kreisstadt",2010
0.82349,"100430114","Neunkirchen, Kreisstadt",2011
0.77906,"100430114","Neunkirchen, Kreisstadt",2012
0.74809,"100430114","Neunkirchen, Kreisstadt",2013
0.76203,"100430114","Neunkirchen, Kreisstadt",2014
0.82069,"100430114","Neunkirchen, Kreisstadt",2015
0.78932,"100430114","Neunkirchen, Kreisstadt",2016
0.71787,"100430114","Neunkirchen, Kreisstadt",2017
0.75441,"100430114","Neunkirchen, Kreisstadt",2018
0.89186,"100430114","Neunkirchen, Kreisstadt",2019
0.94915,"100430114","Neunkirchen, Kreisstadt",2020
0.9307,"100430114","Neunkirchen, Kreisstadt",2021
0.93263,"100430115","Ottweiler, Stadt",1998
0.9496,"100430115","Ottweiler, Stadt",1999
0.95503,"100430115","Ottweiler, Stadt",2000
0.69812,"100430115","Ottweiler, Stadt",2001
0.71035,"100430115","Ottweiler, Stadt",2002
0.70381,"100430115","Ottweiler, Stadt",2003
0.73139,"100430115","Ottweiler, Stadt",2004
0.73076,"100430115","Ottweiler, Stadt",2005
0.67776,"100430115","Ottweiler, Stadt",2006
0.71483,"100430115","Ottweiler, Stadt",2007
0.58237,"100430115","Ottweiler, Stadt",2008
0.61147,"100430115","Ottweiler, Stadt",2009
0.56704,"100430115","Ottweiler, Stadt",2010
0.6399,"100430115","Ottweiler, Stadt",2011
0.60408,"100430115","Ottweiler, Stadt",2012
0.55697,"100430115","Ottweiler, Stadt",2013
0.55889,"100430115","Ottweiler, Stadt",2014
0.58472,"100430115","Ottweiler, Stadt",2015
0.58646,"100430115","Ottweiler, Stadt",2016
0.52146,"100430115","Ottweiler, Stadt",2017
0.56874,"100430115","Ottweiler, Stadt",2018
0.68842,"100430115","Ottweiler, Stadt",2019
0.72119,"100430115","Ottweiler, Stadt",2020
0.7024,"100430115","Ottweiler, Stadt",2021
0.97989,"100430116","Schiffweiler",1998
1,"100430116","Schiffweiler",1999
1,"100430116","Schiffweiler",2000
0.73039,"100430116","Schiffweiler",2001
0.73168,"100430116","Schiffweiler",2002
0.73718,"100430116","Schiffweiler",2003
0.78351,"100430116","Schiffweiler",2004
0.78612,"100430116","Schiffweiler",2005
0.73887,"100430116","Schiffweiler",2006
0.76495,"100430116","Schiffweiler",2007
0.62219,"100430116","Schiffweiler",2008
0.67134,"100430116","Schiffweiler",2009
0.61308,"100430116","Schiffweiler",2010
0.66109,"100430116","Schiffweiler",2011
0.6097,"100430116","Schiffweiler",2012
0.57145,"100430116","Schiffweiler",2013
0.574,"100430116","Schiffweiler",2014
0.60173,"100430116","Schiffweiler",2015
0.6073,"100430116","Schiffweiler",2016
0.53163,"100430116","Schiffweiler",2017
0.58504,"100430116","Schiffweiler",2018
0.70772,"100430116","Schiffweiler",2019
0.74135,"100430116","Schiffweiler",2020
0.71732,"100430116","Schiffweiler",2021
0.93627,"100430117","Spiesen-Elversberg",1998
0.95018,"100430117","Spiesen-Elversberg",1999
0.95591,"100430117","Spiesen-Elversberg",2000
0.74982,"100430117","Spiesen-Elversberg",2001
0.73618,"100430117","Spiesen-Elversberg",2002
0.7059,"100430117","Spiesen-Elversberg",2003
0.7213,"100430117","Spiesen-Elversberg",2004
0.71132,"100430117","Spiesen-Elversberg",2005
0.66306,"100430117","Spiesen-Elversberg",2006
0.68956,"100430117","Spiesen-Elversberg",2007
0.56153,"100430117","Spiesen-Elversberg",2008
0.59381,"100430117","Spiesen-Elversberg",2009
0.54397,"100430117","Spiesen-Elversberg",2010
0.60608,"100430117","Spiesen-Elversberg",2011
0.55303,"100430117","Spiesen-Elversberg",2012
0.51928,"100430117","Spiesen-Elversberg",2013
0.52651,"100430117","Spiesen-Elversberg",2014
0.55331,"100430117","Spiesen-Elversberg",2015
0.54056,"100430117","Spiesen-Elversberg",2016
0.4678,"100430117","Spiesen-Elversberg",2017
0.52708,"100430117","Spiesen-Elversberg",2018
0.65068,"100430117","Spiesen-Elversberg",2019
0.67472,"100430117","Spiesen-Elversberg",2020
0.64699,"100430117","Spiesen-Elversberg",2021
0.57035,"100440111","Dillingen/ Saar, Stadt",1998
0.60683,"100440111","Dillingen/ Saar, Stadt",1999
0.608,"100440111","Dillingen/ Saar, Stadt",2000
0.56069,"100440111","Dillingen/ Saar, Stadt",2001
0.45706,"100440111","Dillingen/ Saar, Stadt",2002
0.51974,"100440111","Dillingen/ Saar, Stadt",2003
0.55583,"100440111","Dillingen/ Saar, Stadt",2004
0.59502,"100440111","Dillingen/ Saar, Stadt",2005
0.57304,"100440111","Dillingen/ Saar, Stadt",2006
0.62423,"100440111","Dillingen/ Saar, Stadt",2007
0.52126,"100440111","Dillingen/ Saar, Stadt",2008
0.51647,"100440111","Dillingen/ Saar, Stadt",2009
0.45947,"100440111","Dillingen/ Saar, Stadt",2010
0.45351,"100440111","Dillingen/ Saar, Stadt",2011
0.49009,"100440111","Dillingen/ Saar, Stadt",2012
0.45977,"100440111","Dillingen/ Saar, Stadt",2013
0.46814,"100440111","Dillingen/ Saar, Stadt",2014
0.52848,"100440111","Dillingen/ Saar, Stadt",2015
0.48375,"100440111","Dillingen/ Saar, Stadt",2016
0.45666,"100440111","Dillingen/ Saar, Stadt",2017
0.47805,"100440111","Dillingen/ Saar, Stadt",2018
0.52872,"100440111","Dillingen/ Saar, Stadt",2019
0.49499,"100440111","Dillingen/ Saar, Stadt",2020
0.5183,"100440111","Dillingen/ Saar, Stadt",2021
0.59955,"100440112","Lebach, Stadt",1998
0.63626,"100440112","Lebach, Stadt",1999
0.6294,"100440112","Lebach, Stadt",2000
0.52384,"100440112","Lebach, Stadt",2001
0.40848,"100440112","Lebach, Stadt",2002
0.49961,"100440112","Lebach, Stadt",2003
0.5222,"100440112","Lebach, Stadt",2004
0.48494,"100440112","Lebach, Stadt",2005
0.41477,"100440112","Lebach, Stadt",2006
0.53363,"100440112","Lebach, Stadt",2007
0.44015,"100440112","Lebach, Stadt",2008
0.41818,"100440112","Lebach, Stadt",2009
0.38801,"100440112","Lebach, Stadt",2010
0.41517,"100440112","Lebach, Stadt",2011
0.47665,"100440112","Lebach, Stadt",2012
0.4087,"100440112","Lebach, Stadt",2013
0.4279,"100440112","Lebach, Stadt",2014
0.45589,"100440112","Lebach, Stadt",2015
0.40884,"100440112","Lebach, Stadt",2016
0.39533,"100440112","Lebach, Stadt",2017
0.42225,"100440112","Lebach, Stadt",2018
0.45867,"100440112","Lebach, Stadt",2019
0.39245,"100440112","Lebach, Stadt",2020
0.41151,"100440112","Lebach, Stadt",2021
0.58247,"100440113","Nalbach",1998
0.61875,"100440113","Nalbach",1999
0.62181,"100440113","Nalbach",2000
0.35844,"100440113","Nalbach",2001
0.24111,"100440113","Nalbach",2002
0.34768,"100440113","Nalbach",2003
0.32687,"100440113","Nalbach",2004
0.35009,"100440113","Nalbach",2005
0.27303,"100440113","Nalbach",2006
0.41081,"100440113","Nalbach",2007
0.31799,"100440113","Nalbach",2008
0.30011,"100440113","Nalbach",2009
0.26108,"100440113","Nalbach",2010
0.31183,"100440113","Nalbach",2011
0.35795,"100440113","Nalbach",2012
0.30361,"100440113","Nalbach",2013
0.31225,"100440113","Nalbach",2014
0.34427,"100440113","Nalbach",2015
0.33261,"100440113","Nalbach",2016
0.31279,"100440113","Nalbach",2017
0.33481,"100440113","Nalbach",2018
0.38587,"100440113","Nalbach",2019
0.3172,"100440113","Nalbach",2020
0.35339,"100440113","Nalbach",2021
0.58464,"100440114","Rehlingen-Siersburg",1998
0.62225,"100440114","Rehlingen-Siersburg",1999
0.62577,"100440114","Rehlingen-Siersburg",2000
0.47714,"100440114","Rehlingen-Siersburg",2001
0.33294,"100440114","Rehlingen-Siersburg",2002
0.41978,"100440114","Rehlingen-Siersburg",2003
0.43862,"100440114","Rehlingen-Siersburg",2004
0.41214,"100440114","Rehlingen-Siersburg",2005
0.36225,"100440114","Rehlingen-Siersburg",2006
0.49427,"100440114","Rehlingen-Siersburg",2007
0.38524,"100440114","Rehlingen-Siersburg",2008
0.36549,"100440114","Rehlingen-Siersburg",2009
0.33078,"100440114","Rehlingen-Siersburg",2010
0.31894,"100440114","Rehlingen-Siersburg",2011
0.35837,"100440114","Rehlingen-Siersburg",2012
0.30192,"100440114","Rehlingen-Siersburg",2013
0.32549,"100440114","Rehlingen-Siersburg",2014
0.36579,"100440114","Rehlingen-Siersburg",2015
0.3329,"100440114","Rehlingen-Siersburg",2016
0.32264,"100440114","Rehlingen-Siersburg",2017
0.35645,"100440114","Rehlingen-Siersburg",2018
0.39201,"100440114","Rehlingen-Siersburg",2019
0.32144,"100440114","Rehlingen-Siersburg",2020
0.34845,"100440114","Rehlingen-Siersburg",2021
0.56047,"100440115","Saarlouis, Kreisstadt",1998
0.59306,"100440115","Saarlouis, Kreisstadt",1999
0.59879,"100440115","Saarlouis, Kreisstadt",2000
0.54812,"100440115","Saarlouis, Kreisstadt",2001
0.41069,"100440115","Saarlouis, Kreisstadt",2002
0.49771,"100440115","Saarlouis, Kreisstadt",2003
0.53602,"100440115","Saarlouis, Kreisstadt",2004
0.53368,"100440115","Saarlouis, Kreisstadt",2005
0.49487,"100440115","Saarlouis, Kreisstadt",2006
0.59158,"100440115","Saarlouis, Kreisstadt",2007
0.49367,"100440115","Saarlouis, Kreisstadt",2008
0.47861,"100440115","Saarlouis, Kreisstadt",2009
0.45649,"100440115","Saarlouis, Kreisstadt",2010
0.4257,"100440115","Saarlouis, Kreisstadt",2011
0.48492,"100440115","Saarlouis, Kreisstadt",2012
0.42205,"100440115","Saarlouis, Kreisstadt",2013
0.41584,"100440115","Saarlouis, Kreisstadt",2014
0.4549,"100440115","Saarlouis, Kreisstadt",2015
0.40903,"100440115","Saarlouis, Kreisstadt",2016
0.38209,"100440115","Saarlouis, Kreisstadt",2017
0.41037,"100440115","Saarlouis, Kreisstadt",2018
0.46365,"100440115","Saarlouis, Kreisstadt",2019
0.42248,"100440115","Saarlouis, Kreisstadt",2020
0.45498,"100440115","Saarlouis, Kreisstadt",2021
0.57646,"100440116","Saarwellingen",1998
0.61067,"100440116","Saarwellingen",1999
0.61256,"100440116","Saarwellingen",2000
0.41535,"100440116","Saarwellingen",2001
0.27803,"100440116","Saarwellingen",2002
0.37154,"100440116","Saarwellingen",2003
0.38001,"100440116","Saarwellingen",2004
0.38206,"100440116","Saarwellingen",2005
0.31,"100440116","Saarwellingen",2006
0.44005,"100440116","Saarwellingen",2007
0.34818,"100440116","Saarwellingen",2008
0.32227,"100440116","Saarwellingen",2009
0.31212,"100440116","Saarwellingen",2010
0.34263,"100440116","Saarwellingen",2011
0.39938,"100440116","Saarwellingen",2012
0.31984,"100440116","Saarwellingen",2013
0.32397,"100440116","Saarwellingen",2014
0.3666,"100440116","Saarwellingen",2015
0.33694,"100440116","Saarwellingen",2016
0.32328,"100440116","Saarwellingen",2017
0.34365,"100440116","Saarwellingen",2018
0.39139,"100440116","Saarwellingen",2019
0.33128,"100440116","Saarwellingen",2020
0.34554,"100440116","Saarwellingen",2021
0.59321,"100440117","Schmelz",1998
0.63125,"100440117","Schmelz",1999
0.63281,"100440117","Schmelz",2000
0.46102,"100440117","Schmelz",2001
0.31595,"100440117","Schmelz",2002
0.42687,"100440117","Schmelz",2003
0.44901,"100440117","Schmelz",2004
0.43752,"100440117","Schmelz",2005
0.36195,"100440117","Schmelz",2006
0.49328,"100440117","Schmelz",2007
0.39264,"100440117","Schmelz",2008
0.37725,"100440117","Schmelz",2009
0.33717,"100440117","Schmelz",2010
0.36431,"100440117","Schmelz",2011
0.41695,"100440117","Schmelz",2012
0.34335,"100440117","Schmelz",2013
0.36333,"100440117","Schmelz",2014
0.41558,"100440117","Schmelz",2015
0.35771,"100440117","Schmelz",2016
0.33137,"100440117","Schmelz",2017
0.3661,"100440117","Schmelz",2018
0.40498,"100440117","Schmelz",2019
0.33767,"100440117","Schmelz",2020
0.38267,"100440117","Schmelz",2021
0.57878,"100440118","Schwalbach",1998
0.61349,"100440118","Schwalbach",1999
0.61628,"100440118","Schwalbach",2000
0.48364,"100440118","Schwalbach",2001
0.34074,"100440118","Schwalbach",2002
0.42705,"100440118","Schwalbach",2003
0.41309,"100440118","Schwalbach",2004
0.40837,"100440118","Schwalbach",2005
0.35146,"100440118","Schwalbach",2006
0.48239,"100440118","Schwalbach",2007
0.38754,"100440118","Schwalbach",2008
0.37676,"100440118","Schwalbach",2009
0.35941,"100440118","Schwalbach",2010
0.36721,"100440118","Schwalbach",2011
0.42299,"100440118","Schwalbach",2012
0.35233,"100440118","Schwalbach",2013
0.37581,"100440118","Schwalbach",2014
0.41711,"100440118","Schwalbach",2015
0.37946,"100440118","Schwalbach",2016
0.35995,"100440118","Schwalbach",2017
0.38158,"100440118","Schwalbach",2018
0.42117,"100440118","Schwalbach",2019
0.35588,"100440118","Schwalbach",2020
0.36608,"100440118","Schwalbach",2021
0.5872,"100440119","Überherrn",1998
0.62366,"100440119","Überherrn",1999
0.62636,"100440119","Überherrn",2000
0.39781,"100440119","Überherrn",2001
0.27041,"100440119","Überherrn",2002
0.37295,"100440119","Überherrn",2003
0.36852,"100440119","Überherrn",2004
0.36547,"100440119","Überherrn",2005
0.32345,"100440119","Überherrn",2006
0.44399,"100440119","Überherrn",2007
0.34908,"100440119","Überherrn",2008
0.32918,"100440119","Überherrn",2009
0.30682,"100440119","Überherrn",2010
0.3506,"100440119","Überherrn",2011
0.41082,"100440119","Überherrn",2012
0.33718,"100440119","Überherrn",2013
0.34263,"100440119","Überherrn",2014
0.38716,"100440119","Überherrn",2015
0.35072,"100440119","Überherrn",2016
0.33523,"100440119","Überherrn",2017
0.3595,"100440119","Überherrn",2018
0.386,"100440119","Überherrn",2019
0.33196,"100440119","Überherrn",2020
0.35669,"100440119","Überherrn",2021
0.58866,"100440120","Wadgassen",1998
0.62313,"100440120","Wadgassen",1999
0.62425,"100440120","Wadgassen",2000
0.48246,"100440120","Wadgassen",2001
0.33553,"100440120","Wadgassen",2002
0.4055,"100440120","Wadgassen",2003
0.3968,"100440120","Wadgassen",2004
0.40737,"100440120","Wadgassen",2005
0.36104,"100440120","Wadgassen",2006
0.47512,"100440120","Wadgassen",2007
0.38169,"100440120","Wadgassen",2008
0.37429,"100440120","Wadgassen",2009
0.35054,"100440120","Wadgassen",2010
0.37237,"100440120","Wadgassen",2011
0.41788,"100440120","Wadgassen",2012
0.34407,"100440120","Wadgassen",2013
0.34651,"100440120","Wadgassen",2014
0.38605,"100440120","Wadgassen",2015
0.34927,"100440120","Wadgassen",2016
0.31794,"100440120","Wadgassen",2017
0.33712,"100440120","Wadgassen",2018
0.36765,"100440120","Wadgassen",2019
0.29795,"100440120","Wadgassen",2020
0.32944,"100440120","Wadgassen",2021
0.57087,"100440121","Wallerfangen",1998
0.60211,"100440121","Wallerfangen",1999
0.60528,"100440121","Wallerfangen",2000
0.43742,"100440121","Wallerfangen",2001
0.30845,"100440121","Wallerfangen",2002
0.39499,"100440121","Wallerfangen",2003
0.38234,"100440121","Wallerfangen",2004
0.3869,"100440121","Wallerfangen",2005
0.34257,"100440121","Wallerfangen",2006
0.46727,"100440121","Wallerfangen",2007
0.36783,"100440121","Wallerfangen",2008
0.36777,"100440121","Wallerfangen",2009
0.35366,"100440121","Wallerfangen",2010
0.35643,"100440121","Wallerfangen",2011
0.41271,"100440121","Wallerfangen",2012
0.3519,"100440121","Wallerfangen",2013
0.36808,"100440121","Wallerfangen",2014
0.40638,"100440121","Wallerfangen",2015
0.36943,"100440121","Wallerfangen",2016
0.34221,"100440121","Wallerfangen",2017
0.36717,"100440121","Wallerfangen",2018
0.40519,"100440121","Wallerfangen",2019
0.3619,"100440121","Wallerfangen",2020
0.3787,"100440121","Wallerfangen",2021
0.59756,"100440122","Bous",1998
0.63247,"100440122","Bous",1999
0.63198,"100440122","Bous",2000
0.54737,"100440122","Bous",2001
0.39548,"100440122","Bous",2002
0.54845,"100440122","Bous",2003
0.53378,"100440122","Bous",2004
0.54201,"100440122","Bous",2005
0.47078,"100440122","Bous",2006
0.55899,"100440122","Bous",2007
0.4628,"100440122","Bous",2008
0.48359,"100440122","Bous",2009
0.43958,"100440122","Bous",2010
0.45943,"100440122","Bous",2011
0.49886,"100440122","Bous",2012
0.44034,"100440122","Bous",2013
0.4344,"100440122","Bous",2014
0.46997,"100440122","Bous",2015
0.42773,"100440122","Bous",2016
0.41359,"100440122","Bous",2017
0.43893,"100440122","Bous",2018
0.47999,"100440122","Bous",2019
0.41665,"100440122","Bous",2020
0.44924,"100440122","Bous",2021
0.58947,"100440123","Ensdorf",1998
0.62629,"100440123","Ensdorf",1999
0.62899,"100440123","Ensdorf",2000
0.55376,"100440123","Ensdorf",2001
0.43094,"100440123","Ensdorf",2002
0.51564,"100440123","Ensdorf",2003
0.52284,"100440123","Ensdorf",2004
0.53044,"100440123","Ensdorf",2005
0.46268,"100440123","Ensdorf",2006
0.55902,"100440123","Ensdorf",2007
0.44665,"100440123","Ensdorf",2008
0.43969,"100440123","Ensdorf",2009
0.41466,"100440123","Ensdorf",2010
0.44014,"100440123","Ensdorf",2011
0.49858,"100440123","Ensdorf",2012
0.4234,"100440123","Ensdorf",2013
0.43785,"100440123","Ensdorf",2014
0.47498,"100440123","Ensdorf",2015
0.42716,"100440123","Ensdorf",2016
0.40943,"100440123","Ensdorf",2017
0.44165,"100440123","Ensdorf",2018
0.48328,"100440123","Ensdorf",2019
0.43843,"100440123","Ensdorf",2020
0.46316,"100440123","Ensdorf",2021
0.04301,"100450111","Bexbach, Stadt",1998
0.04485,"100450111","Bexbach, Stadt",1999
0.20362,"100450111","Bexbach, Stadt",2000
0.06404,"100450111","Bexbach, Stadt",2001
0.07758,"100450111","Bexbach, Stadt",2002
0.07994,"100450111","Bexbach, Stadt",2003
0.11136,"100450111","Bexbach, Stadt",2004
0.14457,"100450111","Bexbach, Stadt",2005
0.11719,"100450111","Bexbach, Stadt",2006
0.07669,"100450111","Bexbach, Stadt",2007
0.06386,"100450111","Bexbach, Stadt",2008
0.1006,"100450111","Bexbach, Stadt",2009
0.12203,"100450111","Bexbach, Stadt",2010
0.08722,"100450111","Bexbach, Stadt",2011
0.07294,"100450111","Bexbach, Stadt",2012
0.08271,"100450111","Bexbach, Stadt",2013
0.08471,"100450111","Bexbach, Stadt",2014
0.10633,"100450111","Bexbach, Stadt",2015
0.08511,"100450111","Bexbach, Stadt",2016
0.09268,"100450111","Bexbach, Stadt",2017
0.08287,"100450111","Bexbach, Stadt",2018
0.09676,"100450111","Bexbach, Stadt",2019
0.11097,"100450111","Bexbach, Stadt",2020
0.11106,"100450111","Bexbach, Stadt",2021
0.0246,"100450112","Blieskastel, Stadt",1998
0.02646,"100450112","Blieskastel, Stadt",1999
0.18788,"100450112","Blieskastel, Stadt",2000
0.11299,"100450112","Blieskastel, Stadt",2001
0.08804,"100450112","Blieskastel, Stadt",2002
0.09705,"100450112","Blieskastel, Stadt",2003
0.10937,"100450112","Blieskastel, Stadt",2004
0.1246,"100450112","Blieskastel, Stadt",2005
0.12696,"100450112","Blieskastel, Stadt",2006
0.08262,"100450112","Blieskastel, Stadt",2007
0.07039,"100450112","Blieskastel, Stadt",2008
0.07375,"100450112","Blieskastel, Stadt",2009
0.08493,"100450112","Blieskastel, Stadt",2010
0.04237,"100450112","Blieskastel, Stadt",2011
0.0375,"100450112","Blieskastel, Stadt",2012
0.03637,"100450112","Blieskastel, Stadt",2013
0.02492,"100450112","Blieskastel, Stadt",2014
0.04882,"100450112","Blieskastel, Stadt",2015
0.04915,"100450112","Blieskastel, Stadt",2016
0.06329,"100450112","Blieskastel, Stadt",2017
0.04622,"100450112","Blieskastel, Stadt",2018
0.04596,"100450112","Blieskastel, Stadt",2019
0.05639,"100450112","Blieskastel, Stadt",2020
0.06498,"100450112","Blieskastel, Stadt",2021
0.06103,"100450113","Gersheim",1998
0.06645,"100450113","Gersheim",1999
0.22617,"100450113","Gersheim",2000
0.10034,"100450113","Gersheim",2001
0.11437,"100450113","Gersheim",2002
0.1117,"100450113","Gersheim",2003
0.11819,"100450113","Gersheim",2004
0.13443,"100450113","Gersheim",2005
0.09059,"100450113","Gersheim",2006
0.06943,"100450113","Gersheim",2007
0.07113,"100450113","Gersheim",2008
0.06942,"100450113","Gersheim",2009
0.08708,"100450113","Gersheim",2010
0.0754,"100450113","Gersheim",2011
0.08259,"100450113","Gersheim",2012
0.06735,"100450113","Gersheim",2013
0.073,"100450113","Gersheim",2014
0.08702,"100450113","Gersheim",2015
0.06256,"100450113","Gersheim",2016
0.08796,"100450113","Gersheim",2017
0.06205,"100450113","Gersheim",2018
0.078,"100450113","Gersheim",2019
0.09456,"100450113","Gersheim",2020
0.11118,"100450113","Gersheim",2021
0.03425,"100450114","Homburg, Kreisstadt",1998
0.03882,"100450114","Homburg, Kreisstadt",1999
0.19897,"100450114","Homburg, Kreisstadt",2000
0.13711,"100450114","Homburg, Kreisstadt",2001
0.1422,"100450114","Homburg, Kreisstadt",2002
0.12382,"100450114","Homburg, Kreisstadt",2003
0.17238,"100450114","Homburg, Kreisstadt",2004
0.20345,"100450114","Homburg, Kreisstadt",2005
0.20565,"100450114","Homburg, Kreisstadt",2006
0.16649,"100450114","Homburg, Kreisstadt",2007
0.15085,"100450114","Homburg, Kreisstadt",2008
0.19622,"100450114","Homburg, Kreisstadt",2009
0.21924,"100450114","Homburg, Kreisstadt",2010
0.13673,"100450114","Homburg, Kreisstadt",2011
0.14015,"100450114","Homburg, Kreisstadt",2012
0.14808,"100450114","Homburg, Kreisstadt",2013
0.15589,"100450114","Homburg, Kreisstadt",2014
0.16587,"100450114","Homburg, Kreisstadt",2015
0.14777,"100450114","Homburg, Kreisstadt",2016
0.15095,"100450114","Homburg, Kreisstadt",2017
0.14279,"100450114","Homburg, Kreisstadt",2018
0.16954,"100450114","Homburg, Kreisstadt",2019
0.19844,"100450114","Homburg, Kreisstadt",2020
0.18436,"100450114","Homburg, Kreisstadt",2021
0.02555,"100450115","Kirkel",1998
0.02904,"100450115","Kirkel",1999
0.19202,"100450115","Kirkel",2000
0,"100450115","Kirkel",2001
0.02546,"100450115","Kirkel",2002
0.02505,"100450115","Kirkel",2003
0.03868,"100450115","Kirkel",2004
0.03015,"100450115","Kirkel",2005
0,"100450115","Kirkel",2006
0,"100450115","Kirkel",2007
0,"100450115","Kirkel",2008
0,"100450115","Kirkel",2009
0.00573,"100450115","Kirkel",2010
0,"100450115","Kirkel",2011
0.00767,"100450115","Kirkel",2012
0.02188,"100450115","Kirkel",2013
0.01591,"100450115","Kirkel",2014
0.02593,"100450115","Kirkel",2015
0.02094,"100450115","Kirkel",2016
0.03281,"100450115","Kirkel",2017
0.02206,"100450115","Kirkel",2018
0.03038,"100450115","Kirkel",2019
0.03839,"100450115","Kirkel",2020
0.0502,"100450115","Kirkel",2021
0.02337,"100450116","Mandelbachtal",1998
0.02656,"100450116","Mandelbachtal",1999
0.18792,"100450116","Mandelbachtal",2000
0.01466,"100450116","Mandelbachtal",2001
0,"100450116","Mandelbachtal",2002
0,"100450116","Mandelbachtal",2003
0,"100450116","Mandelbachtal",2004
0,"100450116","Mandelbachtal",2005
0.01315,"100450116","Mandelbachtal",2006
0.01186,"100450116","Mandelbachtal",2007
0.00902,"100450116","Mandelbachtal",2008
0.01532,"100450116","Mandelbachtal",2009
0.03432,"100450116","Mandelbachtal",2010
0.00675,"100450116","Mandelbachtal",2011
0,"100450116","Mandelbachtal",2012
0,"100450116","Mandelbachtal",2013
0,"100450116","Mandelbachtal",2014
0,"100450116","Mandelbachtal",2015
0,"100450116","Mandelbachtal",2016
0,"100450116","Mandelbachtal",2017
0,"100450116","Mandelbachtal",2018
0,"100450116","Mandelbachtal",2019
0,"100450116","Mandelbachtal",2020
0,"100450116","Mandelbachtal",2021
0,"100450117","St. Ingbert, Stadt",1998
0,"100450117","St. Ingbert, Stadt",1999
0.16196,"100450117","St. Ingbert, Stadt",2000
0.10854,"100450117","St. Ingbert, Stadt",2001
0.08625,"100450117","St. Ingbert, Stadt",2002
0.09601,"100450117","St. Ingbert, Stadt",2003
0.09427,"100450117","St. Ingbert, Stadt",2004
0.11118,"100450117","St. Ingbert, Stadt",2005
0.10678,"100450117","St. Ingbert, Stadt",2006
0.06776,"100450117","St. Ingbert, Stadt",2007
0.07824,"100450117","St. Ingbert, Stadt",2008
0.11889,"100450117","St. Ingbert, Stadt",2009
0.12415,"100450117","St. Ingbert, Stadt",2010
0.09305,"100450117","St. Ingbert, Stadt",2011
0.08337,"100450117","St. Ingbert, Stadt",2012
0.09168,"100450117","St. Ingbert, Stadt",2013
0.08944,"100450117","St. Ingbert, Stadt",2014
0.10218,"100450117","St. Ingbert, Stadt",2015
0.09465,"100450117","St. Ingbert, Stadt",2016
0.0957,"100450117","St. Ingbert, Stadt",2017
0.07459,"100450117","St. Ingbert, Stadt",2018
0.08625,"100450117","St. Ingbert, Stadt",2019
0.09123,"100450117","St. Ingbert, Stadt",2020
0.08737,"100450117","St. Ingbert, Stadt",2021
0.18319,"100460111","Freisen",1998
0.22806,"100460111","Freisen",1999
0.01984,"100460111","Freisen",2000
0.05951,"100460111","Freisen",2001
0.17916,"100460111","Freisen",2002
0.15566,"100460111","Freisen",2003
0.13651,"100460111","Freisen",2004
0.25522,"100460111","Freisen",2005
0.22199,"100460111","Freisen",2006
0.28356,"100460111","Freisen",2007
0.19539,"100460111","Freisen",2008
0.11892,"100460111","Freisen",2009
0.05676,"100460111","Freisen",2010
0.14519,"100460111","Freisen",2011
0.13934,"100460111","Freisen",2012
0.1569,"100460111","Freisen",2013
0.34185,"100460111","Freisen",2014
0.34925,"100460111","Freisen",2015
0.2296,"100460111","Freisen",2016
0.26803,"100460111","Freisen",2017
0.25068,"100460111","Freisen",2018
0.26048,"100460111","Freisen",2019
0.11756,"100460111","Freisen",2020
0.14119,"100460111","Freisen",2021
0.18121,"100460112","Marpingen",1998
0.22329,"100460112","Marpingen",1999
0.01372,"100460112","Marpingen",2000
0.06676,"100460112","Marpingen",2001
0.1517,"100460112","Marpingen",2002
0.10701,"100460112","Marpingen",2003
0.10979,"100460112","Marpingen",2004
0.21086,"100460112","Marpingen",2005
0.17921,"100460112","Marpingen",2006
0.24467,"100460112","Marpingen",2007
0.15486,"100460112","Marpingen",2008
0.06081,"100460112","Marpingen",2009
0.01208,"100460112","Marpingen",2010
0.09961,"100460112","Marpingen",2011
0.1033,"100460112","Marpingen",2012
0.12502,"100460112","Marpingen",2013
0.31576,"100460112","Marpingen",2014
0.30678,"100460112","Marpingen",2015
0.18898,"100460112","Marpingen",2016
0.24116,"100460112","Marpingen",2017
0.22095,"100460112","Marpingen",2018
0.2329,"100460112","Marpingen",2019
0.10417,"100460112","Marpingen",2020
0.15705,"100460112","Marpingen",2021
0.18769,"100460113","Namborn",1998
0.2303,"100460113","Namborn",1999
0.02255,"100460113","Namborn",2000
0.032,"100460113","Namborn",2001
0.12566,"100460113","Namborn",2002
0.12915,"100460113","Namborn",2003
0.1318,"100460113","Namborn",2004
0.22713,"100460113","Namborn",2005
0.18221,"100460113","Namborn",2006
0.24703,"100460113","Namborn",2007
0.14869,"100460113","Namborn",2008
0.06599,"100460113","Namborn",2009
0,"100460113","Namborn",2010
0.11267,"100460113","Namborn",2011
0.11027,"100460113","Namborn",2012
0.12742,"100460113","Namborn",2013
0.31889,"100460113","Namborn",2014
0.32676,"100460113","Namborn",2015
0.22104,"100460113","Namborn",2016
0.26561,"100460113","Namborn",2017
0.22137,"100460113","Namborn",2018
0.2414,"100460113","Namborn",2019
0.11045,"100460113","Namborn",2020
0.15744,"100460113","Namborn",2021
0.18338,"100460114","Nohfelden",1998
0.2229,"100460114","Nohfelden",1999
0.0179,"100460114","Nohfelden",2000
0.09254,"100460114","Nohfelden",2001
0.16783,"100460114","Nohfelden",2002
0.13993,"100460114","Nohfelden",2003
0.12065,"100460114","Nohfelden",2004
0.21563,"100460114","Nohfelden",2005
0.18468,"100460114","Nohfelden",2006
0.25609,"100460114","Nohfelden",2007
0.15893,"100460114","Nohfelden",2008
0.05752,"100460114","Nohfelden",2009
0.00907,"100460114","Nohfelden",2010
0.14088,"100460114","Nohfelden",2011
0.13954,"100460114","Nohfelden",2012
0.15624,"100460114","Nohfelden",2013
0.34081,"100460114","Nohfelden",2014
0.3428,"100460114","Nohfelden",2015
0.24004,"100460114","Nohfelden",2016
0.28842,"100460114","Nohfelden",2017
0.25502,"100460114","Nohfelden",2018
0.26997,"100460114","Nohfelden",2019
0.14484,"100460114","Nohfelden",2020
0.18227,"100460114","Nohfelden",2021
0.16839,"100460115","Nonnweiler",1998
0.2123,"100460115","Nonnweiler",1999
0.00773,"100460115","Nonnweiler",2000
0.06826,"100460115","Nonnweiler",2001
0.14674,"100460115","Nonnweiler",2002
0.11278,"100460115","Nonnweiler",2003
0.12968,"100460115","Nonnweiler",2004
0.22261,"100460115","Nonnweiler",2005
0.16518,"100460115","Nonnweiler",2006
0.23874,"100460115","Nonnweiler",2007
0.14016,"100460115","Nonnweiler",2008
0.06977,"100460115","Nonnweiler",2009
0.0147,"100460115","Nonnweiler",2010
0.11786,"100460115","Nonnweiler",2011
0.09661,"100460115","Nonnweiler",2012
0.10836,"100460115","Nonnweiler",2013
0.30792,"100460115","Nonnweiler",2014
0.30651,"100460115","Nonnweiler",2015
0.20312,"100460115","Nonnweiler",2016
0.2426,"100460115","Nonnweiler",2017
0.20902,"100460115","Nonnweiler",2018
0.23331,"100460115","Nonnweiler",2019
0.11426,"100460115","Nonnweiler",2020
0.16041,"100460115","Nonnweiler",2021
0.17146,"100460116","Oberthal",1998
0.2141,"100460116","Oberthal",1999
0.0093,"100460116","Oberthal",2000
0.08552,"100460116","Oberthal",2001
0.17774,"100460116","Oberthal",2002
0.14593,"100460116","Oberthal",2003
0.14474,"100460116","Oberthal",2004
0.24179,"100460116","Oberthal",2005
0.20771,"100460116","Oberthal",2006
0.27118,"100460116","Oberthal",2007
0.17806,"100460116","Oberthal",2008
0.10565,"100460116","Oberthal",2009
0.03611,"100460116","Oberthal",2010
0.13945,"100460116","Oberthal",2011
0.14631,"100460116","Oberthal",2012
0.1517,"100460116","Oberthal",2013
0.33921,"100460116","Oberthal",2014
0.33443,"100460116","Oberthal",2015
0.21767,"100460116","Oberthal",2016
0.25833,"100460116","Oberthal",2017
0.24251,"100460116","Oberthal",2018
0.26334,"100460116","Oberthal",2019
0.13972,"100460116","Oberthal",2020
0.17489,"100460116","Oberthal",2021
0.16209,"100460117","St. Wendel, Kreisstadt",1998
0.20242,"100460117","St. Wendel, Kreisstadt",1999
0,"100460117","St. Wendel, Kreisstadt",2000
0.09017,"100460117","St. Wendel, Kreisstadt",2001
0.16833,"100460117","St. Wendel, Kreisstadt",2002
0.14183,"100460117","St. Wendel, Kreisstadt",2003
0.16942,"100460117","St. Wendel, Kreisstadt",2004
0.27604,"100460117","St. Wendel, Kreisstadt",2005
0.22743,"100460117","St. Wendel, Kreisstadt",2006
0.28908,"100460117","St. Wendel, Kreisstadt",2007
0.18543,"100460117","St. Wendel, Kreisstadt",2008
0.10794,"100460117","St. Wendel, Kreisstadt",2009
0.03932,"100460117","St. Wendel, Kreisstadt",2010
0.13551,"100460117","St. Wendel, Kreisstadt",2011
0.12472,"100460117","St. Wendel, Kreisstadt",2012
0.15386,"100460117","St. Wendel, Kreisstadt",2013
0.35009,"100460117","St. Wendel, Kreisstadt",2014
0.35039,"100460117","St. Wendel, Kreisstadt",2015
0.23578,"100460117","St. Wendel, Kreisstadt",2016
0.28255,"100460117","St. Wendel, Kreisstadt",2017
0.25958,"100460117","St. Wendel, Kreisstadt",2018
0.27253,"100460117","St. Wendel, Kreisstadt",2019
0.14068,"100460117","St. Wendel, Kreisstadt",2020
0.17848,"100460117","St. Wendel, Kreisstadt",2021
0.17633,"100460118","Tholey",1998
0.21877,"100460118","Tholey",1999
0.0127,"100460118","Tholey",2000
0.06597,"100460118","Tholey",2001
0.16578,"100460118","Tholey",2002
0.11916,"100460118","Tholey",2003
0.10589,"100460118","Tholey",2004
0.199,"100460118","Tholey",2005
0.17119,"100460118","Tholey",2006
0.24991,"100460118","Tholey",2007
0.16414,"100460118","Tholey",2008
0.08304,"100460118","Tholey",2009
0.01347,"100460118","Tholey",2010
0.10013,"100460118","Tholey",2011
0.08703,"100460118","Tholey",2012
0.118,"100460118","Tholey",2013
0.31667,"100460118","Tholey",2014
0.32091,"100460118","Tholey",2015
0.20234,"100460118","Tholey",2016
0.25269,"100460118","Tholey",2017
0.21735,"100460118","Tholey",2018
0.2283,"100460118","Tholey",2019
0.1104,"100460118","Tholey",2020
0.13369,"100460118","Tholey",2021
