"gisd_score","kreis_id","kreis_name","year"
0.26295,"03101","Braunschweig, Stadt",1998
0.23869,"03101","Braunschweig, Stadt",1999
0.19296,"03101","Braunschweig, Stadt",2000
0.22213,"03101","Braunschweig, Stadt",2001
0.1403,"03101","Braunschweig, Stadt",2002
0.14917,"03101","Braunschweig, Stadt",2003
0.15649,"03101","Braunschweig, Stadt",2004
0.11693,"03101","Braunschweig, Stadt",2005
0.11806,"03101","Braunschweig, Stadt",2006
0.24024,"03101","Braunschweig, Stadt",2007
0.2377,"03101","Braunschweig, Stadt",2008
0.30796,"03101","Braunschweig, Stadt",2009
0.26876,"03101","Braunschweig, Stadt",2010
0.2575,"03101","Braunschweig, Stadt",2011
0.32539,"03101","Braunschweig, Stadt",2012
0.33122,"03101","Braunschweig, Stadt",2013
0.31316,"03101","Braunschweig, Stadt",2014
0.31111,"03101","Braunschweig, Stadt",2015
0.24644,"03101","Braunschweig, Stadt",2016
0.22094,"03101","Braunschweig, Stadt",2017
0.21816,"03101","Braunschweig, Stadt",2018
0.1905,"03101","Braunschweig, Stadt",2019
0.20596,"03101","Braunschweig, Stadt",2020
0.16647,"03101","Braunschweig, Stadt",2021
0.65601,"03102","Salzgitter, Stadt",1998
0.63911,"03102","Salzgitter, Stadt",1999
0.5741,"03102","Salzgitter, Stadt",2000
0.54954,"03102","Salzgitter, Stadt",2001
0.47433,"03102","Salzgitter, Stadt",2002
0.50307,"03102","Salzgitter, Stadt",2003
0.46627,"03102","Salzgitter, Stadt",2004
0.46109,"03102","Salzgitter, Stadt",2005
0.51193,"03102","Salzgitter, Stadt",2006
0.56682,"03102","Salzgitter, Stadt",2007
0.60502,"03102","Salzgitter, Stadt",2008
0.66657,"03102","Salzgitter, Stadt",2009
0.61542,"03102","Salzgitter, Stadt",2010
0.57038,"03102","Salzgitter, Stadt",2011
0.59919,"03102","Salzgitter, Stadt",2012
0.62327,"03102","Salzgitter, Stadt",2013
0.64397,"03102","Salzgitter, Stadt",2014
0.69578,"03102","Salzgitter, Stadt",2015
0.71273,"03102","Salzgitter, Stadt",2016
0.70737,"03102","Salzgitter, Stadt",2017
0.78943,"03102","Salzgitter, Stadt",2018
0.67688,"03102","Salzgitter, Stadt",2019
0.80003,"03102","Salzgitter, Stadt",2020
0.76283,"03102","Salzgitter, Stadt",2021
0,"03103","Wolfsburg, Stadt",1998
0,"03103","Wolfsburg, Stadt",1999
0,"03103","Wolfsburg, Stadt",2000
0,"03103","Wolfsburg, Stadt",2001
0.10355,"03103","Wolfsburg, Stadt",2002
0.07485,"03103","Wolfsburg, Stadt",2003
0,"03103","Wolfsburg, Stadt",2004
0,"03103","Wolfsburg, Stadt",2005
0,"03103","Wolfsburg, Stadt",2006
0,"03103","Wolfsburg, Stadt",2007
0,"03103","Wolfsburg, Stadt",2008
0,"03103","Wolfsburg, Stadt",2009
0,"03103","Wolfsburg, Stadt",2010
0,"03103","Wolfsburg, Stadt",2011
0,"03103","Wolfsburg, Stadt",2012
0,"03103","Wolfsburg, Stadt",2013
0,"03103","Wolfsburg, Stadt",2014
0,"03103","Wolfsburg, Stadt",2015
0,"03103","Wolfsburg, Stadt",2016
0,"03103","Wolfsburg, Stadt",2017
0,"03103","Wolfsburg, Stadt",2018
0,"03103","Wolfsburg, Stadt",2019
0,"03103","Wolfsburg, Stadt",2020
0,"03103","Wolfsburg, Stadt",2021
0.48133,"03151","Gifhorn",1998
0.47529,"03151","Gifhorn",1999
0.54644,"03151","Gifhorn",2000
0.48918,"03151","Gifhorn",2001
0.45457,"03151","Gifhorn",2002
0.48899,"03151","Gifhorn",2003
0.42888,"03151","Gifhorn",2004
0.37264,"03151","Gifhorn",2005
0.36267,"03151","Gifhorn",2006
0.40853,"03151","Gifhorn",2007
0.44592,"03151","Gifhorn",2008
0.45177,"03151","Gifhorn",2009
0.45039,"03151","Gifhorn",2010
0.46376,"03151","Gifhorn",2011
0.48603,"03151","Gifhorn",2012
0.47878,"03151","Gifhorn",2013
0.44999,"03151","Gifhorn",2014
0.46431,"03151","Gifhorn",2015
0.44786,"03151","Gifhorn",2016
0.41087,"03151","Gifhorn",2017
0.44279,"03151","Gifhorn",2018
0.35468,"03151","Gifhorn",2019
0.38495,"03151","Gifhorn",2020
0.36784,"03151","Gifhorn",2021
0.6528,"03153","Goslar",1998
0.67116,"03153","Goslar",1999
0.64635,"03153","Goslar",2000
0.69315,"03153","Goslar",2001
0.60834,"03153","Goslar",2002
0.69556,"03153","Goslar",2003
0.58261,"03153","Goslar",2004
0.64195,"03153","Goslar",2005
0.67663,"03153","Goslar",2006
0.67801,"03153","Goslar",2007
0.74186,"03153","Goslar",2008
0.74093,"03153","Goslar",2009
0.69486,"03153","Goslar",2010
0.73278,"03153","Goslar",2011
0.76183,"03153","Goslar",2012
0.75436,"03153","Goslar",2013
0.78132,"03153","Goslar",2014
0.73847,"03153","Goslar",2015
0.71676,"03153","Goslar",2016
0.64155,"03153","Goslar",2017
0.66752,"03153","Goslar",2018
0.6289,"03153","Goslar",2019
0.70898,"03153","Goslar",2020
0.64533,"03153","Goslar",2021
0.5467,"03154","Helmstedt",1998
0.57035,"03154","Helmstedt",1999
0.50893,"03154","Helmstedt",2000
0.55197,"03154","Helmstedt",2001
0.51931,"03154","Helmstedt",2002
0.6059,"03154","Helmstedt",2003
0.50008,"03154","Helmstedt",2004
0.48779,"03154","Helmstedt",2005
0.58414,"03154","Helmstedt",2006
0.5228,"03154","Helmstedt",2007
0.56151,"03154","Helmstedt",2008
0.53652,"03154","Helmstedt",2009
0.57681,"03154","Helmstedt",2010
0.57763,"03154","Helmstedt",2011
0.61444,"03154","Helmstedt",2012
0.61421,"03154","Helmstedt",2013
0.6146,"03154","Helmstedt",2014
0.67297,"03154","Helmstedt",2015
0.57179,"03154","Helmstedt",2016
0.53931,"03154","Helmstedt",2017
0.56402,"03154","Helmstedt",2018
0.51745,"03154","Helmstedt",2019
0.5746,"03154","Helmstedt",2020
0.50438,"03154","Helmstedt",2021
0.64629,"03155","Northeim",1998
0.6552,"03155","Northeim",1999
0.62185,"03155","Northeim",2000
0.67367,"03155","Northeim",2001
0.56091,"03155","Northeim",2002
0.63086,"03155","Northeim",2003
0.57733,"03155","Northeim",2004
0.55796,"03155","Northeim",2005
0.55459,"03155","Northeim",2006
0.6567,"03155","Northeim",2007
0.64684,"03155","Northeim",2008
0.65063,"03155","Northeim",2009
0.67136,"03155","Northeim",2010
0.64178,"03155","Northeim",2011
0.70779,"03155","Northeim",2012
0.67666,"03155","Northeim",2013
0.68901,"03155","Northeim",2014
0.69431,"03155","Northeim",2015
0.63649,"03155","Northeim",2016
0.57757,"03155","Northeim",2017
0.59719,"03155","Northeim",2018
0.55601,"03155","Northeim",2019
0.60389,"03155","Northeim",2020
0.58443,"03155","Northeim",2021
0.50084,"03157","Peine",1998
0.50988,"03157","Peine",1999
0.48788,"03157","Peine",2000
0.50673,"03157","Peine",2001
0.37141,"03157","Peine",2002
0.47433,"03157","Peine",2003
0.40703,"03157","Peine",2004
0.39922,"03157","Peine",2005
0.40329,"03157","Peine",2006
0.5665,"03157","Peine",2007
0.5066,"03157","Peine",2008
0.53599,"03157","Peine",2009
0.5401,"03157","Peine",2010
0.50832,"03157","Peine",2011
0.60298,"03157","Peine",2012
0.61101,"03157","Peine",2013
0.59908,"03157","Peine",2014
0.64471,"03157","Peine",2015
0.60154,"03157","Peine",2016
0.54592,"03157","Peine",2017
0.58214,"03157","Peine",2018
0.49576,"03157","Peine",2019
0.53922,"03157","Peine",2020
0.51747,"03157","Peine",2021
0.60872,"03158","Wolfenbüttel",1998
0.47628,"03158","Wolfenbüttel",1999
0.43642,"03158","Wolfenbüttel",2000
0.44709,"03158","Wolfenbüttel",2001
0.34212,"03158","Wolfenbüttel",2002
0.36488,"03158","Wolfenbüttel",2003
0.395,"03158","Wolfenbüttel",2004
0.28723,"03158","Wolfenbüttel",2005
0.36095,"03158","Wolfenbüttel",2006
0.43679,"03158","Wolfenbüttel",2007
0.49911,"03158","Wolfenbüttel",2008
0.51304,"03158","Wolfenbüttel",2009
0.47083,"03158","Wolfenbüttel",2010
0.50469,"03158","Wolfenbüttel",2011
0.53027,"03158","Wolfenbüttel",2012
0.52147,"03158","Wolfenbüttel",2013
0.50988,"03158","Wolfenbüttel",2014
0.5629,"03158","Wolfenbüttel",2015
0.5059,"03158","Wolfenbüttel",2016
0.46379,"03158","Wolfenbüttel",2017
0.4907,"03158","Wolfenbüttel",2018
0.41189,"03158","Wolfenbüttel",2019
0.42904,"03158","Wolfenbüttel",2020
0.41591,"03158","Wolfenbüttel",2021
0.46846,"03159","Göttingen",1998
0.52277,"03159","Göttingen",1999
0.45848,"03159","Göttingen",2000
0.44488,"03159","Göttingen",2001
0.36467,"03159","Göttingen",2002
0.43177,"03159","Göttingen",2003
0.3649,"03159","Göttingen",2004
0.35817,"03159","Göttingen",2005
0.36233,"03159","Göttingen",2006
0.46759,"03159","Göttingen",2007
0.50766,"03159","Göttingen",2008
0.49358,"03159","Göttingen",2009
0.47913,"03159","Göttingen",2010
0.45207,"03159","Göttingen",2011
0.52362,"03159","Göttingen",2012
0.53916,"03159","Göttingen",2013
0.53092,"03159","Göttingen",2014
0.55022,"03159","Göttingen",2015
0.50158,"03159","Göttingen",2016
0.44547,"03159","Göttingen",2017
0.49405,"03159","Göttingen",2018
0.43714,"03159","Göttingen",2019
0.52121,"03159","Göttingen",2020
0.43008,"03159","Göttingen",2021
0.37228,"03241","Region Hannover",1998
0.40145,"03241","Region Hannover",1999
0.28244,"03241","Region Hannover",2000
0.36008,"03241","Region Hannover",2001
0.24002,"03241","Region Hannover",2002
0.29903,"03241","Region Hannover",2003
0.23565,"03241","Region Hannover",2004
0.25985,"03241","Region Hannover",2005
0.26237,"03241","Region Hannover",2006
0.40642,"03241","Region Hannover",2007
0.43243,"03241","Region Hannover",2008
0.42724,"03241","Region Hannover",2009
0.4349,"03241","Region Hannover",2010
0.40907,"03241","Region Hannover",2011
0.50187,"03241","Region Hannover",2012
0.5125,"03241","Region Hannover",2013
0.50812,"03241","Region Hannover",2014
0.51965,"03241","Region Hannover",2015
0.47863,"03241","Region Hannover",2016
0.42904,"03241","Region Hannover",2017
0.4555,"03241","Region Hannover",2018
0.39535,"03241","Region Hannover",2019
0.46542,"03241","Region Hannover",2020
0.43146,"03241","Region Hannover",2021
0.47004,"03251","Diepholz",1998
0.54136,"03251","Diepholz",1999
0.46616,"03251","Diepholz",2000
0.48584,"03251","Diepholz",2001
0.36632,"03251","Diepholz",2002
0.3868,"03251","Diepholz",2003
0.34366,"03251","Diepholz",2004
0.26643,"03251","Diepholz",2005
0.31412,"03251","Diepholz",2006
0.44953,"03251","Diepholz",2007
0.4689,"03251","Diepholz",2008
0.51396,"03251","Diepholz",2009
0.52805,"03251","Diepholz",2010
0.51918,"03251","Diepholz",2011
0.58718,"03251","Diepholz",2012
0.58258,"03251","Diepholz",2013
0.56312,"03251","Diepholz",2014
0.57445,"03251","Diepholz",2015
0.54342,"03251","Diepholz",2016
0.50332,"03251","Diepholz",2017
0.53041,"03251","Diepholz",2018
0.48965,"03251","Diepholz",2019
0.5591,"03251","Diepholz",2020
0.53654,"03251","Diepholz",2021
0.62062,"03252","Hameln-Pyrmont",1998
0.62629,"03252","Hameln-Pyrmont",1999
0.59102,"03252","Hameln-Pyrmont",2000
0.6336,"03252","Hameln-Pyrmont",2001
0.57949,"03252","Hameln-Pyrmont",2002
0.63213,"03252","Hameln-Pyrmont",2003
0.55104,"03252","Hameln-Pyrmont",2004
0.58789,"03252","Hameln-Pyrmont",2005
0.58844,"03252","Hameln-Pyrmont",2006
0.66276,"03252","Hameln-Pyrmont",2007
0.66448,"03252","Hameln-Pyrmont",2008
0.633,"03252","Hameln-Pyrmont",2009
0.66585,"03252","Hameln-Pyrmont",2010
0.66711,"03252","Hameln-Pyrmont",2011
0.69189,"03252","Hameln-Pyrmont",2012
0.71949,"03252","Hameln-Pyrmont",2013
0.69313,"03252","Hameln-Pyrmont",2014
0.68509,"03252","Hameln-Pyrmont",2015
0.62125,"03252","Hameln-Pyrmont",2016
0.58025,"03252","Hameln-Pyrmont",2017
0.63868,"03252","Hameln-Pyrmont",2018
0.62651,"03252","Hameln-Pyrmont",2019
0.70984,"03252","Hameln-Pyrmont",2020
0.62132,"03252","Hameln-Pyrmont",2021
0.48451,"03254","Hildesheim",1998
0.48201,"03254","Hildesheim",1999
0.47037,"03254","Hildesheim",2000
0.47484,"03254","Hildesheim",2001
0.29829,"03254","Hildesheim",2002
0.3661,"03254","Hildesheim",2003
0.33398,"03254","Hildesheim",2004
0.37848,"03254","Hildesheim",2005
0.40574,"03254","Hildesheim",2006
0.48591,"03254","Hildesheim",2007
0.51285,"03254","Hildesheim",2008
0.58977,"03254","Hildesheim",2009
0.57115,"03254","Hildesheim",2010
0.57474,"03254","Hildesheim",2011
0.65751,"03254","Hildesheim",2012
0.66727,"03254","Hildesheim",2013
0.66456,"03254","Hildesheim",2014
0.68296,"03254","Hildesheim",2015
0.60875,"03254","Hildesheim",2016
0.56251,"03254","Hildesheim",2017
0.57897,"03254","Hildesheim",2018
0.53362,"03254","Hildesheim",2019
0.59186,"03254","Hildesheim",2020
0.53384,"03254","Hildesheim",2021
0.73753,"03255","Holzminden",1998
0.75637,"03255","Holzminden",1999
0.72752,"03255","Holzminden",2000
0.79982,"03255","Holzminden",2001
0.68539,"03255","Holzminden",2002
0.72877,"03255","Holzminden",2003
0.69084,"03255","Holzminden",2004
0.6299,"03255","Holzminden",2005
0.67626,"03255","Holzminden",2006
0.74379,"03255","Holzminden",2007
0.77688,"03255","Holzminden",2008
0.78027,"03255","Holzminden",2009
0.68961,"03255","Holzminden",2010
0.74289,"03255","Holzminden",2011
0.82085,"03255","Holzminden",2012
0.82317,"03255","Holzminden",2013
0.81398,"03255","Holzminden",2014
0.84144,"03255","Holzminden",2015
0.73087,"03255","Holzminden",2016
0.67597,"03255","Holzminden",2017
0.78992,"03255","Holzminden",2018
0.74315,"03255","Holzminden",2019
0.83862,"03255","Holzminden",2020
0.68259,"03255","Holzminden",2021
0.76027,"03256","Nienburg (Weser)",1998
0.69145,"03256","Nienburg (Weser)",1999
0.72113,"03256","Nienburg (Weser)",2000
0.76778,"03256","Nienburg (Weser)",2001
0.63314,"03256","Nienburg (Weser)",2002
0.80629,"03256","Nienburg (Weser)",2003
0.71052,"03256","Nienburg (Weser)",2004
0.62357,"03256","Nienburg (Weser)",2005
0.64539,"03256","Nienburg (Weser)",2006
0.74603,"03256","Nienburg (Weser)",2007
0.72365,"03256","Nienburg (Weser)",2008
0.70198,"03256","Nienburg (Weser)",2009
0.68494,"03256","Nienburg (Weser)",2010
0.68156,"03256","Nienburg (Weser)",2011
0.7353,"03256","Nienburg (Weser)",2012
0.72635,"03256","Nienburg (Weser)",2013
0.80143,"03256","Nienburg (Weser)",2014
0.7719,"03256","Nienburg (Weser)",2015
0.72589,"03256","Nienburg (Weser)",2016
0.67639,"03256","Nienburg (Weser)",2017
0.76772,"03256","Nienburg (Weser)",2018
0.65312,"03256","Nienburg (Weser)",2019
0.74888,"03256","Nienburg (Weser)",2020
0.69116,"03256","Nienburg (Weser)",2021
0.62853,"03257","Schaumburg",1998
0.60388,"03257","Schaumburg",1999
0.5212,"03257","Schaumburg",2000
0.60817,"03257","Schaumburg",2001
0.48886,"03257","Schaumburg",2002
0.48669,"03257","Schaumburg",2003
0.55133,"03257","Schaumburg",2004
0.50448,"03257","Schaumburg",2005
0.44885,"03257","Schaumburg",2006
0.58551,"03257","Schaumburg",2007
0.66158,"03257","Schaumburg",2008
0.62164,"03257","Schaumburg",2009
0.61086,"03257","Schaumburg",2010
0.6348,"03257","Schaumburg",2011
0.70228,"03257","Schaumburg",2012
0.68457,"03257","Schaumburg",2013
0.65094,"03257","Schaumburg",2014
0.66763,"03257","Schaumburg",2015
0.63804,"03257","Schaumburg",2016
0.59332,"03257","Schaumburg",2017
0.62771,"03257","Schaumburg",2018
0.60617,"03257","Schaumburg",2019
0.6641,"03257","Schaumburg",2020
0.58683,"03257","Schaumburg",2021
0.6898,"03351","Celle",1998
0.67323,"03351","Celle",1999
0.6628,"03351","Celle",2000
0.70199,"03351","Celle",2001
0.60672,"03351","Celle",2002
0.62689,"03351","Celle",2003
0.68462,"03351","Celle",2004
0.62504,"03351","Celle",2005
0.6075,"03351","Celle",2006
0.65118,"03351","Celle",2007
0.62931,"03351","Celle",2008
0.65943,"03351","Celle",2009
0.69482,"03351","Celle",2010
0.67222,"03351","Celle",2011
0.72816,"03351","Celle",2012
0.71421,"03351","Celle",2013
0.69642,"03351","Celle",2014
0.712,"03351","Celle",2015
0.6781,"03351","Celle",2016
0.66163,"03351","Celle",2017
0.68082,"03351","Celle",2018
0.60174,"03351","Celle",2019
0.70295,"03351","Celle",2020
0.62527,"03351","Celle",2021
0.79296,"03352","Cuxhaven",1998
0.79482,"03352","Cuxhaven",1999
0.8209,"03352","Cuxhaven",2000
0.77398,"03352","Cuxhaven",2001
0.72326,"03352","Cuxhaven",2002
0.73401,"03352","Cuxhaven",2003
0.73553,"03352","Cuxhaven",2004
0.71439,"03352","Cuxhaven",2005
0.65646,"03352","Cuxhaven",2006
0.75798,"03352","Cuxhaven",2007
0.71894,"03352","Cuxhaven",2008
0.77552,"03352","Cuxhaven",2009
0.74535,"03352","Cuxhaven",2010
0.73751,"03352","Cuxhaven",2011
0.81451,"03352","Cuxhaven",2012
0.79364,"03352","Cuxhaven",2013
0.78298,"03352","Cuxhaven",2014
0.75281,"03352","Cuxhaven",2015
0.74908,"03352","Cuxhaven",2016
0.68288,"03352","Cuxhaven",2017
0.71105,"03352","Cuxhaven",2018
0.65408,"03352","Cuxhaven",2019
0.69283,"03352","Cuxhaven",2020
0.66895,"03352","Cuxhaven",2021
0.14288,"03353","Harburg",1998
0.20553,"03353","Harburg",1999
0.20608,"03353","Harburg",2000
0.18769,"03353","Harburg",2001
0,"03353","Harburg",2002
0,"03353","Harburg",2003
0.04414,"03353","Harburg",2004
0.00382,"03353","Harburg",2005
0.00444,"03353","Harburg",2006
0.21377,"03353","Harburg",2007
0.26503,"03353","Harburg",2008
0.28326,"03353","Harburg",2009
0.31024,"03353","Harburg",2010
0.28966,"03353","Harburg",2011
0.39743,"03353","Harburg",2012
0.39616,"03353","Harburg",2013
0.39558,"03353","Harburg",2014
0.40561,"03353","Harburg",2015
0.38029,"03353","Harburg",2016
0.34524,"03353","Harburg",2017
0.36142,"03353","Harburg",2018
0.33847,"03353","Harburg",2019
0.39016,"03353","Harburg",2020
0.35597,"03353","Harburg",2021
0.99503,"03354","Lüchow-Dannenberg",1998
0.89066,"03354","Lüchow-Dannenberg",1999
0.94631,"03354","Lüchow-Dannenberg",2000
1,"03354","Lüchow-Dannenberg",2001
0.91419,"03354","Lüchow-Dannenberg",2002
0.94972,"03354","Lüchow-Dannenberg",2003
0.9853,"03354","Lüchow-Dannenberg",2004
0.99684,"03354","Lüchow-Dannenberg",2005
0.99487,"03354","Lüchow-Dannenberg",2006
1,"03354","Lüchow-Dannenberg",2007
0.9448,"03354","Lüchow-Dannenberg",2008
0.96906,"03354","Lüchow-Dannenberg",2009
0.9595,"03354","Lüchow-Dannenberg",2010
0.90168,"03354","Lüchow-Dannenberg",2011
0.88195,"03354","Lüchow-Dannenberg",2012
0.871,"03354","Lüchow-Dannenberg",2013
0.87912,"03354","Lüchow-Dannenberg",2014
0.83802,"03354","Lüchow-Dannenberg",2015
0.77889,"03354","Lüchow-Dannenberg",2016
0.74105,"03354","Lüchow-Dannenberg",2017
0.74005,"03354","Lüchow-Dannenberg",2018
0.67919,"03354","Lüchow-Dannenberg",2019
0.75328,"03354","Lüchow-Dannenberg",2020
0.75493,"03354","Lüchow-Dannenberg",2021
0.49918,"03355","Lüneburg",1998
0.49076,"03355","Lüneburg",1999
0.45536,"03355","Lüneburg",2000
0.54937,"03355","Lüneburg",2001
0.38317,"03355","Lüneburg",2002
0.40492,"03355","Lüneburg",2003
0.3803,"03355","Lüneburg",2004
0.31315,"03355","Lüneburg",2005
0.33768,"03355","Lüneburg",2006
0.50251,"03355","Lüneburg",2007
0.54968,"03355","Lüneburg",2008
0.504,"03355","Lüneburg",2009
0.51135,"03355","Lüneburg",2010
0.4858,"03355","Lüneburg",2011
0.56653,"03355","Lüneburg",2012
0.57099,"03355","Lüneburg",2013
0.55006,"03355","Lüneburg",2014
0.57365,"03355","Lüneburg",2015
0.53,"03355","Lüneburg",2016
0.48873,"03355","Lüneburg",2017
0.51325,"03355","Lüneburg",2018
0.46724,"03355","Lüneburg",2019
0.54504,"03355","Lüneburg",2020
0.47799,"03355","Lüneburg",2021
0.49784,"03356","Osterholz",1998
0.48103,"03356","Osterholz",1999
0.44215,"03356","Osterholz",2000
0.44818,"03356","Osterholz",2001
0.2679,"03356","Osterholz",2002
0.29835,"03356","Osterholz",2003
0.28755,"03356","Osterholz",2004
0.23944,"03356","Osterholz",2005
0.32547,"03356","Osterholz",2006
0.47468,"03356","Osterholz",2007
0.51888,"03356","Osterholz",2008
0.53387,"03356","Osterholz",2009
0.52027,"03356","Osterholz",2010
0.50425,"03356","Osterholz",2011
0.56905,"03356","Osterholz",2012
0.60177,"03356","Osterholz",2013
0.59262,"03356","Osterholz",2014
0.56765,"03356","Osterholz",2015
0.50823,"03356","Osterholz",2016
0.45681,"03356","Osterholz",2017
0.47812,"03356","Osterholz",2018
0.43809,"03356","Osterholz",2019
0.47533,"03356","Osterholz",2020
0.44291,"03356","Osterholz",2021
0.60741,"03357","Rotenburg (Wümme)",1998
0.63063,"03357","Rotenburg (Wümme)",1999
0.65368,"03357","Rotenburg (Wümme)",2000
0.64665,"03357","Rotenburg (Wümme)",2001
0.55276,"03357","Rotenburg (Wümme)",2002
0.57884,"03357","Rotenburg (Wümme)",2003
0.58493,"03357","Rotenburg (Wümme)",2004
0.57632,"03357","Rotenburg (Wümme)",2005
0.51939,"03357","Rotenburg (Wümme)",2006
0.64022,"03357","Rotenburg (Wümme)",2007
0.69473,"03357","Rotenburg (Wümme)",2008
0.68471,"03357","Rotenburg (Wümme)",2009
0.61814,"03357","Rotenburg (Wümme)",2010
0.63757,"03357","Rotenburg (Wümme)",2011
0.67511,"03357","Rotenburg (Wümme)",2012
0.66448,"03357","Rotenburg (Wümme)",2013
0.66187,"03357","Rotenburg (Wümme)",2014
0.68367,"03357","Rotenburg (Wümme)",2015
0.64431,"03357","Rotenburg (Wümme)",2016
0.58361,"03357","Rotenburg (Wümme)",2017
0.61678,"03357","Rotenburg (Wümme)",2018
0.58574,"03357","Rotenburg (Wümme)",2019
0.63751,"03357","Rotenburg (Wümme)",2020
0.57884,"03357","Rotenburg (Wümme)",2021
0.64201,"03358","Heidekreis",1998
0.68276,"03358","Heidekreis",1999
0.68034,"03358","Heidekreis",2000
0.68611,"03358","Heidekreis",2001
0.55738,"03358","Heidekreis",2002
0.58363,"03358","Heidekreis",2003
0.59181,"03358","Heidekreis",2004
0.61561,"03358","Heidekreis",2005
0.60904,"03358","Heidekreis",2006
0.7283,"03358","Heidekreis",2007
0.69048,"03358","Heidekreis",2008
0.74416,"03358","Heidekreis",2009
0.76798,"03358","Heidekreis",2010
0.7203,"03358","Heidekreis",2011
0.78812,"03358","Heidekreis",2012
0.79409,"03358","Heidekreis",2013
0.7486,"03358","Heidekreis",2014
0.80388,"03358","Heidekreis",2015
0.76497,"03358","Heidekreis",2016
0.67963,"03358","Heidekreis",2017
0.7131,"03358","Heidekreis",2018
0.64212,"03358","Heidekreis",2019
0.72748,"03358","Heidekreis",2020
0.71778,"03358","Heidekreis",2021
0.37115,"03359","Stade",1998
0.42646,"03359","Stade",1999
0.39594,"03359","Stade",2000
0.36511,"03359","Stade",2001
0.24817,"03359","Stade",2002
0.20004,"03359","Stade",2003
0.24502,"03359","Stade",2004
0.25171,"03359","Stade",2005
0.23363,"03359","Stade",2006
0.42164,"03359","Stade",2007
0.40845,"03359","Stade",2008
0.45416,"03359","Stade",2009
0.43302,"03359","Stade",2010
0.44065,"03359","Stade",2011
0.55315,"03359","Stade",2012
0.57249,"03359","Stade",2013
0.54211,"03359","Stade",2014
0.56966,"03359","Stade",2015
0.57026,"03359","Stade",2016
0.48454,"03359","Stade",2017
0.56594,"03359","Stade",2018
0.49426,"03359","Stade",2019
0.5883,"03359","Stade",2020
0.55296,"03359","Stade",2021
0.69333,"03360","Uelzen",1998
0.6722,"03360","Uelzen",1999
0.82431,"03360","Uelzen",2000
0.71977,"03360","Uelzen",2001
0.58711,"03360","Uelzen",2002
0.69781,"03360","Uelzen",2003
0.72567,"03360","Uelzen",2004
0.72192,"03360","Uelzen",2005
0.68029,"03360","Uelzen",2006
0.70852,"03360","Uelzen",2007
0.73304,"03360","Uelzen",2008
0.71615,"03360","Uelzen",2009
0.68717,"03360","Uelzen",2010
0.7041,"03360","Uelzen",2011
0.76187,"03360","Uelzen",2012
0.74228,"03360","Uelzen",2013
0.75386,"03360","Uelzen",2014
0.73774,"03360","Uelzen",2015
0.71612,"03360","Uelzen",2016
0.66062,"03360","Uelzen",2017
0.6847,"03360","Uelzen",2018
0.66335,"03360","Uelzen",2019
0.69999,"03360","Uelzen",2020
0.64632,"03360","Uelzen",2021
0.41639,"03361","Verden",1998
0.45268,"03361","Verden",1999
0.30729,"03361","Verden",2000
0.3084,"03361","Verden",2001
0.15213,"03361","Verden",2002
0.24484,"03361","Verden",2003
0.20417,"03361","Verden",2004
0.24045,"03361","Verden",2005
0.17658,"03361","Verden",2006
0.41336,"03361","Verden",2007
0.37796,"03361","Verden",2008
0.41794,"03361","Verden",2009
0.42058,"03361","Verden",2010
0.4228,"03361","Verden",2011
0.51857,"03361","Verden",2012
0.53915,"03361","Verden",2013
0.51037,"03361","Verden",2014
0.56778,"03361","Verden",2015
0.51912,"03361","Verden",2016
0.46677,"03361","Verden",2017
0.483,"03361","Verden",2018
0.43883,"03361","Verden",2019
0.4881,"03361","Verden",2020
0.48116,"03361","Verden",2021
1,"03401","Delmenhorst, Stadt",1998
0.94936,"03401","Delmenhorst, Stadt",1999
0.98633,"03401","Delmenhorst, Stadt",2000
0.98671,"03401","Delmenhorst, Stadt",2001
0.87758,"03401","Delmenhorst, Stadt",2002
0.91293,"03401","Delmenhorst, Stadt",2003
0.88153,"03401","Delmenhorst, Stadt",2004
0.99471,"03401","Delmenhorst, Stadt",2005
0.95366,"03401","Delmenhorst, Stadt",2006
0.96438,"03401","Delmenhorst, Stadt",2007
0.96757,"03401","Delmenhorst, Stadt",2008
0.95358,"03401","Delmenhorst, Stadt",2009
0.9727,"03401","Delmenhorst, Stadt",2010
1,"03401","Delmenhorst, Stadt",2011
1,"03401","Delmenhorst, Stadt",2012
0.99883,"03401","Delmenhorst, Stadt",2013
1,"03401","Delmenhorst, Stadt",2014
1,"03401","Delmenhorst, Stadt",2015
1,"03401","Delmenhorst, Stadt",2016
1,"03401","Delmenhorst, Stadt",2017
1,"03401","Delmenhorst, Stadt",2018
1,"03401","Delmenhorst, Stadt",2019
1,"03401","Delmenhorst, Stadt",2020
1,"03401","Delmenhorst, Stadt",2021
0.62014,"03402","Emden, Stadt",1998
0.61272,"03402","Emden, Stadt",1999
0.65,"03402","Emden, Stadt",2000
0.59559,"03402","Emden, Stadt",2001
0.52142,"03402","Emden, Stadt",2002
0.59275,"03402","Emden, Stadt",2003
0.57893,"03402","Emden, Stadt",2004
0.63149,"03402","Emden, Stadt",2005
0.71086,"03402","Emden, Stadt",2006
0.61699,"03402","Emden, Stadt",2007
0.70192,"03402","Emden, Stadt",2008
0.66914,"03402","Emden, Stadt",2009
0.71695,"03402","Emden, Stadt",2010
0.65394,"03402","Emden, Stadt",2011
0.78023,"03402","Emden, Stadt",2012
0.79941,"03402","Emden, Stadt",2013
0.83199,"03402","Emden, Stadt",2014
0.8071,"03402","Emden, Stadt",2015
0.75417,"03402","Emden, Stadt",2016
0.71763,"03402","Emden, Stadt",2017
0.76595,"03402","Emden, Stadt",2018
0.68223,"03402","Emden, Stadt",2019
0.83431,"03402","Emden, Stadt",2020
0.75733,"03402","Emden, Stadt",2021
0.51163,"03403","Oldenburg (Oldenburg), Stadt",1998
0.51474,"03403","Oldenburg (Oldenburg), Stadt",1999
0.49361,"03403","Oldenburg (Oldenburg), Stadt",2000
0.48212,"03403","Oldenburg (Oldenburg), Stadt",2001
0.29123,"03403","Oldenburg (Oldenburg), Stadt",2002
0.34387,"03403","Oldenburg (Oldenburg), Stadt",2003
0.37199,"03403","Oldenburg (Oldenburg), Stadt",2004
0.36259,"03403","Oldenburg (Oldenburg), Stadt",2005
0.36239,"03403","Oldenburg (Oldenburg), Stadt",2006
0.49879,"03403","Oldenburg (Oldenburg), Stadt",2007
0.55167,"03403","Oldenburg (Oldenburg), Stadt",2008
0.5335,"03403","Oldenburg (Oldenburg), Stadt",2009
0.52891,"03403","Oldenburg (Oldenburg), Stadt",2010
0.48354,"03403","Oldenburg (Oldenburg), Stadt",2011
0.5321,"03403","Oldenburg (Oldenburg), Stadt",2012
0.5708,"03403","Oldenburg (Oldenburg), Stadt",2013
0.53676,"03403","Oldenburg (Oldenburg), Stadt",2014
0.57657,"03403","Oldenburg (Oldenburg), Stadt",2015
0.51682,"03403","Oldenburg (Oldenburg), Stadt",2016
0.46176,"03403","Oldenburg (Oldenburg), Stadt",2017
0.47667,"03403","Oldenburg (Oldenburg), Stadt",2018
0.40947,"03403","Oldenburg (Oldenburg), Stadt",2019
0.48944,"03403","Oldenburg (Oldenburg), Stadt",2020
0.43288,"03403","Oldenburg (Oldenburg), Stadt",2021
0.51064,"03404","Osnabrück, Stadt",1998
0.50667,"03404","Osnabrück, Stadt",1999
0.42804,"03404","Osnabrück, Stadt",2000
0.42694,"03404","Osnabrück, Stadt",2001
0.36504,"03404","Osnabrück, Stadt",2002
0.38222,"03404","Osnabrück, Stadt",2003
0.33087,"03404","Osnabrück, Stadt",2004
0.2884,"03404","Osnabrück, Stadt",2005
0.32925,"03404","Osnabrück, Stadt",2006
0.48383,"03404","Osnabrück, Stadt",2007
0.51684,"03404","Osnabrück, Stadt",2008
0.51185,"03404","Osnabrück, Stadt",2009
0.54455,"03404","Osnabrück, Stadt",2010
0.49165,"03404","Osnabrück, Stadt",2011
0.56608,"03404","Osnabrück, Stadt",2012
0.57623,"03404","Osnabrück, Stadt",2013
0.56973,"03404","Osnabrück, Stadt",2014
0.62936,"03404","Osnabrück, Stadt",2015
0.55416,"03404","Osnabrück, Stadt",2016
0.50393,"03404","Osnabrück, Stadt",2017
0.52214,"03404","Osnabrück, Stadt",2018
0.49973,"03404","Osnabrück, Stadt",2019
0.56116,"03404","Osnabrück, Stadt",2020
0.54048,"03404","Osnabrück, Stadt",2021
0.99162,"03405","Wilhelmshaven, Stadt",1998
1,"03405","Wilhelmshaven, Stadt",1999
0.93713,"03405","Wilhelmshaven, Stadt",2000
0.95384,"03405","Wilhelmshaven, Stadt",2001
0.74919,"03405","Wilhelmshaven, Stadt",2002
0.80997,"03405","Wilhelmshaven, Stadt",2003
0.8191,"03405","Wilhelmshaven, Stadt",2004
0.86298,"03405","Wilhelmshaven, Stadt",2005
0.96922,"03405","Wilhelmshaven, Stadt",2006
0.88476,"03405","Wilhelmshaven, Stadt",2007
0.93874,"03405","Wilhelmshaven, Stadt",2008
1,"03405","Wilhelmshaven, Stadt",2009
1,"03405","Wilhelmshaven, Stadt",2010
0.94605,"03405","Wilhelmshaven, Stadt",2011
0.98541,"03405","Wilhelmshaven, Stadt",2012
1,"03405","Wilhelmshaven, Stadt",2013
0.97969,"03405","Wilhelmshaven, Stadt",2014
0.95698,"03405","Wilhelmshaven, Stadt",2015
0.89587,"03405","Wilhelmshaven, Stadt",2016
0.84761,"03405","Wilhelmshaven, Stadt",2017
0.90051,"03405","Wilhelmshaven, Stadt",2018
0.88287,"03405","Wilhelmshaven, Stadt",2019
0.91498,"03405","Wilhelmshaven, Stadt",2020
0.8793,"03405","Wilhelmshaven, Stadt",2021
0.52175,"03451","Ammerland",1998
0.50605,"03451","Ammerland",1999
0.58238,"03451","Ammerland",2000
0.6027,"03451","Ammerland",2001
0.48371,"03451","Ammerland",2002
0.47615,"03451","Ammerland",2003
0.55694,"03451","Ammerland",2004
0.48879,"03451","Ammerland",2005
0.45466,"03451","Ammerland",2006
0.5507,"03451","Ammerland",2007
0.63362,"03451","Ammerland",2008
0.58558,"03451","Ammerland",2009
0.57335,"03451","Ammerland",2010
0.5285,"03451","Ammerland",2011
0.5665,"03451","Ammerland",2012
0.55735,"03451","Ammerland",2013
0.56423,"03451","Ammerland",2014
0.57348,"03451","Ammerland",2015
0.53387,"03451","Ammerland",2016
0.50039,"03451","Ammerland",2017
0.48354,"03451","Ammerland",2018
0.49016,"03451","Ammerland",2019
0.51401,"03451","Ammerland",2020
0.50022,"03451","Ammerland",2021
0.89448,"03452","Aurich",1998
0.86349,"03452","Aurich",1999
1,"03452","Aurich",2000
0.97968,"03452","Aurich",2001
1,"03452","Aurich",2002
0.97614,"03452","Aurich",2003
1,"03452","Aurich",2004
1,"03452","Aurich",2005
1,"03452","Aurich",2006
0.95241,"03452","Aurich",2007
1,"03452","Aurich",2008
0.95431,"03452","Aurich",2009
0.96058,"03452","Aurich",2010
0.91804,"03452","Aurich",2011
0.92586,"03452","Aurich",2012
0.92142,"03452","Aurich",2013
0.90181,"03452","Aurich",2014
0.85513,"03452","Aurich",2015
0.83621,"03452","Aurich",2016
0.75765,"03452","Aurich",2017
0.79293,"03452","Aurich",2018
0.73348,"03452","Aurich",2019
0.80477,"03452","Aurich",2020
0.77494,"03452","Aurich",2021
0.95842,"03453","Cloppenburg",1998
0.8865,"03453","Cloppenburg",1999
0.9919,"03453","Cloppenburg",2000
0.9336,"03453","Cloppenburg",2001
0.8964,"03453","Cloppenburg",2002
0.88633,"03453","Cloppenburg",2003
0.86497,"03453","Cloppenburg",2004
0.87615,"03453","Cloppenburg",2005
0.85271,"03453","Cloppenburg",2006
0.89807,"03453","Cloppenburg",2007
0.91596,"03453","Cloppenburg",2008
0.89501,"03453","Cloppenburg",2009
0.87814,"03453","Cloppenburg",2010
0.87626,"03453","Cloppenburg",2011
0.89003,"03453","Cloppenburg",2012
0.86431,"03453","Cloppenburg",2013
0.8463,"03453","Cloppenburg",2014
0.85607,"03453","Cloppenburg",2015
0.81961,"03453","Cloppenburg",2016
0.77138,"03453","Cloppenburg",2017
0.78879,"03453","Cloppenburg",2018
0.77715,"03453","Cloppenburg",2019
0.8219,"03453","Cloppenburg",2020
0.77394,"03453","Cloppenburg",2021
0.59832,"03454","Emsland",1998
0.59565,"03454","Emsland",1999
0.62849,"03454","Emsland",2000
0.62133,"03454","Emsland",2001
0.48169,"03454","Emsland",2002
0.51806,"03454","Emsland",2003
0.51945,"03454","Emsland",2004
0.45046,"03454","Emsland",2005
0.4356,"03454","Emsland",2006
0.58535,"03454","Emsland",2007
0.55179,"03454","Emsland",2008
0.586,"03454","Emsland",2009
0.57649,"03454","Emsland",2010
0.54214,"03454","Emsland",2011
0.61815,"03454","Emsland",2012
0.61756,"03454","Emsland",2013
0.62264,"03454","Emsland",2014
0.64087,"03454","Emsland",2015
0.62755,"03454","Emsland",2016
0.56841,"03454","Emsland",2017
0.57523,"03454","Emsland",2018
0.54131,"03454","Emsland",2019
0.59612,"03454","Emsland",2020
0.56738,"03454","Emsland",2021
0.71168,"03455","Friesland",1998
0.76951,"03455","Friesland",1999
0.72852,"03455","Friesland",2000
0.75425,"03455","Friesland",2001
0.64219,"03455","Friesland",2002
0.65585,"03455","Friesland",2003
0.65043,"03455","Friesland",2004
0.64563,"03455","Friesland",2005
0.58786,"03455","Friesland",2006
0.71318,"03455","Friesland",2007
0.66906,"03455","Friesland",2008
0.71056,"03455","Friesland",2009
0.67362,"03455","Friesland",2010
0.6592,"03455","Friesland",2011
0.72444,"03455","Friesland",2012
0.67872,"03455","Friesland",2013
0.67262,"03455","Friesland",2014
0.67097,"03455","Friesland",2015
0.62528,"03455","Friesland",2016
0.63503,"03455","Friesland",2017
0.66097,"03455","Friesland",2018
0.5791,"03455","Friesland",2019
0.57117,"03455","Friesland",2020
0.58559,"03455","Friesland",2021
0.65136,"03456","Grafschaft Bentheim",1998
0.71506,"03456","Grafschaft Bentheim",1999
0.71435,"03456","Grafschaft Bentheim",2000
0.77394,"03456","Grafschaft Bentheim",2001
0.61733,"03456","Grafschaft Bentheim",2002
0.65088,"03456","Grafschaft Bentheim",2003
0.71912,"03456","Grafschaft Bentheim",2004
0.65502,"03456","Grafschaft Bentheim",2005
0.65773,"03456","Grafschaft Bentheim",2006
0.66263,"03456","Grafschaft Bentheim",2007
0.67754,"03456","Grafschaft Bentheim",2008
0.75788,"03456","Grafschaft Bentheim",2009
0.79888,"03456","Grafschaft Bentheim",2010
0.70858,"03456","Grafschaft Bentheim",2011
0.7616,"03456","Grafschaft Bentheim",2012
0.76047,"03456","Grafschaft Bentheim",2013
0.73028,"03456","Grafschaft Bentheim",2014
0.77833,"03456","Grafschaft Bentheim",2015
0.70979,"03456","Grafschaft Bentheim",2016
0.63651,"03456","Grafschaft Bentheim",2017
0.65336,"03456","Grafschaft Bentheim",2018
0.60397,"03456","Grafschaft Bentheim",2019
0.68658,"03456","Grafschaft Bentheim",2020
0.63531,"03456","Grafschaft Bentheim",2021
0.87897,"03457","Leer",1998
0.90603,"03457","Leer",1999
0.94369,"03457","Leer",2000
0.9716,"03457","Leer",2001
0.90148,"03457","Leer",2002
0.89839,"03457","Leer",2003
0.95351,"03457","Leer",2004
0.89438,"03457","Leer",2005
0.9395,"03457","Leer",2006
0.91121,"03457","Leer",2007
0.97155,"03457","Leer",2008
0.91337,"03457","Leer",2009
0.92979,"03457","Leer",2010
0.92882,"03457","Leer",2011
0.94031,"03457","Leer",2012
0.91301,"03457","Leer",2013
0.88728,"03457","Leer",2014
0.90796,"03457","Leer",2015
0.86631,"03457","Leer",2016
0.80457,"03457","Leer",2017
0.78423,"03457","Leer",2018
0.72985,"03457","Leer",2019
0.79156,"03457","Leer",2020
0.77274,"03457","Leer",2021
0.48696,"03458","Oldenburg",1998
0.49816,"03458","Oldenburg",1999
0.50661,"03458","Oldenburg",2000
0.5365,"03458","Oldenburg",2001
0.29374,"03458","Oldenburg",2002
0.38065,"03458","Oldenburg",2003
0.4196,"03458","Oldenburg",2004
0.32719,"03458","Oldenburg",2005
0.37708,"03458","Oldenburg",2006
0.50043,"03458","Oldenburg",2007
0.53919,"03458","Oldenburg",2008
0.58887,"03458","Oldenburg",2009
0.59196,"03458","Oldenburg",2010
0.55155,"03458","Oldenburg",2011
0.62047,"03458","Oldenburg",2012
0.60874,"03458","Oldenburg",2013
0.59865,"03458","Oldenburg",2014
0.59222,"03458","Oldenburg",2015
0.56462,"03458","Oldenburg",2016
0.54395,"03458","Oldenburg",2017
0.5368,"03458","Oldenburg",2018
0.47331,"03458","Oldenburg",2019
0.53726,"03458","Oldenburg",2020
0.53238,"03458","Oldenburg",2021
0.52082,"03459","Osnabrück",1998
0.50138,"03459","Osnabrück",1999
0.48005,"03459","Osnabrück",2000
0.50736,"03459","Osnabrück",2001
0.4637,"03459","Osnabrück",2002
0.48633,"03459","Osnabrück",2003
0.41255,"03459","Osnabrück",2004
0.39824,"03459","Osnabrück",2005
0.43362,"03459","Osnabrück",2006
0.53563,"03459","Osnabrück",2007
0.5599,"03459","Osnabrück",2008
0.59297,"03459","Osnabrück",2009
0.60075,"03459","Osnabrück",2010
0.55555,"03459","Osnabrück",2011
0.63161,"03459","Osnabrück",2012
0.61586,"03459","Osnabrück",2013
0.62616,"03459","Osnabrück",2014
0.64862,"03459","Osnabrück",2015
0.58313,"03459","Osnabrück",2016
0.5468,"03459","Osnabrück",2017
0.56219,"03459","Osnabrück",2018
0.50288,"03459","Osnabrück",2019
0.56689,"03459","Osnabrück",2020
0.53663,"03459","Osnabrück",2021
0.57109,"03460","Vechta",1998
0.56834,"03460","Vechta",1999
0.60616,"03460","Vechta",2000
0.61925,"03460","Vechta",2001
0.52097,"03460","Vechta",2002
0.56525,"03460","Vechta",2003
0.49166,"03460","Vechta",2004
0.46597,"03460","Vechta",2005
0.45873,"03460","Vechta",2006
0.59819,"03460","Vechta",2007
0.61037,"03460","Vechta",2008
0.6382,"03460","Vechta",2009
0.65541,"03460","Vechta",2010
0.58202,"03460","Vechta",2011
0.69034,"03460","Vechta",2012
0.62925,"03460","Vechta",2013
0.65318,"03460","Vechta",2014
0.67868,"03460","Vechta",2015
0.64588,"03460","Vechta",2016
0.61795,"03460","Vechta",2017
0.63343,"03460","Vechta",2018
0.56758,"03460","Vechta",2019
0.63498,"03460","Vechta",2020
0.60877,"03460","Vechta",2021
0.59131,"03461","Wesermarsch",1998
0.55905,"03461","Wesermarsch",1999
0.56939,"03461","Wesermarsch",2000
0.54011,"03461","Wesermarsch",2001
0.40593,"03461","Wesermarsch",2002
0.46023,"03461","Wesermarsch",2003
0.45411,"03461","Wesermarsch",2004
0.43412,"03461","Wesermarsch",2005
0.42308,"03461","Wesermarsch",2006
0.53376,"03461","Wesermarsch",2007
0.5779,"03461","Wesermarsch",2008
0.58807,"03461","Wesermarsch",2009
0.57759,"03461","Wesermarsch",2010
0.59893,"03461","Wesermarsch",2011
0.65634,"03461","Wesermarsch",2012
0.68361,"03461","Wesermarsch",2013
0.68943,"03461","Wesermarsch",2014
0.70232,"03461","Wesermarsch",2015
0.6336,"03461","Wesermarsch",2016
0.58156,"03461","Wesermarsch",2017
0.6316,"03461","Wesermarsch",2018
0.54782,"03461","Wesermarsch",2019
0.63332,"03461","Wesermarsch",2020
0.62426,"03461","Wesermarsch",2021
0.83519,"03462","Wittmund",1998
0.82551,"03462","Wittmund",1999
0.88442,"03462","Wittmund",2000
0.94366,"03462","Wittmund",2001
0.96306,"03462","Wittmund",2002
1,"03462","Wittmund",2003
0.90243,"03462","Wittmund",2004
0.94877,"03462","Wittmund",2005
0.89007,"03462","Wittmund",2006
0.94469,"03462","Wittmund",2007
0.98773,"03462","Wittmund",2008
0.86111,"03462","Wittmund",2009
0.86863,"03462","Wittmund",2010
0.89691,"03462","Wittmund",2011
0.85409,"03462","Wittmund",2012
0.84382,"03462","Wittmund",2013
0.81808,"03462","Wittmund",2014
0.8586,"03462","Wittmund",2015
0.80299,"03462","Wittmund",2016
0.73585,"03462","Wittmund",2017
0.73847,"03462","Wittmund",2018
0.69181,"03462","Wittmund",2019
0.74826,"03462","Wittmund",2020
0.7262,"03462","Wittmund",2021
